symbol,n_quote,spread_bps,ask1_depth,rv20_bps,friction,depth,stratum,ok,tick,tick_share,median_price,rel_tick_bps,mean_spread_ticks,frac_one_tick,n_quotes,traded_value
000020,2213,32.84072249589491,229.0,8.210180623973162,H,deep,H-deep,True,10.0,0.9930539609644087,6090.0,16.420361247947454,2.025756891098057,0.25259828287392677,2213,282370000.0
000040,1225,53.763440860215056,346.0,13.440860215053752,H,deep,H-deep,True,1.0,0.8221253632212536,371.5,26.917900403768506,1.989387755102041,0.4122448979591837,1225,29639000.0
000050,2198,32.6619488296135,95.0,10.905125408942062,H,shallow,H-shallow,True,10.0,0.8685364727608494,9170.0,10.905125408942203,3.289353958143767,0.19062784349408554,2198,416710000.0
000070,2594,28.368794326241137,60.0,7.153075822603494,M,shallow,M-shallow,True,100.0,0.912229862475442,70100.0,14.265335235378032,1.697764070932922,0.4502698535080956,2594,748792000.0
000080,9183,5.997001499250374,309.0,0.0,L,deep,L-deep,True,10.0,0.8645551444192854,16705.0,5.986231667165519,1.3375803114450615,0.8217358161820756,9183,1732335000.0
000087,362,14.245014245014247,40.0,3.5625222657637012,L,shallow,L-shallow,True,10.0,0.9748953974895398,14035.0,7.125044531528322,2.234806629834254,0.3011049723756906,362,13094000.0
000100,23262,10.26167265264238,350.0,0.0,L,deep,L-deep,True,100.0,0.9936616497135763,97450.0,10.26167265264238,1.0578626085461267,0.9466941793482934,23262,18047397000.0
000105,717,57.37234652897304,5.0,11.435105774728616,H,shallow,H-shallow,True,100.0,0.770935960591133,87500.0,11.428571428571429,5.292887029288703,0.06694560669456066,717,118751000.0
000120,16023,9.062075215224286,19.0,8.948545861298118,L,shallow,L-shallow,True,100.0,0.9232973330394534,110850.0,9.021199819576003,1.5749859576858267,0.6315296760906197,16023,10006388000.0
000140,1152,21.90580503833516,19.0,10.98297638659984,M,shallow,M-shallow,True,10.0,0.809108954565505,9090.0,11.001100110011,1.8133680555555556,0.4973958333333333,1152,128190000.0
000150,28346,9.289363678588018,31.0,4.599816007360147,L,shallow,L-shallow,True,1000.0,0.9373195894658066,1084500.0,9.220839096357768,1.3933749603132606,0.7887959925212544,28347,85921817000.0
000155,6097,20.36659877800407,15.0,9.990009990009652,M,shallow,M-shallow,True,500.0,0.5166611542913842,497500.0,10.050251256281408,2.8999507954731834,0.2232245366573725,6097,7418593000.0
000157,2590,55.83472920156337,4.0,16.82557487380887,H,shallow,H-shallow,True,500.0,0.7135832521908472,448250.0,11.154489682097045,6.976071015052104,0.04978772674642995,2591,1475149000.0
000180,1499,19.75633849193283,309.0,6.574621959236637,M,deep,M-deep,True,1.0,0.6966576637407157,1523.0,6.5659881812212735,4.132088058705804,0.10140093395597065,1499,181975000.0
000210,9668,11.154489682097045,66.0,10.8108108108107,L,shallow,L-shallow,True,50.0,0.8166492829204693,45600.0,10.964912280701753,1.8998758791890773,0.5279271824575921,9668,3451211000.0
000215,635,40.899795501022496,30.0,20.51282051282022,H,shallow,H-shallow,True,50.0,0.8090836012861736,24575.0,20.34587995930824,2.541732283464567,0.2110236220472441,635,100495000.0
000220,1378,34.42340791738382,96.0,11.607661056297069,H,shallow,H-shallow,True,5.0,0.8026951672862453,4322.5,11.56737998843262,3.8438634713144517,0.3042846768336964,1377,178067000.0
000225,581,45.19774011299435,61.0,11.22964626614209,H,shallow,H-shallow,True,5.0,0.8892348754448398,4450.0,11.235955056179776,4.485370051635112,0.07056798623063683,581,76434000.0
000230,1654,38.095238095238095,24.0,18.71782873186678,H,shallow,H-shallow,True,10.0,0.6301684532924962,10590.0,9.442870632672333,5.654776299879081,0.14207980652962515,1654,239030000.0
000240,6022,20.100502512562816,579.0,0.0,M,deep,M-deep,True,50.0,0.9625652686542024,24925.0,20.060180541624874,1.223513782796413,0.8101959481899701,6022,2037241000.0
000250,39799,13.689253935660506,83.0,0.0,L,shallow,L-shallow,True,1000.0,0.9886431389463268,731500.0,13.67053998632946,1.0945979899497487,0.9117587939698493,39800,121869387000.0
000270,51548,6.1443932411674345,1283.0,0.0,L,deep,L-deep,True,100.0,0.9798646571811016,162750.0,6.1443932411674345,1.2160468680284777,0.9437428466119614,51549,172014463000.0
000320,1992,22.099447513812155,32.0,11.037527593819041,M,shallow,M-shallow,True,50.0,0.8909241766658157,22675.0,22.05071664829107,1.4964859437751004,0.5823293172690763,1992,245311000.0
000370,9117,14.760147601476014,286.0,7.342143906020615,L,deep,L-deep,True,10.0,0.9520113503588716,6800.0,14.705882352941176,1.443786333223648,0.6404519030382801,9117,1939279000.0
000390,15140,10.87547580206634,291.5,5.428881650380024,L,deep,L-deep,True,10.0,0.9400186972054355,9235.0,10.828370330265296,1.6022059309160557,0.6156132355854963,15141,6403597000.0
000400,8986,24.600246002460025,321.0,12.25490196078427,M,deep,M-deep,True,5.0,0.971486790331647,2040.0,24.509803921568626,1.497829716193656,0.6060100166944908,8985,1015551000.0
000430,2253,12.714558169103624,56.0,6.381620931716903,L,shallow,L-shallow,True,5.0,0.8330729747824146,3947.5,12.66624445851805,1.470039946737683,0.6875277407900577,2253,393256000.0
000440,42695,16.038492381716118,164.0,8.051529790660261,L,deep,L-deep,True,50.0,0.9508924847777129,31950.0,15.64945226917058,1.5573486356716244,0.6010071436936409,42695,49732211000.0
000480,865,20.36659877800407,200.0,5.094243504839557,M,deep,M-deep,True,5.0,0.8763266509433962,4907.5,10.188487009679063,2.345664739884393,0.223121387283237,865,54007000.0
000490,6090,10.055304172951232,222.5,5.022601707684871,L,deep,L-deep,True,10.0,0.8722812551884443,9965.0,10.035122930255895,1.687848932676519,0.599671592775041,6090,1945377000.0
000500,5351,10.621348911311737,47.0,5.288207297725611,L,shallow,L-shallow,True,100.0,0.8051060003785728,95050.0,10.520778537611783,1.7462156606241823,0.5911044664548682,5351,3477896000.0
000520,6013,10.357327809425167,180.0,5.125576627370565,L,deep,L-deep,True,10.0,0.8856572868542629,9815.0,10.188487009679063,1.9175120572093798,0.5253617162813903,6013,1710169000.0
000540,4196,43.149946062567416,107.0,16.357688113413094,H,deep,H-deep,True,5.0,0.6884920634920635,4605.0,10.857763300760045,4.13584366062917,0.17397521448999045,4196,1196408000.0
000545,314,58.22416302765648,17.0,7.283321194464509,H,shallow,H-shallow,True,10.0,0.6080298013245033,6865.0,14.566642388929353,3.7070063694267517,0.16878980891719744,314,22672000.0
000590,496,36.74219228413962,3.0,18.564356435643028,H,shallow,H-shallow,True,100.0,0.7378865979381444,80950.0,12.353304508956146,2.9495967741935485,0.19556451612903225,496,26567000.0
000640,6119,9.818360333824252,14.0,4.904364884746881,L,shallow,L-shallow,True,100.0,0.8229132435096944,102150.0,9.789525208027412,1.7703873181892467,0.5299885602222585,6119,1111136000.0
000650,1417,44.150110375275936,7.0,11.049723756906271,H,shallow,H-shallow,True,500.0,0.8352130325814536,226750.0,22.05071664829107,2.1538461538461537,0.323923782639379,1417,440560000.0
000660,167072,10.598834128245894,2596.0,0.0,L,deep,L-deep,True,1000.0,0.9988380358286328,943500.0,10.598834128245894,1.006482235203984,0.9936015610036392,167072,2147483337000.0
000670,5380,19.550342130987293,71.0,9.64320154291265,M,shallow,M-shallow,True,100.0,0.9293468045112782,51300.0,19.49317738791423,1.2743494423791821,0.7609665427509293,5380,1623070000.0
000680,2255,15.710919088766694,99.0,15.58846453624363,L,shallow,L-shallow,True,5.0,0.7889450056116722,3202.5,15.6128024980484,1.7827050997782705,0.5760532150776053,2255,373715000.0
000700,2892,15.515903801396432,189.0,15.378702773014563,L,deep,L-deep,True,10.0,0.9604025091479352,6475.0,15.444015444015443,1.7178423236514522,0.5200553250345782,2892,393073000.0
000720,74044,6.2441461130190445,204.0,0.0,L,deep,L-deep,True,100.0,0.980280614158942,160650.0,6.224712107065049,1.180149640754146,0.8764113229971369,74044,170037931000.0
000725,3530,28.011204481792717,15.0,13.956734124215275,M,shallow,M-shallow,True,100.0,0.800947187141217,72100.0,13.869625520110958,2.511331444759207,0.3314447592067989,3530,1368696000.0
000760,361,33.41129301703976,5.0,26.31578947368429,H,shallow,H-shallow,True,10.0,0.6088825214899714,15015.0,6.66000666000666,6.7229916897506925,0.12188365650969529,361,28735000.0
000810,20149,10.758472296933835,136.0,0.0,L,shallow,L-shallow,True,500.0,0.9850188679245283,465250.0,10.746910263299302,1.2178271874534716,0.8496699588068887,20149,45300243000.0
000815,5870,13.029315960912053,61.0,0.0,L,shallow,L-shallow,True,500.0,0.882641217436162,385250.0,12.978585334198572,1.4105621805792163,0.7008517887563884,5870,5856834000.0
000850,848,27.397260273972602,30.0,13.642564802183177,M,shallow,M-shallow,True,50.0,0.7300420168067226,36525.0,13.689253935660506,2.6851415094339623,0.2240566037735849,848,186842000.0
000860,2581,19.665683382497544,89.0,9.881422924902239,M,shallow,M-shallow,True,10.0,0.5426114151681001,15255.0,6.555227794165847,3.6811313444401397,0.2103835722588144,2581,530507000.0
000880,24124,8.016032064128256,111.0,3.971405877680745,L,shallow,L-shallow,True,100.0,0.9479493946629802,125050.0,7.996801279488205,1.406068645332449,0.7415022384347538,24124,28140034000.0
000890,2105,22.90950744558992,1700.0,11.415525114155667,M,deep,M-deep,True,1.0,0.9808577659316695,438.0,22.831050228310502,1.5344418052256532,0.5800475059382423,2105,196666000.0
000910,3961,22.598870056497177,180.0,11.267605633802358,M,deep,M-deep,True,5.0,0.9246876593574707,4420.0,11.312217194570136,2.383236556425145,0.3754102499368846,3961,914699000.0
000950,534,83.33333333333333,4.0,27.748902748902516,H,shallow,H-shallow,True,50.0,0.6514150943396226,36075.0,13.86001386001386,8.142322097378278,0.07303370786516854,534,19799000.0
000970,1048,29.895366218236173,201.0,7.451564828614421,M,deep,M-deep,True,10.0,0.9340832123850992,6725.0,14.869888475836431,2.5314885496183206,0.2013358778625954,1048,106483000.0
000990,28724,11.799410029498524,180.0,5.633802816902289,L,deep,L-deep,True,100.0,0.9465130541440336,85750.0,11.661807580174926,1.3093820713664055,0.7738207136640557,28725,30494930000.0
001000,1716,25.157232704402514,182.0,10.055304172951196,M,deep,M-deep,True,1.0,0.6061119293078056,1988.5,5.028916268544129,6.905594405594406,0.09324009324009325,1716,89381000.0
001020,1171,27.77777777777778,152.0,20.632737276479183,M,deep,M-deep,True,1.0,0.820356676816007,723.5,13.8217000691085,2.6379163108454313,0.32621690862510677,1171,79406000.0
001040,45800,10.090817356205854,34.0,5.137426149499635,L,shallow,L-shallow,True,100.0,0.7802721876517057,194750.0,5.134788189987163,2.578646288209607,0.482707423580786,45800,76439276000.0
001045,3241,22.471910112359552,5.0,22.19755826859071,M,shallow,M-shallow,True,100.0,0.6364304502552994,90000.0,11.11111111111111,3.3168775069423018,0.10027769207034866,3241,946655000.0
001060,7083,15.936254980079681,30.0,7.94281175536149,L,shallow,L-shallow,True,50.0,0.9274958966673803,31700.0,15.772870662460567,1.696315120711563,0.5024707045037413,7083,1823311000.0
001070,727,29.36857562408223,42.0,14.792899408283544,M,shallow,M-shallow,True,10.0,0.8150804758572429,6775.0,14.760147601476014,2.0357634112792296,0.4718019257221458,727,81302000.0
001080,1451,30.1659125188537,100.0,20.50230650948226,M,shallow,M-shallow,True,5.0,0.5277971418612757,4917.5,10.167768174885612,3.811853893866299,0.32046864231564437,1451,283645000.0
001120,24654,10.970927043335163,75.0,5.485463521667233,L,shallow,L-shallow,True,50.0,0.9328405318997292,45800.0,10.91703056768559,1.5648170682242233,0.6209134420378032,24654,14089231000.0
001130,2622,19.87413050679033,4.0,10.1626016260159,M,shallow,M-shallow,True,100.0,0.557932092844811,149250.0,6.700167504187605,3.0289744567289363,0.26229508196721313,2623,628027000.0
001200,8045,20.512820512820515,403.0,10.198878123406363,M,deep,M-deep,True,5.0,0.8942434520444695,4852.5,10.303967027305513,2.124922311995028,0.4139216904909882,8045,3664918000.0
001210,4707,24.242424242424242,489.0,12.476606363068798,M,deep,M-deep,True,1.0,0.7921156513389523,801.5,12.476606363069244,2.2356065434459316,0.4707881878053962,4707,622416000.0
001230,5740,20.597322348094746,203.0,10.277492291880241,M,deep,M-deep,True,10.0,0.770928596552937,9970.0,10.030090270812437,2.6775261324041812,0.2513937282229965,5740,2395431000.0
001250,8616,19.90049751243781,852.0,9.842519685039353,M,deep,M-deep,True,5.0,0.9784669397308368,2540.0,19.68503937007874,1.497678737233055,0.6122330547818013,8616,3256153000.0
001260,1686,33.35186214563646,25.0,16.88713896789318,H,shallow,H-shallow,True,10.0,0.8123314354210368,8960.0,11.160714285714285,3.7295373665480427,0.23962040332147094,1686,363911000.0
001270,4960,12.861736334405146,32.0,12.50000488281444,L,shallow,L-shallow,True,100.0,0.855357325426848,78050.0,12.812299807815503,1.5050403225806452,0.6368951612903225,4960,2291720000.0
001275,669,26.881720430107528,83.0,6.724949562878502,M,shallow,M-shallow,True,50.0,0.6535874439461884,37200.0,13.440860215053764,3.12406576980568,0.4813153961136024,669,260859000.0
001290,5706,24.360535931790498,676.0,8.46381718154987,M,deep,M-deep,True,1.0,0.8116865869853918,1190.5,8.399832003359933,3.3623620115647452,0.3395829682845628,5707,1525788000.0
001340,4827,29.717682020802375,300.0,7.451564828613311,M,deep,M-deep,True,10.0,0.8890951882845188,6725.0,14.869888475836431,2.128624689312345,0.32145816072908034,4828,1947696000.0
001360,4756,16.497113005224087,317.5,8.184440742907695,L,deep,L-deep,True,1.0,0.6699438202247191,1819.0,5.497526113249038,3.9594196804037005,0.27018502943650125,4756,701109000.0
001380,2409,7.135212272565108,405.0,10.733452593918447,L,deep,L-deep,True,1.0,0.7759453781512605,1410.5,7.089684509039348,1.875882108758821,0.6587795765877957,2409,208553000.0
001390,7902,19.21229586935639,646.0,9.50570342205248,M,deep,M-deep,True,10.0,0.9712407823020198,5265.0,18.99335232668566,1.5156922298152367,0.6133890154391294,7902,3242872000.0
001420,573,37.59398496240601,29.0,28.142589118198558,H,shallow,H-shallow,True,5.0,0.7562040441176471,2677.5,18.674136321195146,3.1797556719022686,0.37521815008726006,573,15285000.0
001430,20114,14.803849000740191,122.0,0.0,L,shallow,L-shallow,True,100.0,0.9750265607609025,67550.0,14.803849000740191,1.1909615193397634,0.845083026747539,20114,11677636000.0
001440,74375,17.25625539257981,2696.0,0.0,L,deep,L-deep,True,50.0,0.9999847512419267,28975.0,17.25625539257981,1.0104471992900745,0.9895796918277893,74374,63908867000.0
001450,12602,17.02127659574468,612.0,0.0,L,deep,L-deep,True,50.0,0.9920852297901478,29425.0,16.99235344095157,1.1639422313918426,0.8439136644976988,12602,7333812000.0
001460,1593,33.87916431394692,2.0,11.402508551880963,H,shallow,H-shallow,True,50.0,0.5898474737845567,44200.0,11.312217194570136,3.940991839296924,0.07658505963590709,1593,179374000.0
001465,204,150.65913370998115,39.0,18.885741265344258,H,shallow,H-shallow,True,50.0,0.5508684863523573,26500.0,18.867924528301888,7.0588235294117645,0.04411764705882353,204,15961000.0
001500,6156,18.1653042688465,163.0,9.149130832570851,L,deep,L-deep,True,10.0,0.927201646090535,10885.0,9.186954524575103,2.038011695906433,0.4910656270305393,6156,2302380000.0
001510,67847,5.825808330905913,6107.0,0.0,L,deep,L-deep,True,1.0,0.9698258871129688,1719.5,5.815644082582145,1.2202782772750052,0.8682309937210742,67846,36782873000.0
001515,1098,34.07155025553663,1352.5,8.517887563883608,H,deep,H-deep,True,5.0,0.43306010928961747,2897.5,17.25625539257981,4.995446265938069,0.47176684881602915,1098,136946000.0
001520,6061,12.307692307692308,662.0,6.157635467980427,L,deep,L-deep,True,1.0,0.9498871520521608,814.5,12.277470841006751,1.5061870978386405,0.6566573172743772,6061,1080532000.0
001530,4049,43.38394793926248,89.0,11.013215859030367,H,shallow,H-shallow,True,50.0,0.8646273291925466,22800.0,21.929824561403507,1.706347246233638,0.4862929118300815,4049,752840000.0
001540,1440,37.290242386575514,254.0,12.430080795524656,H,deep,H-deep,True,10.0,0.9034150612959719,7965.0,12.554927809165099,2.636111111111111,0.2652777777777778,1440,159785000.0
001550,41885,11.013215859030838,105.0,5.792064871126268,L,shallow,L-shallow,True,10.0,0.8149383046557472,18330.0,5.455537370430987,2.8315108394613695,0.3719558781396237,41884,46391167000.0
001560,2377,25.43450614667232,30.0,8.517887563883608,M,shallow,M-shallow,True,10.0,0.5910389335590351,11455.0,8.729812309035356,2.9802271771140094,0.2595708876735381,2377,153189000.0
001620,5566,32.31017770597739,811.0,8.163265306122547,M,deep,M-deep,True,1.0,0.9586160108548168,614.0,16.286644951140065,1.6823571685231764,0.437297879985627,5566,392733000.0
001630,2541,20.470829068577277,51.0,10.240655401945187,M,shallow,M-shallow,True,50.0,0.7323412698412698,48750.0,10.256410256410257,2.3236220472440943,0.4448818897637795,2540,298451000.0
001680,7799,24.783147459727385,579.0,0.0,M,deep,M-deep,True,50.0,0.8636674928254631,20175.0,24.783147459727385,1.1091165534042826,0.8953712014360815,7799,3603839000.0
001685,974,35.650623885918,20.0,5.979073243647104,H,shallow,H-shallow,True,10.0,0.7994276795005203,16755.0,5.96836765144733,6.1098562628336754,0.043121149897330596,974,130751000.0
001720,8672,24.600246002460025,39.0,5.008765339343801,M,shallow,M-shallow,True,100.0,0.510383293528281,199950.0,5.001250312578145,4.223247232472325,0.28182656826568264,8672,5493979000.0
001740,7121,19.029495718363464,727.0,0.0,M,deep,M-deep,True,10.0,0.9945293072824156,5265.0,18.99335232668566,1.2651313017834573,0.7512989748630811,7121,2341203000.0
001750,3474,38.02281368821293,46.0,18.76172607879978,H,shallow,H-shallow,True,50.0,0.8651579100567603,25875.0,19.32367149758454,1.8459988485895222,0.43379389752446745,3474,790845000.0
001755,422,19.704433497536943,30.0,19.84126984126977,M,shallow,M-shallow,True,50.0,0.7773058252427184,25550.0,19.569471624266143,2.0969267139479904,0.5319148936170213,423,56026000.0
001780,12014,23.06805074971165,1651.0,11.36363636363602,M,deep,M-deep,True,5.0,0.9887940794163277,2177.5,22.962112514351322,1.3427667720992176,0.6975195605127351,12014,5016716000.0
001790,4987,18.39926402943882,612.0,9.115770282588365,M,deep,M-deep,True,5.0,0.9841756127202754,2722.5,18.365472910927455,1.391217164628033,0.6625225586524965,4987,495156000.0
001795,509,41.84100418410041,288.0,10.471204188481353,H,deep,H-deep,True,5.0,0.974601593625498,2385.0,20.964360587002098,1.7701375245579567,0.4302554027504912,509,31876000.0
001800,8551,20.554984583761563,258.0,0.0,M,deep,M-deep,True,50.0,0.9756533822138127,24375.0,20.512820512820515,1.2982107355864811,0.7402642965735001,8551,2610824000.0
001810,487,22.132054592401328,209.0,3.688675765400884,M,deep,M-deep,True,1.0,0.8826315789473684,1356.0,7.374631268436578,3.917864476386037,0.2464065708418891,487,34571000.0
001820,11885,19.704433497536943,131.0,9.765625,M,shallow,M-shallow,True,100.0,0.9096323371317996,51050.0,19.58863858961802,1.2854678559407606,0.7401548300235611,11884,8460517000.0
001940,1648,20.597322348094746,29.0,10.172939979654627,M,shallow,M-shallow,True,50.0,0.8532791909285933,24325.0,20.554984583761563,1.4035194174757282,0.6620145631067961,1648,206683000.0
002020,5653,36.42987249544627,27.0,9.199632014719183,H,shallow,H-shallow,True,100.0,0.9006024096385542,55050.0,18.1653042688465,2.1613302671148062,0.32071466477976296,5653,2954294000.0
002025,636,57.85920925747349,12.0,28.530676921852404,H,shallow,H-shallow,True,50.0,0.7144597887896019,26275.0,19.029495718363464,3.5628930817610063,0.14622641509433962,636,577091000.0
002030,1376,17.62114537444934,13.0,8.733624454149158,L,shallow,L-shallow,True,500.0,0.9378765060240963,286750.0,17.436791630340018,1.7536337209302326,0.5007267441860465,1376,544111000.0
002070,16843,28.61230329041488,1776.0,26.315789473683182,M,deep,M-deep,True,1.0,0.9327575523443058,367.0,27.247956403269754,1.6680520097369826,0.5387995012764947,16843,4177570000.0
002100,8424,10.282776349614394,136.0,10.035122930256435,L,shallow,L-shallow,True,10.0,0.896539885359446,9835.0,10.167768174885612,1.5617283950617284,0.5754985754985755,8424,2793872000.0
002140,9774,17.905102954341988,619.0,8.833922261484162,L,deep,L-deep,True,5.0,0.940920140684804,2847.5,17.559262510974538,1.550644567219153,0.5995498260691631,9774,3957319000.0
002150,2250,31.446540880503147,129.0,7.971304574366234,M,shallow,M-shallow,True,10.0,0.8453289916909948,6330.0,15.797788309636651,1.7974233673922702,0.43180808529542425,2251,261221000.0
002170,1152,34.18803418803419,12.0,8.568980291345785,H,shallow,H-shallow,True,100.0,0.8965555068012286,58450.0,17.10863986313088,2.1449652777777777,0.2951388888888889,1152,199574000.0
002200,3038,32.520325203252035,100.0,16.116035455278066,M,shallow,M-shallow,True,5.0,0.8121066578337198,3062.5,16.3265306122449,1.9730085582620145,0.41902567478604347,3038,733886000.0
002220,1995,24.87562189054726,91.0,24.829298572315306,M,shallow,M-shallow,True,5.0,0.8131172448721196,4020.0,12.43781094527363,2.6927318295739346,0.38095238095238093,1995,587565000.0
002230,8933,19.10219675262655,146.0,9.633911368015502,M,deep,M-deep,True,10.0,0.8295313732116706,10285.0,9.722897423432183,1.9217508115974478,0.46837568565991267,8933,2094351000.0
002240,3197,24.1254523522316,21.0,11.976047904191933,M,shallow,M-shallow,True,50.0,0.8134310618066561,20975.0,23.837902264600714,1.8108192620387742,0.5043777360850532,3198,491768000.0
002290,999,25.67394094993581,76.0,12.795905310301059,M,shallow,M-shallow,True,5.0,0.8344320486815415,3910.0,12.787723785166241,2.7037037037037037,0.24524524524524524,999,134320000.0
002310,8907,11.191941801902631,85.0,5.564830272677401,L,shallow,L-shallow,True,10.0,0.9214784534150912,8985.0,11.129660545353367,1.938812170203211,0.5522622656337712,8907,3012660000.0
002320,3262,10.309278350515465,3.5,5.188067444876765,L,shallow,L-shallow,True,10.0,0.5438001233806292,19385.0,5.158627805003869,3.1431637032495403,0.42857142857142855,3262,292811000.0
002350,7241,14.114326040931546,304.0,6.906077348066697,L,deep,L-deep,True,10.0,0.9042975551995542,7175.0,13.937282229965156,1.3517955801104973,0.6937845303867404,7240,1031396000.0
002355,424,36.56307129798903,25.0,12.228677388722575,H,shallow,H-shallow,True,5.0,0.8382352941176471,4100.0,12.195121951219512,3.3160377358490565,0.16037735849056603,424,50652000.0
002360,7316,25.220680958385877,4952.0,12.180267965895553,M,deep,M-deep,True,1.0,0.9861551177848188,400.5,24.968789013732835,1.213641334062329,0.815882996172772,7316,1098805000.0
002380,11188,19.743336623889437,16.0,9.842519685039353,M,shallow,M-shallow,True,1000.0,0.9862622477084932,508500.0,19.665683382497544,1.3904183053271362,0.6648194494100822,11188,11452128000.0
002390,1383,9.492168960607499,21.0,9.456264775413725,L,shallow,L-shallow,True,10.0,0.8367178924259056,10595.0,9.438414346389807,1.9898770788141722,0.5343456254519161,1383,147141000.0
002420,1681,35.273368606701936,20.0,17.590149516271136,H,shallow,H-shallow,True,10.0,0.8507383966244726,5700.0,17.54385964912281,2.390606420927467,0.30499405469678953,1682,185968000.0
002450,3021,16.680567139282736,1663.0,8.329862557268086,L,deep,L-deep,True,1.0,0.7684092420212766,1200.0,8.333333333333334,2.296259516716319,0.3555114200595829,3021,462726000.0
002460,1735,24.203307785397335,74.0,11.999999999999789,M,shallow,M-shallow,True,10.0,0.5884749708963911,12515.0,7.990411506192569,3.551585014409222,0.17348703170028817,1735,267499000.0
002600,236,40.18754186202277,1.0,10.040160642570406,H,shallow,H-shallow,True,100.0,0.6943254817987152,149325.0,6.6968022769127735,8.44915254237288,0.00423728813559322,236,18814000.0
002620,1446,21.786492374727672,104.0,16.38449423723931,M,shallow,M-shallow,True,10.0,0.6812916812916813,9170.0,10.905125408942203,2.4522821576763487,0.37344398340248963,1446,272306000.0
002630,2906,18.921475875118258,903.0,9.425070688030557,M,deep,M-deep,True,1.0,0.922397367053525,531.5,18.814675446848543,1.6111493461803166,0.5467997247075017,2906,388015000.0
002680,7930,37.61755485893417,636.0,18.35985312117483,H,deep,H-deep,True,1.0,0.7969404595658246,798.5,12.523481527864746,3.197604035308953,0.19722572509457756,7930,1899455000.0
002690,1127,33.25573661456601,12.0,13.342228152101177,H,shallow,H-shallow,True,1.0,0.5330188679245284,1498.0,6.675567423230975,5.346051464063886,0.11446317657497782,1127,21317000.0
002700,2009,14.587892049598834,849.0,7.270083605961375,L,deep,L-deep,True,1.0,0.855402676091896,1374.0,7.27802037845706,3.127363184079602,0.27761194029850744,2010,422077000.0
002710,6554,14.388489208633095,68.0,7.243752263672576,L,shallow,L-shallow,True,10.0,0.781984133097127,13800.0,7.246376811594203,2.297985962770827,0.4610924626182484,6554,1338857000.0
002720,4698,19.98001998001998,480.0,5.083884087442314,M,deep,M-deep,True,5.0,0.621404718302273,4992.5,10.0150225338007,2.2953819961693975,0.3028303894445627,4699,1275399000.0
002760,3703,49.05968928863451,183.0,12.249897917517849,H,deep,H-deep,True,1.0,0.7722184531886025,1225.0,8.16326530612245,6.223062381852552,0.08560626519038618,3703,662182000.0
002780,14951,12.60239445494644,906.0,12.292562999385304,L,deep,L-deep,True,1.0,0.88466618635927,816.0,12.254901960784313,1.885685618729097,0.5110367892976588,14950,3734235000.0
002785,286,200.66889632107024,80.0,63.739376770537426,H,shallow,H-shallow,True,5.0,0.29545454545454547,3555.0,14.064697609001406,15.41958041958042,0.0034965034965034965,286,16325000.0
002787,201,159.6351197263398,84.0,94.33962264151052,H,shallow,H-shallow,True,10.0,0.28233830845771146,8565.0,11.675423234092236,17.855721393034827,0.01990049751243781,201,14941000.0
002790,7125,18.814675446848543,250.0,0.0,M,deep,M-deep,True,50.0,0.9906560423068678,26575.0,18.814675446848543,1.2018245614035088,0.8474385964912281,7125,2659021000.0
002795,913,24.539877300613497,17.0,8.206811653672652,M,shallow,M-shallow,True,10.0,0.8529574350469873,12195.0,8.200082000820007,3.4589266155531218,0.13691128148959475,913,162459000.0
002800,1731,52.67778753292362,288.0,8.952551477170445,H,deep,H-deep,True,10.0,0.8978312186485689,5625.0,17.77777777777778,2.6065857885615253,0.2553437319468515,1731,281863000.0
002810,8417,10.427528675703858,3.0,7.847240387131027,L,shallow,L-shallow,True,10.0,0.43681155105686215,19230.0,5.200208008320334,3.568559885931559,0.26699144486692017,8416,379922000.0
002820,409,42.28329809725159,78.0,42.328042328041434,H,shallow,H-shallow,True,5.0,0.6549689440993789,2357.5,21.208907741251327,2.237163814180929,0.39853300733496333,409,38627000.0
002840,1666,14.43001443001443,4.0,7.208506271231263,L,shallow,L-shallow,True,100.0,0.6828725038402458,138750.0,7.207207207207207,2.957983193277311,0.3115246098439376,1666,159226000.0
002870,1231,40.080160320641276,191.0,16.012810248198228,H,deep,H-deep,True,1.0,0.652317880794702,1249.0,8.00640512409928,7.182778229082047,0.10235580828594638,1231,141608000.0
002880,1100,21.299254526091588,76.0,5.35905680600246,M,shallow,M-shallow,True,1.0,0.864053186611646,940.0,10.638297872340425,2.918181818181818,0.26181818181818184,1100,30079000.0
002900,4592,14.936519790888724,250.5,7.446016381236209,L,deep,L-deep,True,10.0,0.9387502747856672,6715.0,14.892032762472077,1.3767421602787457,0.7458623693379791,4592,2102763000.0
002920,1936,5.07227998985544,100.0,2.533890829979346,L,shallow,L-shallow,True,1.0,0.7367907339927121,1981.5,5.046681806712087,2.6854338842975207,0.5118801652892562,1936,192943000.0
002960,1840,37.453183520599254,15.0,9.45179584120992,H,shallow,H-shallow,True,1000.0,0.9080208048179579,530000.0,18.867924528301888,1.8891304347826088,0.3923913043478261,1840,1907302000.0
002990,8608,10.598834128245894,26.0,5.299417064122958,L,shallow,L-shallow,True,5.0,0.8867203454110508,4757.5,10.509721492380452,1.76010687732342,0.6388243494423792,8608,1002961000.0
002995,200,35.77817531305904,51.0,26.917781667240014,H,shallow,H-shallow,True,20.0,0.2225,13925.0,14.36265709156194,2.1625,0.195,200,13681000.0
003000,22164,17.02127659574468,771.5,8.396305625524292,L,deep,L-deep,True,10.0,0.9908875430956269,5905.0,16.93480101608806,1.2487366901281358,0.7745443060819347,22164,12505139000.0
003010,1771,37.5234521575985,451.0,9.372071227742307,H,deep,H-deep,True,10.0,0.9654772265738323,5335.0,18.744142455482663,2.2127539503386005,0.29006772009029347,1772,349200000.0
003030,11577,12.468827930174564,11.0,9.348706762231096,L,shallow,L-shallow,True,100.0,0.7003432096620037,160150.0,6.2441461130190445,2.4419970631424377,0.35449598341539257,11577,7690900000.0
003060,5703,36.16636528028933,4964.0,17.482517482516613,H,deep,H-deep,True,1.0,0.9835080147965475,279.0,35.842293906810035,1.2824829037348764,0.7273364895668946,5703,383755000.0
003070,2668,29.806259314456035,49.0,14.705882352941124,M,shallow,M-shallow,True,10.0,0.7685185185185185,10185.0,9.818360333824252,3.4550224887556222,0.1990254872563718,2668,600656000.0
003080,360,18.921475875118258,1710.5,9.442870632672129,M,deep,M-deep,True,5.0,0.8032904148783977,2647.5,18.885741265344667,1.3,0.7611111111111111,360,14989000.0
003090,6585,21.436227224008576,174.0,0.0,M,deep,M-deep,True,50.0,0.973151001540832,23375.0,21.390374331550802,1.3491268033409263,0.7383447228549734,6585,1656497000.0
003100,1702,23.612750885478157,132.0,0.0,M,shallow,M-shallow,True,50.0,0.9818410910168989,21225.0,23.55712603062426,1.4341950646298471,0.718566392479436,1702,197467000.0
003120,809,42.28329809725159,15.0,21.119324181626542,H,shallow,H-shallow,True,50.0,0.8568166992824527,23500.0,21.27659574468085,1.7367119901112484,0.4622991347342398,809,96402000.0
003160,42981,14.461315979754158,310.0,6.877579092159358,L,deep,L-deep,True,50.0,0.9920884396268032,35550.0,14.064697609001406,1.2420548136429204,0.7959378344423247,42982,35770255000.0
003200,4505,15.873015873015873,1.0,7.927070947284509,L,shallow,L-shallow,True,10.0,0.7898819561551433,12595.0,7.939658594680428,3.0854416333777186,0.2860630270750111,4506,189489000.0
003220,4282,18.467220683287163,69.0,4.646840148698761,M,shallow,M-shallow,True,10.0,0.8985835194545668,10825.0,9.237875288683602,2.479682391405885,0.4194301728164409,4282,490132000.0
003230,18872,9.537434430138292,21.0,0.0,L,shallow,L-shallow,True,1000.0,0.9253906883685719,1049500.0,9.528346831824678,1.3801928783382789,0.8092412038999576,18872,33919138000.0
003240,4348,18.298261665141812,5.0,9.16170407695871,L,shallow,L-shallow,True,1000.0,0.7289629888268156,1096000.0,9.124087591240876,2.7596596136154554,0.23689052437902483,4348,4034298000.0
003280,154858,16.9061707523246,14025.5,0.0,L,deep,L-deep,True,5.0,0.9987806130732858,2962.5,16.877637130801688,1.0967408641520886,0.9224639506125005,154857,651604807000.0
003300,5964,11.160714285714285,44.0,5.632216277104973,L,shallow,L-shallow,True,10.0,0.7606145955944174,17810.0,5.614823133071309,2.628667225481978,0.42497904442581724,5965,588656000.0
003310,26958,12.66624445851805,821.0,0.0,L,deep,L-deep,True,5.0,0.9389147026441994,3985.0,12.547051442910915,1.388567401142518,0.729579345648787,26958,5861593000.0
003350,4906,10.934937124111535,12.0,5.473453749316182,L,shallow,L-shallow,True,50.0,0.9245326861509863,46025.0,10.863661053775122,1.6009781944161403,0.6629305074383534,4907,1904894000.0
003380,24104,6.664445184938354,296.0,3.326679973385538,L,deep,L-deep,True,10.0,0.8782615973718901,15065.0,6.637902422834385,1.452414537006306,0.749419183538002,24104,19736092000.0
003460,3468,13.840830449826989,425.0,6.920415224913601,L,deep,L-deep,True,5.0,0.8327618908666472,3650.0,13.698630136986301,1.6880046136101499,0.5173010380622838,3468,725793000.0
003470,6577,19.98001998001998,1000.0,5.032712632109249,M,deep,M-deep,True,5.0,0.6144074301504452,4992.5,10.0150225338007,2.341188991941615,0.34514216207997567,6577,2132639000.0
003475,1041,22.123893805309734,168.0,11.08033240997175,M,deep,M-deep,True,5.0,0.9074525085241111,4515.0,11.074197120708748,1.9990393852065322,0.3390970220941403,1041,125015000.0
003480,2162,21.436227224008576,31.0,15.739769150052707,M,shallow,M-shallow,True,5.0,0.7823014018691589,4697.5,10.643959552953698,2.9898242368177614,0.36262719703977797,2162,310145000.0
003490,45697,20.304568527918782,2674.0,0.0,M,deep,M-deep,True,50.0,0.9990385465476085,24625.0,20.304568527918782,1.0624548657461101,0.9380703328446068,45697,52492726000.0
003495,741,21.52852529601722,58.0,10.729613733906351,M,shallow,M-shallow,True,50.0,0.8713509843856077,23325.0,21.436227224008576,1.6626180836707152,0.581646423751687,741,102775000.0
003520,4210,5.523336095001381,355.0,2.754062241806521,L,deep,L-deep,True,1.0,0.8764872010575652,1811.5,5.520287054926857,1.5235154394299288,0.7923990498812351,4210,460450000.0
003530,29076,13.559322033898306,2383.0,0.0,L,deep,L-deep,True,10.0,0.9924050742595706,7385.0,13.540961408259985,1.1818682074563214,0.8450268262484524,29076,16940627000.0
003535,1071,36.12281757977122,24.0,23.995200959807672,H,shallow,H-shallow,True,10.0,0.6988207547169811,8390.0,11.918951132300357,4.07469654528478,0.1419234360410831,1071,78804000.0
003540,8440,12.65022137887413,149.0,0.0,L,shallow,L-shallow,True,50.0,0.9145059146851475,39575.0,12.634238787113075,1.3058056872037915,0.7817535545023697,8440,3488073000.0
003545,2552,19.065776930409914,313.0,9.50570342205248,M,deep,M-deep,True,50.0,0.9407946888624653,26275.0,19.029495718363464,1.4710031347962382,0.6410658307210031,2552,2228761000.0
003547,1089,39.92015968063872,91.0,10.020040080160886,H,shallow,H-shallow,True,50.0,0.9266076421248836,24975.0,20.02002002002002,1.7897153351698807,0.40771349862258954,1089,350658000.0
003550,21737,11.191941801902631,732.0,0.0,L,deep,L-deep,True,100.0,0.9764196173815426,89350.0,11.191941801902631,1.2230758614344206,0.8997561761052583,21737,28577299000.0
003555,1450,28.694404591104735,51.0,7.2202166064982976,M,shallow,M-shallow,True,100.0,0.9089712078651685,69350.0,14.419610670511895,1.7401791867677463,0.45210199862164024,1451,261446000.0
003570,7476,19.398642095053347,35.0,18.53568118628357,M,shallow,M-shallow,True,100.0,0.8417514657321922,52700.0,18.975332068311197,1.639866220735786,0.5703010033444816,7475,2845028000.0
003580,2123,15.094339622641508,1010.0,7.639419404125158,L,deep,L-deep,True,1.0,0.6054095643939394,1966.0,5.08646998982706,3.4945831370701836,0.29533678756476683,2123,257994000.0
003610,1022,38.53564547206166,589.0,19.249278152069227,H,deep,H-deep,True,10.0,0.8238213399503722,5205.0,19.21229586935639,2.5861056751467713,0.24266144814090018,1022,252597000.0
003620,9318,14.316392269148174,792.0,7.032348804500987,L,deep,L-deep,True,5.0,0.9521871268859221,3500.0,14.285714285714286,1.3583386992916935,0.7391071045288689,9318,2135334000.0
003650,4909,8.916629514043692,3.0,4.444444444444695,L,shallow,L-shallow,True,100.0,0.7764744965756926,113550.0,8.806693086745927,2.1450397229578324,0.5251578732939499,4909,595295000.0
003670,57275,5.201560468140442,103.0,2.515723270439807,L,shallow,L-shallow,True,100.0,0.9638276650395883,192650.0,5.190760446405398,1.216600321251484,0.8594699350513304,57276,116550601000.0
003680,1319,39.682539682539684,82.0,9.940357852882276,H,shallow,H-shallow,True,10.0,0.6008266051518647,5030.0,19.880715705765404,2.004169825625474,0.43896891584533737,1319,82876000.0
003690,14388,7.695267410542517,419.0,0.0,L,deep,L-deep,True,10.0,0.879466947220761,13015.0,7.68344218209758,1.374409229913817,0.7686961356686127,14388,4179490000.0
003720,7929,27.434842249657063,399.0,6.973500697349255,M,deep,M-deep,True,10.0,0.89929053194197,7225.0,13.840830449826989,1.8936948297604035,0.46532156368221944,7930,4151549000.0
003780,2410,34.66204506065858,138.0,17.316017316016953,H,deep,H-deep,True,10.0,0.8508376963350786,5765.0,17.346053772766695,2.112863070539419,0.41203319502074687,2410,933918000.0
003800,905,44.742729306487696,16.0,14.94768310911887,H,shallow,H-shallow,True,50.0,0.6485466741196199,33425.0,14.958863126402393,2.83646408839779,0.17458563535911603,905,208469000.0
003850,5028,10.700909577314071,233.0,5.2938062466911795,L,deep,L-deep,True,10.0,0.9270812386889201,9375.0,10.666666666666668,1.3973747016706444,0.6915274463007159,5028,1081905000.0
003920,4127,18.034265103697024,56.0,17.777777777777672,L,shallow,L-shallow,True,100.0,0.8895497803806734,55650.0,17.969451931716083,1.4928519505694209,0.6561667070511267,4127,1375239000.0
003925,1272,37.197768133911964,17.0,18.20388349514479,H,shallow,H-shallow,True,50.0,0.5311620426216325,41125.0,12.158054711246201,3.8238993710691824,0.18632075471698112,1272,621876000.0
003960,2026,15.420200462606013,10.0,15.232292460015673,L,shallow,L-shallow,True,50.0,0.7687202604557977,32600.0,15.337423312883436,1.7458045409674234,0.5409674234945706,2026,484614000.0
004000,11645,19.860973187686195,73.0,9.861932938856066,M,shallow,M-shallow,True,100.0,0.8887697174553649,50850.0,19.665683382497544,1.761356805495921,0.5648776298840704,11645,10333664000.0
004020,55003,14.357501794687725,669.0,0.0,L,deep,L-deep,True,50.0,0.9939724191119762,34875.0,14.336917562724015,1.0984473856446804,0.9149516398807359,55004,59575881000.0
004060,10192,19.32367149758454,3832.0,9.615384615384581,M,deep,M-deep,True,1.0,0.9761121282596863,519.5,19.249278152069298,1.4123822605965464,0.6528649921507065,10192,1932972000.0
004080,323,14.45086705202312,4.0,10.853835021706892,L,shallow,L-shallow,True,10.0,0.4684044233807267,13815.0,7.238508867173362,3.3777089783281733,0.4891640866873065,323,15508000.0
004090,43215,10.351966873706004,160.0,5.091649694500822,L,deep,L-deep,True,10.0,0.7371324386038492,19475.0,5.134788189987163,2.8915654286706003,0.3958810598171931,43215,36363888000.0
004100,5738,32.102728731942214,482.0,8.291873963515162,M,deep,M-deep,True,5.0,0.9033635643215638,3062.5,16.3265306122449,1.779229830981007,0.45460881686705,5739,2432051000.0
004105,1141,38.38771593090211,56.0,25.15723270440251,H,shallow,H-shallow,True,5.0,0.8244021257750221,3922.5,12.746972594008922,3.4106830122591942,0.17513134851138354,1142,188988000.0
004140,28771,18.198362147406733,987.0,9.000900090008201,L,deep,L-deep,True,5.0,0.9818054705933759,2777.5,18.001800180018,1.4623592381481996,0.6436813568747394,28772,18093215000.0
004150,1889,15.515903801396432,57.0,15.37279016141424,L,shallow,L-shallow,True,5.0,0.8075268817204301,3247.5,15.39645881447267,1.864478560084701,0.5844362096347274,1889,251932000.0
004170,22145,14.336917562724015,30.0,7.163323782235498,L,shallow,L-shallow,True,500.0,0.886619910428081,350750.0,14.255167498218105,1.4888688191465342,0.6608715285617521,22145,26704400000.0
004250,2449,26.490066225165563,63.0,6.71591672263272,M,shallow,M-shallow,True,5.0,0.7706662553979026,3745.0,13.35113484646195,2.1490404246631276,0.43895467537770516,2449,216769000.0
004255,384,42.46284501061571,244.0,0.0,H,deep,H-deep,True,5.0,0.8592914438502673,2355.0,21.231422505307854,2.1640625,0.033854166666666664,384,1890000.0
004270,472,52.015604681404426,228.0,19.46787800129801,H,deep,H-deep,True,1.0,0.825,762.0,13.123359580052494,3.7309322033898304,0.18008474576271186,472,13885000.0
004310,13304,11.007154650522839,182.0,5.47045951859948,L,deep,L-deep,True,10.0,0.8934644501084186,9145.0,10.934937124111535,1.6971587492483464,0.5432200841852075,13304,3563275000.0
004360,2836,20.046775810223853,53.5,10.087424344317197,M,shallow,M-shallow,True,10.0,0.7768546793605173,14845.0,6.736274840013472,3.162495593937258,0.21149101163200565,2837,536580000.0
004370,12853,13.764624913971094,426.0,0.0,L,deep,L-deep,True,500.0,0.9821167739133868,363250.0,13.764624913971094,1.0357115070411578,0.9751030887730491,12853,11159680000.0
004410,29520,49.87531172069826,80002.5,0.0,H,deep,H-deep,True,1.0,0.9997486238219404,200.5,49.87531172069826,1.0426151761517615,0.9576219512195122,29520,5531231000.0
004430,3003,11.54068090017311,148.0,5.730659025787732,L,shallow,L-shallow,True,10.0,0.8992215264850228,8705.0,11.487650775416428,1.4089244089244088,0.6626706626706627,3003,382459000.0
004440,2398,31.89792663476874,136.0,16.460905349794388,M,shallow,M-shallow,True,10.0,0.8490695707337703,6140.0,16.286644951140065,2.145537948290242,0.42285237698081735,2398,919772000.0
004450,351,54.005400540054005,75.0,18.018018018017834,H,shallow,H-shallow,True,50.0,0.9368686868686869,27725.0,18.034265103697024,2.754985754985755,0.23076923076923078,351,40143000.0
004490,4396,16.680567139282736,49.0,0.0,L,shallow,L-shallow,True,100.0,0.9738754325259515,60050.0,16.65278934221482,1.210646041856233,0.8202911737943585,4396,1147230000.0
004540,2096,35.59623696923468,199.0,5.137426149499635,H,deep,H-deep,True,1.0,0.688375181071946,1957.5,5.108556832694764,6.873091603053435,0.10877862595419847,2096,156791000.0
004560,7353,11.785503830288745,97.0,5.8616647127784915,L,shallow,L-shallow,True,10.0,0.816110309774023,17040.0,5.868544600938967,2.8733850129198966,0.34706922344621244,7353,2601513000.0
004590,1163,21.253985122210413,419.0,10.471204188481353,M,deep,M-deep,True,5.0,0.788135593220339,4755.0,10.515247108307046,3.0765262252794496,0.1822871883061049,1163,137728000.0
004650,1265,31.16883116883117,219.0,5.216484089723972,M,deep,M-deep,True,10.0,0.8292415169660678,9605.0,10.41124414367517,2.6632411067193678,0.22924901185770752,1265,171105000.0
004690,6558,14.295925661186562,22.0,3.5816618911166387,L,shallow,L-shallow,True,100.0,0.6724369296833065,140100.0,7.137758743754461,2.4971027752363524,0.2677645623665752,6558,1805538000.0
004700,1347,43.5097897026831,6.0,29.112081513829047,H,shallow,H-shallow,True,100.0,0.5818250377073907,68750.0,14.545454545454545,3.8292501855976244,0.1989606533036377,1347,300080000.0
004710,8619,19.51219512195122,395.0,9.596928982725794,M,deep,M-deep,True,5.0,0.685482926257834,4877.5,10.251153254741158,2.2213457076566123,0.4589327146171694,8620,2816186000.0
004720,900,39.603960396039604,126.0,6.644518272425071,H,deep,H-deep,True,5.0,0.6988378684807256,3785.0,13.21003963011889,2.8533333333333335,0.22555555555555556,900,95831000.0
004770,1846,18.720748829953198,133.5,6.246096189881367,M,shallow,M-shallow,True,1.0,0.7491816693944353,1601.5,6.2441461130190445,3.290741743367623,0.22523010286951814,1847,265224000.0
004780,1143,13.253810470510272,114.0,6.6006600660062364,L,shallow,L-shallow,True,5.0,0.9030181979582779,3787.5,13.201320132013201,1.9772528433945757,0.5406824146981627,1143,370225000.0
004800,5888,15.174506828528074,27.0,7.593014426727773,L,shallow,L-shallow,True,100.0,0.7467237687366167,131450.0,7.607455306200077,2.249830163043478,0.44955842391304346,5888,1884242000.0
004830,2596,21.810250817884405,88.0,10.73249339405946,M,shallow,M-shallow,True,5.0,0.8442007797270955,4677.5,10.689470871191876,2.893682588597843,0.2966101694915254,2596,615041000.0
004835,424,66.44518272425249,33.0,16.583747927031432,H,shallow,H-shallow,True,10.0,0.7350973236009732,6055.0,16.515276630883566,4.634433962264151,0.09905660377358491,424,9891000.0
004840,1593,18.264840182648403,14.0,18.198362147405778,L,shallow,L-shallow,True,10.0,0.754684026675135,5525.0,18.099547511312217,1.834902699309479,0.576271186440678,1593,87463000.0
004870,1112,57.971014492753625,201.0,29.090924477844226,H,deep,H-deep,True,1.0,0.8158976701690269,344.5,29.027576197387518,2.0251798561151078,0.3983812949640288,1112,71126000.0
004890,299,25.806451612903224,10.0,19.023462270133518,M,shallow,M-shallow,True,50.0,0.7478184991273996,38900.0,12.853470437017993,3.5551839464882944,0.2909698996655518,299,11246000.0
004910,1081,20.898641588296762,41.0,10.471204188482464,M,shallow,M-shallow,True,5.0,0.7556127221702525,4777.5,10.465724751439037,2.2238667900092506,0.34967622571692875,1081,72147000.0
004920,1628,63.377093707559986,100.0,13.636363636363447,H,shallow,H-shallow,True,1.0,0.8009950248756219,1095.5,9.128251939753538,6.850737100737101,0.05098280098280098,1628,135392000.0
004960,3804,31.595576619273302,104.0,15.500872505999075,M,shallow,M-shallow,True,10.0,0.7292938677993098,12785.0,7.821666014861165,4.782334384858044,0.12355415352260778,3804,960506000.0
004970,2442,10.587612493382743,266.0,5.285412262155953,L,deep,L-deep,True,10.0,0.9292617725683734,9465.0,10.565240359218173,1.5544635544635546,0.6003276003276004,2442,126881000.0
004980,2223,32.34501347708895,104.0,5.414185165132368,M,shallow,M-shallow,True,10.0,0.8559312386156649,9280.0,10.775862068965518,3.635177687809267,0.10481331533963113,2223,438657000.0
004985,418,74.6268656716418,10.0,18.735362997657212,H,shallow,H-shallow,True,10.0,0.6444174757281553,10702.5,9.343611305769679,9.299043062200957,0.07655502392344497,418,42185000.0
004990,13061,16.62510390689942,271.0,0.0,L,deep,L-deep,True,50.0,0.9870219374878665,30125.0,16.59751037344398,1.141489931858204,0.8757369267284282,13061,6286197000.0
005010,11808,19.743336623889437,376.0,5.136106831021836,M,deep,M-deep,True,5.0,0.8077761627906976,4882.5,10.240655401945725,1.8301151761517616,0.48949864498644985,11808,5532300000.0
005070,15789,10.610079575596815,158.0,0.0,L,deep,L-deep,True,50.0,0.9633362126883578,47250.0,10.582010582010582,1.267084679207043,0.790740388878333,15789,6997819000.0
005090,17923,32.62642740619902,47.0,16.680567139282232,H,shallow,H-shallow,True,100.0,0.8708887579278217,59550.0,16.79261125104954,1.8566726177192592,0.452075429591609,17924,12963132000.0
005160,1122,35.3356890459364,108.5,8.873114463177068,H,deep,H-deep,True,5.0,0.8227168949771689,2835.0,17.636684303350968,2.3484848484848486,0.2700534759358289,1122,137335000.0
005180,5007,12.812299807815503,83.0,0.0,L,shallow,L-shallow,True,100.0,0.9730590376061464,78150.0,12.795905310300704,1.1611743559017376,0.8625923706810465,5007,2392608000.0
005250,6794,7.176175098672408,93.0,3.576537911301747,L,shallow,L-shallow,True,10.0,0.8009200625791552,13960.0,7.163323782234957,1.51516043567854,0.7331468943185163,6794,783954000.0
005290,22457,10.126582278481013,403.0,0.0,L,deep,L-deep,True,50.0,0.7877580423673488,49575.0,10.085728693898135,1.272030992563566,0.7841207641269983,22457,16314366000.0
005300,4916,8.316008316008316,21.0,4.159733777038266,L,shallow,L-shallow,True,100.0,0.8687866625501698,120550.0,8.295313148071338,1.5844182262001627,0.709113100081367,4916,1811165000.0
005305,594,25.09410288582183,18.0,12.523481527864089,M,shallow,M-shallow,True,100.0,0.6684412265758092,79750.0,12.539184952978058,2.207070707070707,0.29124579124579125,594,47504000.0
005320,1033,57.971014492753625,210.0,19.550342130987275,H,deep,H-deep,True,1.0,0.8536135693215339,514.5,19.43634596695821,2.8547918683446274,0.21684414327202323,1033,120320000.0
005360,1152,28.097780275358247,142.0,8.412787436904434,M,deep,M-deep,True,1.0,0.6483686067019401,1767.0,5.659309564233164,6.890625,0.2760416666666667,1152,81598000.0
005380,147886,19.860973187686195,5769.0,0.0,M,deep,M-deep,True,1000.0,0.7841757309821048,502500.0,19.90049751243781,0.9562906563163518,0.9111680618855064,147886,680424593000.0
005385,18312,19.138755980861244,120.0,0.0,M,shallow,M-shallow,True,500.0,0.9893339047724382,261250.0,19.138755980861244,1.1453691568370468,0.8659349060725208,18312,25246301000.0
005387,31422,19.249278152069298,745.0,0.0,M,deep,M-deep,True,500.0,0.9992604620504494,259750.0,19.249278152069298,1.045668639806505,0.9611418751193431,31422,38351050000.0
005389,3852,20.42900919305414,105.0,10.050251256281673,M,shallow,M-shallow,True,500.0,0.966489431534725,245750.0,20.34587995930824,1.5103842159916927,0.6134475597092419,3852,4064442000.0
005420,9097,7.099751508697196,94.0,6.90846286701241,L,shallow,L-shallow,True,10.0,0.8565441829484902,14155.0,7.064641469445426,1.579861492799824,0.6828624821369682,9097,1864609000.0
005430,1105,50.97706032285472,13.0,16.86340640809414,H,shallow,H-shallow,True,100.0,0.7680792261630585,58650.0,17.050298380221655,2.902262443438914,0.1520361990950226,1105,111023000.0
005440,23448,12.60239445494644,159.0,6.4683053040104355,L,deep,L-deep,True,10.0,0.8234311197077154,15555.0,6.428801028608164,2.305058000682361,0.4779085636301604,23448,15101019000.0
005490,42416,14.914243102162564,417.0,0.0,L,deep,L-deep,True,500.0,0.9952208878661489,335250.0,14.914243102162564,1.0624278001744583,0.9378786807176368,42417,79526198000.0
005500,1891,16.37107776261937,100.0,8.278145695364003,L,shallow,L-shallow,True,10.0,0.6384,18255.0,5.477951246233908,3.098360655737705,0.1866737176097303,1891,502053000.0
005610,1687,19.175455417066154,61.0,9.560229445506607,M,shallow,M-shallow,True,100.0,0.9480451127819549,52300.0,19.120458891013385,1.5850622406639003,0.5417901600474214,1687,538783000.0
005670,924,34.48275862068965,38.0,8.620689655172153,H,shallow,H-shallow,True,10.0,0.8752756339581036,5805.0,17.22652885443583,2.461038961038961,0.36688311688311687,924,60575000.0
005680,6498,7.840062720501764,37.0,7.840062720501084,L,shallow,L-shallow,True,10.0,0.7178141401667181,12800.0,7.8125,1.9184364419821482,0.6320406278855032,6498,1279656000.0
005690,24384,6.291286568103176,226.0,3.119151590766922,L,deep,L-deep,True,10.0,0.9121544732268476,15990.0,6.253908692933083,1.4077673884514437,0.7304790026246719,24384,10910343000.0
005710,4514,15.267175572519085,97.0,7.610350076103778,L,shallow,L-shallow,True,10.0,0.8040047180408897,13085.0,7.642338555598013,2.317013735046522,0.3757199822773593,4514,1060050000.0
005720,2842,29.282576866764277,97.0,14.673514306676738,M,shallow,M-shallow,True,10.0,0.7054885618017379,6805.0,14.695077149155033,1.9947220267417312,0.4074595355383533,2842,240950000.0
005725,227,68.57142857142857,31.0,11.376564277588708,H,shallow,H-shallow,True,5.0,0.948237885462555,4390.0,11.389521640091116,10.26431718061674,0.05286343612334802,227,125540000.0
005740,1199,44.943820224719104,75.0,15.026296018031404,H,shallow,H-shallow,True,10.0,0.8519736842105263,6645.0,15.048908954100828,2.627189324437031,0.19182652210175147,1199,186374000.0
005750,8097,18.13236627379873,212.0,9.04159132007254,L,deep,L-deep,True,10.0,0.9023068802781917,5550.0,18.01801801801802,1.4930221069531926,0.640978140051871,8097,1633063000.0
005800,504,30.93103565392639,45.0,18.48429010920527,M,shallow,M-shallow,True,10.0,0.5676977687626775,16185.0,6.178560395427866,5.609126984126984,0.061507936507936505,504,62691000.0
005810,6286,13.289036544850498,222.0,0.0,L,deep,L-deep,True,50.0,0.911063863928113,37650.0,13.280212483399733,1.1880369074132995,0.8328030544066178,6286,1833534000.0
005820,322,19.224607497596924,5.0,9.60922485586213,M,shallow,M-shallow,True,10.0,0.43341307814992025,15600.0,6.410256410256411,3.7763975155279503,0.30434782608695654,322,32291000.0
005830,25844,5.670541536716756,99.0,2.8105677346823565,L,shallow,L-shallow,True,100.0,0.7570590642477152,176950.0,5.651313930488839,1.642354124748491,0.6986921529175051,25844,27028893000.0
005850,15279,15.785319652722968,149.0,0.0,L,shallow,L-shallow,True,100.0,0.9772960450107563,63400.0,15.772870662460567,1.189999345506905,0.8420708161528896,15279,9689474000.0
005860,69619,10.934937124111535,1194.0,5.449591280654031,L,deep,L-deep,True,5.0,0.9702305410717005,4617.5,10.828370330265296,1.4809319295020038,0.6755483416883322,69619,107980325000.0
005870,10388,11.689070718877849,131.5,11.547344110854896,L,shallow,L-shallow,True,10.0,0.9591378808461091,8605.0,11.621150493898895,1.673084328070851,0.579803619561032,10388,4330777000.0
005880,159567,19.550342130987293,15210.0,0.0,M,deep,M-deep,True,5.0,0.9995059949898331,2562.5,19.51219512195122,1.07729090157051,0.9279796447864833,159566,509480842000.0
005930,193602,5.3662463107056615,5850.0,0.0,L,deep,L-deep,True,100.0,0.9992745230978655,186350.0,5.3662463107056615,1.00882734255151,0.9924742901711234,193603,2147483578000.0
005935,106528,7.301935012778387,1990.0,0.0,L,deep,L-deep,True,100.0,0.9970161593028836,136950.0,7.301935012778387,1.0633923793967726,0.9529884442441823,106527,456601260000.0
005940,28979,15.686274509803921,1929.0,0.0,L,deep,L-deep,True,50.0,0.9904217741794463,31925.0,15.661707126076742,1.1531400966183576,0.8954451345755694,28980,34606473000.0
005945,4185,19.32367149758454,163.0,9.633911368014392,M,deep,M-deep,True,50.0,0.9785722920696325,25925.0,19.286403085824496,1.327120669056153,0.7249701314217444,4185,1909851000.0
005950,4394,12.812299807815503,255.5,6.349206349206549,L,deep,L-deep,True,10.0,0.9196366980915153,7875.0,12.698412698412698,1.5382339553937188,0.6126536185707784,4394,894978000.0
005960,9000,13.271400132714001,93.0,12.911555842478606,L,shallow,L-shallow,True,10.0,0.8218209704406023,7620.0,13.123359580052494,1.7261111111111112,0.5018888888888889,9000,1172746000.0
005965,308,64.82982171799027,29.0,10.804970286332205,H,shallow,H-shallow,True,10.0,0.7069805194805194,18545.0,5.392289026691831,19.532467532467532,0.022727272727272728,308,11367000.0
005990,466,26.82163611980331,6.5,18.00585281400646,M,shallow,M-shallow,True,10.0,0.6376651982378855,11125.0,8.98876404494382,3.167381974248927,0.2296137339055794,466,26753000.0
006040,10530,13.218770654329147,248.0,0.0,L,deep,L-deep,True,50.0,0.871300995977782,37825.0,13.218770654329147,1.0626840155760282,0.9540317219109127,10529,3151145000.0
006050,1644,30.349013657056148,346.0,7.595898214963759,M,deep,M-deep,True,1.0,0.8077453987730061,1321.0,7.57002271006813,5.273722627737226,0.0948905109489051,1644,263390000.0
006060,2322,29.985007496251875,490.0,0.0,M,deep,M-deep,True,5.0,0.8259271450515691,3317.5,15.071590052750565,1.7872523686477175,0.45133505598621876,2322,228504000.0
006090,957,24.360535931790498,9.0,6.093845216331717,M,shallow,M-shallow,True,10.0,0.7482921702574882,8210.0,12.180267965895249,2.5778474399164053,0.27377220480668757,957,102613000.0
006110,34210,13.802622498274673,141.0,6.84462696783017,L,shallow,L-shallow,True,50.0,0.9765150953193383,36575.0,13.67053998632946,1.3435060948873103,0.7365313221666813,34209,30118135000.0
006120,6828,35.39823008849557,71.0,9.017132551848439,H,shallow,H-shallow,True,100.0,0.9296437002065506,55950.0,17.873100983020553,1.9447861745752784,0.3866432337434095,6828,4564898000.0
006125,425,38.095238095238095,19.0,25.141420490257804,H,shallow,H-shallow,True,50.0,0.7179640718562874,39550.0,12.642225031605564,6.418823529411765,0.13176470588235295,425,184356000.0
006140,1538,29.62962962962963,148.0,14.80384900073961,M,deep,M-deep,True,10.0,0.8345454545454546,6745.0,14.825796886582653,2.2080624187256177,0.37971391417425226,1538,222843000.0
006200,1153,27.17391304347826,495.0,20.21563342318067,M,deep,M-deep,True,1.0,0.7537264357737834,739.5,13.522650439486139,2.608846487424111,0.2168256721595837,1153,119552000.0
006220,6503,15.015015015015015,96.0,3.7664783427504567,L,shallow,L-shallow,True,10.0,0.8300481142325004,13355.0,7.487832272557095,2.724281101030294,0.3120098416115639,6503,1952010000.0
006260,42726,18.709073900841908,63.0,0.0,M,shallow,M-shallow,True,500.0,0.9876838955580095,268250.0,18.63932898415657,1.2718782913984787,0.7824458747805735,42725,99444673000.0
006280,6031,6.731740154830024,24.0,6.731740154830579,L,shallow,L-shallow,True,100.0,0.7079297565905837,149600.0,6.684491978609625,2.04957718454651,0.5707179572210247,6031,4348130000.0
006340,49658,17.22652885443583,1826.0,0.0,L,deep,L-deep,True,10.0,0.9963941325488274,5835.0,17.13796058269066,1.1929637311960046,0.8317457760235214,49657,37187214000.0
006345,1718,49.140049140049136,51.0,18.44451450046136,H,shallow,H-shallow,True,5.0,0.8240035169988277,4062.5,12.307692307692308,3.841094295692666,0.09138533178114086,1718,272939000.0
006360,27838,22.148394241417495,838.0,0.0,M,deep,M-deep,True,50.0,0.9991518351203759,22575.0,22.148394241417495,1.0916046987821963,0.9093293099112691,27837,25876567000.0
006370,563,54.37737901033171,23.0,16.438356164383272,H,shallow,H-shallow,True,5.0,0.744338768115942,4605.0,10.857763300760045,7.19538188277087,0.08348134991119005,563,65225000.0
006400,71681,13.029315960912053,648.0,0.0,L,deep,L-deep,True,500.0,0.9998246831901284,383750.0,13.029315960912053,1.0230465534800017,0.9773998688634367,71681,186657457000.0
006405,3599,22.90950744558992,14.0,11.337868480725266,M,shallow,M-shallow,True,500.0,0.9682545250456013,219500.0,22.779043280182233,1.577104751319811,0.5479299805501529,3599,2046444000.0
006490,5783,64.034151547492,457.0,30.927835051546282,H,deep,H-deep,True,1.0,0.7820591322603219,468.25,21.35611318739989,3.5639695712309822,0.17859612724757953,5784,813859000.0
006570,418,71.8562874251497,101.0,12.048192771083599,H,shallow,H-shallow,True,5.0,0.8238778054862843,2082.5,24.009603841536613,2.514354066985646,0.2966507177033493,418,9980000.0
006620,2609,36.42987249544627,467.0,9.165902841430373,H,deep,H-deep,True,10.0,0.9790937378451964,5465.0,18.298261665141812,1.9102760736196318,0.4325153374233129,2608,776542000.0
006650,10590,8.074283407347597,17.0,4.035512510088823,L,shallow,L-shallow,True,100.0,0.8395479687201983,125000.0,8.0,2.197903880653385,0.5089226701916721,10591,4192963000.0
006660,2342,16.827937349383944,30.0,8.43170320404818,L,shallow,L-shallow,True,10.0,0.8183196188826332,11740.0,8.517887563884157,2.180264844083725,0.4873985476292183,2341,447667000.0
006730,18309,6.731740154830024,196.0,6.642311524409639,L,deep,L-deep,True,10.0,0.8695571448218952,14950.0,6.688963210702341,1.7307335190343547,0.642580151837894,18309,9190166000.0
006740,1041,36.16636528028933,312.0,17.985611510791255,H,deep,H-deep,True,1.0,0.8202439024390243,553.0,18.083182640144663,2.493756003842459,0.34774255523535064,1041,59216000.0
006800,103399,14.17434443656981,2414.0,0.0,L,deep,L-deep,True,100.0,0.9994532169478226,70550.0,14.17434443656981,1.0145263931604094,0.9859475038201899,103398,295454201000.0
006805,6931,21.164021164021165,393.0,10.570824524313016,M,deep,M-deep,True,50.0,0.9795177222545032,23725.0,21.07481559536354,1.347907647907648,0.7210678210678211,6930,6374644000.0
006840,1136,37.42981908920773,44.0,18.785222291797243,H,shallow,H-shallow,True,10.0,0.6353357697578803,8015.0,12.476606363069244,5.372359154929577,0.21038732394366197,1136,161880000.0
006880,5990,27.972027972027973,196.0,7.097232079489313,M,deep,M-deep,True,10.0,0.9440891880521666,7140.0,14.005602240896359,2.095659432387312,0.3938230383973289,5990,1571848000.0
006890,29193,11.409013120365088,111.0,11.074197120708451,L,shallow,L-shallow,True,10.0,0.8715619247962135,9175.0,10.899182561307903,1.9036722389695806,0.5667648670868731,29192,19818521000.0
006910,122019,8.1799591002045,1437.0,0.0,L,deep,L-deep,True,10.0,0.9909127984730106,12265.0,8.153281695882592,1.1906916136011605,0.8601939042280301,122019,528365176000.0
006920,9177,15.186028853454822,602.0,0.0,L,deep,L-deep,True,10.0,0.9139330863121186,6595.0,15.16300227445034,1.3727114210985178,0.7886878814298169,9176,3194763000.0
006980,865,46.403712296983755,17.0,23.33722287047868,H,shallow,H-shallow,True,50.0,0.6807176196032673,21650.0,23.094688221709006,2.341435185185185,0.39699074074074076,864,103960000.0
007070,10561,5.247966413014956,100.0,2.624671916009458,L,shallow,L-shallow,True,10.0,0.7528448481950754,19195.0,5.209690023443605,2.6196382918284256,0.5467285294953129,10561,1788520000.0
007110,7903,18.80288310874334,538.0,6.0808756460928315,M,deep,M-deep,True,1.0,0.7883767022568889,1595.5,6.267627702914447,3.3678349993673287,0.24534986713906112,7903,1806079000.0
007120,7467,58.80780539962577,158.0,13.86577925679422,H,deep,H-deep,True,1.0,0.7127300923740814,1867.5,5.35475234270415,11.68604339673185,0.04098580230377712,7466,2466436000.0
007160,1719,38.167938931297705,10.0,9.606147934678733,H,shallow,H-shallow,True,100.0,0.9269151746404461,52250.0,19.138755980861244,1.9040139616055847,0.3531122745782432,1719,325649000.0
007210,4081,21.299254526091588,95.0,8.062348830959465,M,shallow,M-shallow,True,1.0,0.6392536936481878,1877.0,5.327650506126798,5.1835334476843915,0.27885322224944864,4081,339381000.0
007280,506,21.32954141485958,491.5,7.165890361877647,M,deep,M-deep,True,1.0,0.7655310621242485,1398.5,7.150518412584912,3.1719367588932808,0.2707509881422925,506,21462000.0
007310,4076,13.651877133105803,11.0,6.8073519400957405,L,shallow,L-shallow,True,500.0,0.967366911856377,366750.0,13.6332651670075,1.3810107948969579,0.6832679097154073,4076,1952700000.0
007340,19568,15.048908954100828,162.0,13.966480446927498,L,deep,L-deep,True,50.0,0.9663042293437977,34725.0,14.398848092152628,1.7818887980376124,0.5332686017988553,19568,51286617000.0
007370,1006,21.929824561403507,61.0,10.934937124111865,M,shallow,M-shallow,True,5.0,0.8226334340382678,4567.5,10.946907498631637,2.710735586481113,0.37475149105367794,1006,122553000.0
007390,33651,10.781671159029651,101.0,5.483959418700612,L,shallow,L-shallow,True,10.0,0.8386952034818504,18260.0,5.47645125958379,2.3675076520757186,0.49023803155924045,33651,25215731000.0
007460,8832,32.414910858995135,5602.5,15.797788309637184,M,deep,M-deep,True,1.0,0.9804660824038243,310.5,32.2061191626409,1.3902853260869565,0.6751585144927537,8832,1025614000.0
007530,207,61.53846153846154,31.0,71.86858316221789,H,shallow,H-shallow,True,5.0,0.5646984924623115,2427.5,20.597322348094746,3.0434782608695654,0.2463768115942029,207,40164000.0
007540,2082,35.366959567215986,15.0,17.65225066195919,H,shallow,H-shallow,True,100.0,0.831490034030141,56650.0,17.6522506619594,2.3416626621816437,0.15473330129745314,2081,780032000.0
007590,726,17.050298380221655,349.0,0.0,L,deep,L-deep,True,10.0,0.9832977967306326,5870.0,17.035775127768314,1.3526170798898072,0.6735537190082644,726,31660000.0
007660,49149,9.537434430138292,246.0,0.0,L,deep,L-deep,True,100.0,0.9761145514020614,105050.0,9.51927653498334,1.1720040691759919,0.8661648016276704,49150,56576397000.0
007680,305,47.846889952153106,20.0,12.01201201201152,H,shallow,H-shallow,True,5.0,0.7602564102564102,4165.0,12.004801920768307,3.439344262295082,0.2786885245901639,305,5962000.0
007690,1684,27.89400278940028,69.0,7.082152974504652,M,shallow,M-shallow,True,50.0,0.698666067146283,35525.0,14.074595355383533,2.0249406175771973,0.42814726840855105,1684,308558000.0
007700,4371,5.591277606933184,26.0,2.786291446086331,L,shallow,L-shallow,True,10.0,0.7017750459558824,17935.0,5.575689991636465,1.9219858156028369,0.5929993136582018,4371,354997000.0
007720,904,19.51219512195122,449.0,9.756097560975618,M,deep,M-deep,True,1.0,0.8418110676355506,514.5,19.43634596695821,2.0298672566371683,0.6183628318584071,904,29809000.0
007770,379,25.60819462227913,69.0,12.763241863433805,M,shallow,M-shallow,True,10.0,0.6239754098360656,7820.0,12.787723785166241,4.6094986807387865,0.3403693931398417,379,40566000.0
007810,15774,38.46153846153847,64.0,9.737098344693162,H,shallow,H-shallow,True,100.0,0.9113935158593401,51400.0,19.45525291828794,1.863414479523266,0.398694053505769,15774,7732331000.0
007815,764,75.16228220020498,9.0,20.775623268698418,H,shallow,H-shallow,True,10.0,0.5336218375499334,14510.0,6.891798759476223,11.220915032679738,0.043137254901960784,765,40401000.0
007820,3177,37.3134328358209,191.0,18.399264029438367,H,deep,H-deep,True,10.0,0.8612436386768448,5385.0,18.570102135561747,2.488979848866499,0.2380352644836272,3176,966358000.0
007860,2707,20.325203252032523,70.0,10.090817356205317,M,shallow,M-shallow,True,10.0,0.8725710014947683,9895.0,10.10611419909045,2.6691285081240768,0.2743722304283604,2708,826050000.0
007980,3161,10.666666666666668,360.0,5.3633681952258705,L,deep,L-deep,True,1.0,0.7761390887290168,1882.5,5.3120849933598935,3.5172413793103448,0.35811452072129074,3161,1053408000.0
008040,3897,17.37619461337967,986.0,8.536064874092864,L,deep,L-deep,True,1.0,0.8954745565194873,1162.5,8.602150537634408,2.995381062355658,0.3302540415704388,3897,1397496000.0
008060,5853,15.408320493066256,48.0,7.7220077220074845,L,shallow,L-shallow,True,10.0,0.7835208727022849,12930.0,7.733952049497294,1.8718605843157354,0.4490005125576627,5853,834633000.0
008250,1104,25.806451612903224,56.0,19.31123470080398,M,shallow,M-shallow,True,5.0,0.7360341643582641,3857.5,12.961762799740765,2.67481884057971,0.4266304347826087,1104,67674000.0
008260,1592,14.440433212996389,160.0,7.215007215006786,L,deep,L-deep,True,5.0,0.8100412436548223,3467.5,14.419610670511895,1.4792713567839195,0.6344221105527639,1592,245111000.0
008290,1180,53.763440860215056,900.0,13.586956521738358,H,deep,H-deep,True,1.0,0.7589285714285714,370.0,27.027027027027028,2.0822033898305086,0.3694915254237288,1180,72075000.0
008350,132671,5.901445854234288,1838.0,5.7355893318034035,L,deep,L-deep,True,1.0,0.9277331480459158,1720.5,5.812263876780006,1.6916936760382906,0.6327127459109068,132670,243399608000.0
008355,2411,54.570259208731244,69.0,50.847457627118956,H,shallow,H-shallow,True,10.0,0.24439834024896265,14995.0,6.668889629876625,10.219917012448132,0.08838174273858922,2410,560234000.0
008370,649,20.408163265306126,42.0,5.107252298263143,M,shallow,M-shallow,True,5.0,0.87,4900.0,10.204081632653063,2.5161787365177197,0.32973805855161786,649,62668000.0
008420,1013,23.28288707799767,92.0,11.574074074074403,M,shallow,M-shallow,True,5.0,0.9199798691494716,2157.5,23.174971031286212,1.5952615992102666,0.6584402764067128,1013,107572000.0
008470,761,27.063599458728014,335.0,13.633265167007913,M,deep,M-deep,True,5.0,0.8144192256341789,3682.5,13.577732518669382,2.4218134034165573,0.38896189224704336,761,49679000.0
008490,2096,49.26108374384236,26.0,12.315270935960854,H,shallow,H-shallow,True,50.0,0.8561685176243361,20275.0,24.66091245376079,1.8625954198473282,0.3812022900763359,2096,123727000.0
008700,2396,16.835016835016834,252.0,8.421052631578663,L,deep,L-deep,True,1.0,0.8081284442560407,1189.5,8.406893652795292,2.7704507512520866,0.4073455759599332,2396,255554000.0
008730,5607,20.34587995930824,76.0,10.141987829614951,M,shallow,M-shallow,True,50.0,0.9485704896483733,24700.0,20.242914979757085,1.848011414303549,0.5931870875691101,5607,1721573000.0
008770,9422,11.730205278592376,191.0,0.0,L,deep,L-deep,True,50.0,0.9813736589573562,42650.0,11.723329425556857,1.1627215794501646,0.8776138414181085,9421,2987771000.0
008775,324,29.41182831277749,19.0,7.331378299120228,M,shallow,M-shallow,True,50.0,0.591692789968652,34125.0,14.652014652014651,3.259259259259259,0.2808641975308642,324,13067000.0
008830,7178,24.66091245376079,270.0,12.10653753026647,M,deep,M-deep,True,50.0,0.9539853541754683,20350.0,24.570024570024568,1.305656171635553,0.746308163833937,7178,4203773000.0
008870,302,22.246941045606228,59.0,5.537098560355336,M,shallow,M-shallow,True,50.0,0.59375,45175.0,11.068068622025455,2.5397350993377485,0.30132450331125826,302,25002000.0
008930,7173,13.67053998632946,220.0,0.0,L,deep,L-deep,True,50.0,0.9258477582292849,36625.0,13.651877133105803,1.2959710023699986,0.7911612993168827,7173,3461219000.0
008970,5562,17.36613603473227,500.0,5.780346820809523,L,deep,L-deep,True,1.0,0.8252763682493657,1726.0,5.793742757821553,3.243797195253506,0.21718806184825604,5562,1263676000.0
009070,10342,15.58846453624318,272.0,7.770007770008247,L,deep,L-deep,True,10.0,0.9576582494039799,6545.0,15.278838808250573,1.8259355961705832,0.5041098539793056,10341,5371755000.0
009140,513,45.558086560364465,32.0,22.70147559591429,H,shallow,H-shallow,True,50.0,0.8878364905284147,21925.0,22.80501710376283,2.2826510721247564,0.38596491228070173,513,94819000.0
009150,64451,12.143290831815422,442.0,0.0,L,deep,L-deep,True,500.0,0.9985172703634749,412250.0,12.12856276531231,1.0426680734201177,0.9655862593287924,64451,290723878000.0
009155,9588,23.543260741612713,22.0,5.959475566150729,M,shallow,M-shallow,True,100.0,0.743531923410501,169800.0,5.889281507656065,7.401647893199833,0.2289319983312474,9588,6537665000.0
009160,4036,20.040080160320638,27.0,10.080645161290036,M,shallow,M-shallow,True,5.0,0.7042903467198802,4942.5,10.116337885685383,2.162784935579782,0.49256689791873143,4036,1207322000.0
009180,4005,34.07155025553663,218.0,16.70843776106934,H,deep,H-deep,True,5.0,0.8658882034495783,2985.0,16.75041876046901,2.3666999500748878,0.23589615576635048,4006,1048011000.0
009190,918,40.06416044155328,221.0,20.00800320127949,H,deep,H-deep,True,1.0,0.5471881959910914,1242.5,8.048289738430583,5.633986928104576,0.08823529411764706,918,136657000.0
009200,1286,35.30895334174023,257.0,7.633587786259888,H,deep,H-deep,True,1.0,0.7652761457109283,1972.5,5.069708491761723,9.258164852255055,0.13996889580093314,1286,248331000.0
009240,4466,11.827321111768185,69.0,5.903187721369996,L,shallow,L-shallow,True,50.0,0.885911570811548,42350.0,11.806375442739078,1.5434393193013882,0.6200179131213615,4466,972966000.0
009270,4400,21.613835657767957,646.0,7.2306579898773204,M,deep,M-deep,True,1.0,0.8767480513525906,1380.0,7.246376811594203,3.418409090909091,0.23136363636363635,4400,1080976000.0
009290,14521,11.254924029262803,230.0,5.589714924538747,L,deep,L-deep,True,10.0,0.955206525511975,8935.0,11.191941801902631,1.396391433096894,0.689621926864541,14521,3564145000.0
009300,840,43.92845936617508,35.0,9.50269242952162,H,shallow,H-shallow,True,10.0,0.6095353047676524,15820.0,6.321112515802782,7.279761904761905,0.05357142857142857,840,115616000.0
009320,1586,19.98001998001998,287.0,14.977533699450651,M,deep,M-deep,True,1.0,0.6851030110935024,1004.0,9.9601593625498,3.33921815889029,0.2742749054224464,1586,163684000.0
009410,6921,5.480953685941354,70.0,8.163265306122547,L,shallow,L-shallow,True,1.0,0.7146204140937159,1831.5,5.46000546000546,2.666811154457448,0.6204305736165294,6921,1039102000.0
009415,206,114.84823625922888,470.0,16.313213703099684,H,deep,H-deep,True,10.0,0.42475728155339804,6145.0,16.273393002441008,9.62135922330097,0.014563106796116505,206,15131000.0
009420,26418,18.63932898415657,195.0,0.0,M,deep,M-deep,True,100.0,0.9905348930404748,53650.0,18.63932898415657,1.1140088572618192,0.9057496498731973,26419,16664680000.0
009450,4358,16.299918500407497,103.0,8.071025020177647,L,shallow,L-shallow,True,100.0,0.9833217512161223,61450.0,16.273393002441008,1.3329508949059201,0.7333639284075264,4358,1219015000.0
009460,1203,20.222446916076848,420.0,10.080645161290036,M,deep,M-deep,True,1.0,0.9463835155592936,495.5,20.181634712411707,1.7930174563591021,0.5586034912718204,1203,58449000.0
009470,5648,12.894906511927788,47.0,6.430868167202064,L,shallow,L-shallow,True,50.0,0.8417806382408153,39125.0,12.779552715654953,1.7870042492917848,0.5532932011331445,5648,2261313000.0
009520,7528,5.613247263541959,147.0,5.588153115395622,L,shallow,L-shallow,True,10.0,0.7292855704022024,17955.0,5.56947925368978,2.348478809618706,0.5027235286302644,7527,2331885000.0
009540,21412,12.202562538133007,169.0,0.0,L,deep,L-deep,True,500.0,0.9670015364614112,410250.0,12.187690432663011,1.1582831254962402,0.9003316052496381,21411,50584173000.0
009580,1383,40.899795501022496,299.0,10.309278350515427,H,deep,H-deep,True,5.0,0.937039764359352,2425.0,20.61855670103093,1.7086044830079536,0.4837310195227766,1383,109074000.0
009620,2449,91.99632014719411,179.0,15.499070055796649,H,deep,H-deep,True,1.0,0.7152067130577159,1607.0,6.222775357809583,15.389955083707635,0.015108207431604737,2449,291703000.0
009680,4365,9.144947416552354,14.0,8.952551477170445,L,shallow,L-shallow,True,10.0,0.7440840355535034,11010.0,9.08265213442325,1.8611683848797251,0.5056128293241695,4365,646232000.0
009730,2121,33.50083752093802,574.0,16.70843776107045,H,deep,H-deep,True,1.0,0.8632053105737316,590.5,16.93480101608806,1.9335219236209336,0.4535596416784536,2121,364607000.0
009770,854,30.67484662576687,63.0,15.396458814471714,M,shallow,M-shallow,True,50.0,0.6646919431279621,32550.0,15.360983102918587,2.7704918032786887,0.3559718969555035,854,112080000.0
009780,1246,27.87457799637145,16.0,7.087172218285254,M,shallow,M-shallow,True,10.0,0.8350588712951685,7095.0,14.094432699083862,1.768860353130016,0.47913322632423755,1246,99500000.0
009810,1054,38.666103525735664,72.0,19.216911990421195,H,shallow,H-shallow,True,1.0,0.8080057526366251,1040.0,9.615384615384617,4.395635673624288,0.22296015180265655,1054,19413000.0
009830,97717,10.911074740861974,1466.0,0.0,L,deep,L-deep,True,50.0,0.9979062713513738,45875.0,10.899182561307903,1.035991690289305,0.9698107801099092,97717,154942217000.0
009835,2673,36.42987249544627,42.0,17.857142857142794,H,shallow,H-shallow,True,50.0,0.8336161387631976,27525.0,18.1653042688465,2.30875748502994,0.343937125748503,2672,687313000.0
009900,17338,9.324009324009324,188.0,4.695938272503697,L,deep,L-deep,True,10.0,0.9037033802078784,10800.0,9.25925925925926,1.5339408270373147,0.6286406367149201,17339,5167908000.0
009970,6071,22.598870056497177,18.0,11.235955056180247,M,shallow,M-shallow,True,500.0,0.8566201070592171,222500.0,22.471910112359552,1.5335200131774007,0.6264206885191896,6071,2479802000.0
010040,510,48.78048780487805,441.0,12.391573729864103,H,deep,H-deep,True,5.0,0.743,2025.0,24.691358024691358,1.9843137254901961,0.4,510,25669000.0
010060,36086,6.34719136781974,27.0,6.271558482282558,L,shallow,L-shallow,True,100.0,0.8858646406914338,158450.0,6.311139160618492,1.6933159674111844,0.648007537549188,36086,31757995000.0
010100,2890,22.099447513812155,275.0,10.887316276537717,M,deep,M-deep,True,5.0,0.860410094637224,4545.0,11.001100110011,2.480968858131488,0.3027681660899654,2890,923619000.0
010120,27853,13.70801919122687,173.0,0.0,L,deep,L-deep,True,1000.0,0.9885397211090359,730500.0,13.689253935660506,1.0684282329288433,0.9470812091620593,27854,62745951000.0
010130,17036,6.236357966947303,11.0,3.107520198881719,L,shallow,L-shallow,True,1000.0,0.8866414824950177,1607500.0,6.2208398133748055,1.7620333411598967,0.6394106597792909,17036,32107079000.0
010140,111568,17.25625539257981,7041.0,0.0,L,deep,L-deep,True,50.0,0.9999681012012176,28975.0,17.25625539257981,1.0101821310770114,0.9898626846407572,111568,207743900000.0
010170,92792,13.651877133105803,4063.5,0.0,L,deep,L-deep,True,10.0,0.996515006420441,7335.0,13.6332651670075,1.0598657197357502,0.9532174456574453,92791,128960273000.0
010240,940,38.314176245210724,442.0,9.532888465204614,H,deep,H-deep,True,10.0,0.8261400651465798,5220.0,19.157088122605362,1.9787234042553192,0.37659574468085105,940,98667000.0
010280,1875,35.810205908683976,456.0,13.286093888397188,H,deep,H-deep,True,1.0,0.6606182795698925,1126.5,8.87705281846427,4.7594666666666665,0.09653333333333333,1875,364488000.0
010400,1095,39.138943248532286,40.0,13.245033112583293,H,shallow,H-shallow,True,5.0,0.770977408944214,3805.0,13.140604467805518,3.6858447488584476,0.228310502283105,1095,115178000.0
010470,652,51.06382978723404,69.5,8.59106529209619,H,shallow,H-shallow,True,10.0,0.9413364413364413,5835.0,17.13796058269066,2.4294478527607364,0.2254601226993865,652,49448000.0
010580,1965,50.0,107.0,12.484394506866447,H,deep,H-deep,True,5.0,0.6273065094823168,2010.0,24.87562189054726,2.2911959287531807,0.2366412213740458,1965,311354000.0
010640,1268,19.550342130987293,226.0,19.436345966958868,M,deep,M-deep,True,5.0,0.6429450369155045,2577.5,19.398642095053347,2.5512618296529967,0.5055205047318612,1268,105213000.0
010660,3921,33.95585738539898,369.0,8.628127696290733,H,deep,H-deep,True,10.0,0.9246011322696861,5825.0,17.167381974248926,1.762815608263198,0.479979597041571,3921,1357790000.0
010690,9335,7.9713033080908735,141.0,7.742934572202431,L,shallow,L-shallow,True,10.0,0.9054861488321564,12740.0,7.849293563579279,1.9225578406169666,0.5138174807197944,9336,3111018000.0
010770,1511,25.28445006321113,34.0,12.618296529969264,M,shallow,M-shallow,True,5.0,0.8194770365403956,3952.5,12.65022137887413,2.258769027134348,0.3454665784248842,1511,129959000.0
010780,18284,15.710919088766694,65.0,7.843137254901489,L,shallow,L-shallow,True,50.0,0.9437693934151632,31975.0,15.63721657544957,1.4051629840297528,0.6680704441041347,18284,4911743000.0
010820,73129,12.65022137887413,886.0,6.142506142505777,L,deep,L-deep,True,10.0,0.978872921342849,7995.0,12.507817385866167,1.3945137293512744,0.715362104802538,73128,76626166000.0
010950,54917,9.438414346389807,264.0,0.0,L,deep,L-deep,True,100.0,0.9921160371791089,106050.0,9.42951438000943,1.1109654393823518,0.9073891984413125,54918,69189690000.0
010955,3333,18.814675446848543,47.0,9.345794392523477,M,shallow,M-shallow,True,100.0,0.8671556026009375,53600.0,18.65671641791045,1.6144614461446145,0.5205520552055205,3333,1076056000.0
010960,1213,25.641025641025642,67.0,12.698412698413097,M,shallow,M-shallow,True,5.0,0.8812814070351759,3905.0,12.804097311139564,2.482275350370981,0.2943116240725474,1213,162056000.0
011000,6831,9.376465072667605,342.0,4.657661853748607,L,deep,L-deep,True,1.0,0.9618712718167759,1077.0,9.285051067780874,1.9679402722880983,0.5996193822280779,6831,446396000.0
011040,1976,18.39926402943882,28.0,9.191176470588758,M,shallow,M-shallow,True,10.0,0.9942543411644535,5445.0,18.365472910927455,1.4615384615384615,0.6300607287449392,1976,99951000.0
011070,17150,19.743336623889437,170.0,0.0,M,deep,M-deep,True,500.0,0.9964250893727656,253750.0,19.704433497536943,1.1777155850970789,0.8454317532505393,17151,21768536000.0
011080,1264,40.899795501022496,474.0,10.235414534287557,H,deep,H-deep,True,1.0,0.8390861931364725,490.5,20.387359836901123,2.507911392405063,0.3045886075949367,1264,108062000.0
011090,1475,44.34589800443459,484.0,22.172949002217113,H,deep,H-deep,True,1.0,0.8380691543991784,446.5,22.396416573348265,1.9559322033898305,0.38372881355932204,1475,103540000.0
011150,2443,18.885741265344667,336.0,9.398496240601295,M,deep,M-deep,True,5.0,0.9639742524916943,2657.5,18.814675446848543,1.588211215718379,0.5767498976668031,2443,285710000.0
011170,20591,14.440433212996389,683.0,0.0,L,deep,L-deep,True,100.0,0.9598573743126473,69450.0,14.398848092152628,1.150405516973435,0.8645524743820115,20591,14391632000.0
011200,40659,23.72479240806643,5241.0,0.0,M,deep,M-deep,True,50.0,0.9999626475422083,21075.0,23.72479240806643,1.0227753455654485,0.9772738452457082,40658,46754952000.0
011210,19934,12.353304508956146,67.0,6.006006006006315,L,shallow,L-shallow,True,100.0,0.9315483001500242,81050.0,12.338062924120914,1.321310324069429,0.7795725895455001,19934,12349616000.0
011230,1053,57.63688760806916,130.0,19.249278152069227,H,deep,H-deep,True,5.0,0.7395231213872833,2592.5,19.286403085824496,2.761633428300095,0.1737891737891738,1053,145229000.0
011280,4556,24.42002442002442,110.0,10.638297872340718,M,shallow,M-shallow,True,1.0,0.6781528363806845,1906.5,5.245213742460005,6.892449517120281,0.1984196663740123,4556,909655000.0
011300,2371,32.520325203252035,1839.0,16.15508885298933,M,deep,M-deep,True,1.0,0.9563754805638616,311.0,32.154340836012864,1.489873417721519,0.5827004219409283,2370,394621000.0
011320,977,38.684719535783366,114.0,19.379844961240345,H,deep,H-deep,True,5.0,0.7759384775808134,3870.0,12.919896640826874,3.6939611054247696,0.23848515864892528,977,95689000.0
011330,8198,26.7379679144385,787.0,6.798096532971143,M,deep,M-deep,True,1.0,0.8476600834151129,737.0,13.568521031207597,1.7371310075628201,0.47279824347401805,8198,1031851000.0
011370,2281,28.34199338686821,213.0,9.416195856872811,M,deep,M-deep,True,1.0,0.7781035627351184,1050.5,9.51927653498334,3.0004384042086802,0.27224901359053044,2281,339543000.0
011390,1949,39.49967083607637,12.0,19.556714471968828,H,shallow,H-shallow,True,100.0,0.7445624029000518,76350.0,13.097576948264571,3.525910723447922,0.0887634684453566,1949,789962000.0
011420,1708,39.76143141153081,19.0,8.542141230067912,H,shallow,H-shallow,True,1.0,0.6987710986082322,1763.5,5.670541536716756,7.536885245901639,0.06440281030444965,1708,62264000.0
011500,10194,23.121387283236995,243.0,0.0,M,deep,M-deep,True,50.0,0.982896561973645,21725.0,23.014959723820482,1.3632528938591328,0.7052187561310574,10194,4620748000.0
011560,3125,11.273957158962796,19.0,8.613264427217437,L,shallow,L-shallow,True,10.0,0.650282942603072,17385.0,5.752085130859936,2.8512,0.48736,3125,706979000.0
011690,9502,15.30221882172915,385.5,7.590133920496456,L,deep,L-deep,True,10.0,0.950351587470701,6625.0,15.094339622641508,1.7593937480265236,0.5001578781180929,9501,4982568000.0
011700,33744,19.665683382497544,936.0,9.442870632672129,M,deep,M-deep,True,10.0,0.9283704519740368,5145.0,19.43634596695821,1.4007942388050856,0.6374062768574222,33743,25056289000.0
011760,2791,19.665683382497544,310.0,9.756097560975618,M,deep,M-deep,True,50.0,0.9651098901098901,25575.0,19.550342130987293,1.6678609817269796,0.525618058043712,2791,1453743000.0
011780,21070,8.646779074794638,60.0,0.0,L,shallow,L-shallow,True,100.0,0.9667511840405684,115900.0,8.628127696289905,1.3094921689606076,0.7928808732795444,21070,7537084000.0
011785,1045,34.48275862068965,37.0,8.695652173913437,H,shallow,H-shallow,True,100.0,0.8724563953488372,57550.0,17.37619461337967,1.736842105263158,0.46220095693779906,1045,203971000.0
011790,15513,10.21972406745018,191.0,0.0,L,deep,L-deep,True,100.0,0.9719708601483127,97850.0,10.21972406745018,1.1724893644450174,0.8846203429160758,15514,13743079000.0
011930,35049,22.197558268590456,8068.0,0.0,M,deep,M-deep,True,5.0,0.9947834163762564,2252.5,22.197558268590456,1.0760364061742131,0.9275870923564153,35049,16035809000.0
012030,10091,5.745475438092503,354.0,5.644933672029895,L,deep,L-deep,True,1.0,0.7929629075680527,1763.5,5.670541536716756,2.2282231691606382,0.528094341492419,10091,1865844000.0
012160,3920,66.39008721618927,179.5,27.02702702702675,H,deep,H-deep,True,1.0,0.7441245593419507,594.0,16.835016835016834,4.280867346938775,0.10357142857142858,3920,608816000.0
012170,836,84.71313053523296,65.0,19.186492709133418,H,shallow,H-shallow,True,1.0,0.5791139240506329,1305.25,7.661367554108408,11.852870813397129,0.023923444976076555,836,31999000.0
012200,10325,14.074595355383533,280.0,7.0175438596487005,L,deep,L-deep,True,10.0,0.8987179487179487,7125.0,14.035087719298245,1.5138014527845036,0.6517191283292978,10325,3322196000.0
012205,939,17.6522506619594,268.0,8.787346221441616,L,deep,L-deep,True,10.0,0.6703940362087327,5695.0,17.559262510974538,1.6879659211927582,0.7273695420660277,939,58965000.0
012210,14895,12.091898428053204,110.0,5.911912503695493,L,shallow,L-shallow,True,10.0,0.7249881097975268,16865.0,5.929439667951378,2.825500201423392,0.3851886665771452,14894,7800119000.0
012280,2944,19.550342130987293,140.0,9.765625,M,shallow,M-shallow,True,1.0,0.8123612771043196,1021.5,9.789525208027412,2.098505434782609,0.2826086956521739,2944,448143000.0
012320,4718,34.14911781445646,15.0,11.441647597254523,H,shallow,H-shallow,True,100.0,0.8777926960257787,88000.0,11.363636363636363,3.38525111252384,0.24687433778342868,4719,2000495000.0
012330,42299,12.554927809165099,273.0,0.0,L,deep,L-deep,True,500.0,0.9936021621104494,398750.0,12.539184952978058,1.0605688077732334,0.9478238256223551,42299,70853879000.0
012340,4936,29.027576197387518,2314.0,14.492753623187582,M,deep,M-deep,True,1.0,0.9743530735399407,347.0,28.81844380403458,1.472447325769854,0.5958265802269044,4936,656954000.0
012450,56440,6.777363605557438,64.0,0.0,L,shallow,L-shallow,True,1000.0,0.9834920819124815,1476500.0,6.7727734507280735,1.1282223915238923,0.9203770308818058,56441,268353549000.0
012510,4471,8.392782207301721,7959.0,0.0,L,deep,L-deep,True,100.0,1.0,119150.0,8.392782207301721,1.0547975844330129,0.9452024155669873,4471,10943778000.0
012610,4901,24.213075060532688,399.0,6.1766522544781655,M,deep,M-deep,True,5.0,0.8579230769230769,4097.5,12.202562538133007,1.76657824933687,0.4609263415629463,4901,980739000.0
012620,525,23.174971031286212,100.0,17.35106998264957,M,shallow,M-shallow,True,10.0,0.6926229508196722,8630.0,11.587485515643106,3.038095238095238,0.32571428571428573,525,18743000.0
012630,8626,20.181634712411707,144.0,10.040160642570406,M,deep,M-deep,True,50.0,0.9207174914029259,24850.0,20.12072434607646,1.3244841177834454,0.7408996058428008,8626,3639774000.0
012690,3380,46.8384074941452,531.0,11.778563015312216,H,deep,H-deep,True,5.0,0.9691468698640371,2125.0,23.52941176470588,1.925147928994083,0.35384615384615387,3380,531441000.0
012700,2428,28.050490883590463,182.0,7.012622720897754,M,deep,M-deep,True,5.0,0.9021241149521033,3567.5,14.01541695865452,2.5275947281713345,0.278830313014827,2428,242350000.0
012750,8999,11.940298507462687,74.0,5.948839976204212,L,shallow,L-shallow,True,100.0,0.772831451510848,84050.0,11.89767995240928,1.783111111111111,0.6592222222222223,9000,4443232000.0
012790,1509,33.00330033003301,201.0,8.250825082508628,H,deep,H-deep,True,10.0,0.948802294197031,6035.0,16.570008285004143,1.7992047713717694,0.40092776673293573,1509,92144000.0
012800,4195,14.792899408284024,340.0,7.355645457889359,L,deep,L-deep,True,1.0,0.8332126041289388,1353.0,7.390983000739098,2.8243146603098928,0.3740166865315852,4195,889343000.0
012860,12406,12.73074474856779,733.0,6.321112515802474,L,deep,L-deep,True,5.0,0.915287412275364,3967.5,12.60239445494644,1.5985007254554249,0.619700145091085,12406,5603720000.0
013000,731,62.639821029082775,56.0,22.291573785109264,H,shallow,H-shallow,True,1.0,0.6984785615491009,1121.0,8.920606601248885,9.543091655266759,0.06976744186046512,731,101751000.0
013030,7539,27.137042062415194,112.0,6.925207756232066,M,shallow,M-shallow,True,50.0,0.9105783357820222,36150.0,13.831258644536653,1.8321836030777394,0.4548951976651632,7538,2810448000.0
013120,3075,17.40644038294169,338.0,8.673026886383273,L,deep,L-deep,True,5.0,0.8596763648251062,2887.5,17.316017316017316,1.7014634146341463,0.5209756097560976,3075,287386000.0
013310,9713,29.49852507374631,600.0,14.869888475836923,M,deep,M-deep,True,5.0,0.8960821476788867,3295.0,15.174506828528074,2.033978583196046,0.482495881383855,9712,4638889000.0
013360,3759,16.99235344095157,134.0,8.396305625524292,L,shallow,L-shallow,True,1.0,0.6673214346191622,1780.0,5.617977528089888,6.7682894386805,0.2657621707901037,3759,368755000.0
013520,2305,16.764459346186086,70.0,16.542597187758634,L,shallow,L-shallow,True,5.0,0.8362031147181399,2992.5,16.70843776106934,1.6455531453362255,0.5995661605206074,2305,355626000.0
013570,2774,10.240655401945725,33.0,10.090817356205317,L,shallow,L-shallow,True,5.0,0.7431531860507578,4955.0,10.090817356205854,2.923576063446287,0.5129776496034607,2774,404534000.0
013580,2760,39.8406374501992,170.0,9.980039920159944,H,deep,H-deep,True,50.0,0.8887555391432792,25250.0,19.801980198019802,2.2518115942028984,0.2826086956521739,2760,1295621000.0
013700,875,55.27043031977892,108.0,12.053033346726139,H,deep,H-deep,True,1.0,0.6555232558139535,1264.0,7.911392405063291,7.740571428571428,0.08114285714285714,875,91285000.0
013720,6059,43.01075268817204,405.0,17.667844522968323,H,deep,H-deep,True,1.0,0.730681626455205,876.5,11.409013120365088,4.022941079386038,0.220168344611322,6059,1362323000.0
013810,5751,17.68346595932803,526.0,17.10863986313038,L,deep,L-deep,True,5.0,0.8739598843829377,2892.5,17.28608470181504,1.8041739130434782,0.5055652173913043,5750,1796559000.0
013870,1721,19.32367149758454,2.0,9.633911368015502,M,shallow,M-shallow,True,10.0,0.8292987089201878,5200.0,19.230769230769234,1.6246368390470656,0.6321905868680999,1721,139739000.0
013890,2150,24.83444134071034,25.0,8.361204013378476,M,shallow,M-shallow,True,10.0,0.6295684979957558,12095.0,8.26787928896238,4.365116279069768,0.24930232558139534,2150,494995000.0
013990,6903,10.035122930255895,1158.0,0.0,L,deep,L-deep,True,5.0,0.7691477688368691,4982.5,10.035122930255895,1.409387222946545,0.7731421121251629,6903,1694363000.0
014100,413,89.52551477170994,192.0,21.039975954313395,H,deep,H-deep,True,1.0,0.5867537313432836,1663.5,6.011421701232341,14.382566585956416,0.11380145278450363,413,26849000.0
014130,759,37.66478342749529,302.0,18.850141376061114,H,deep,H-deep,True,5.0,0.8324932795698925,2665.0,18.76172607879925,2.3781291172595522,0.31357048748353095,759,44776000.0
014160,1503,38.83495145631068,315.0,9.775171065493637,H,deep,H-deep,True,1.0,0.8572758037225042,1027.5,9.732360097323602,4.024617431803061,0.10578842315369262,1503,217000000.0
014190,3639,49.958368026644465,116.0,8.363534987454457,H,deep,H-deep,True,1.0,0.6963616164421608,1793.5,5.575689991636465,8.90162132453971,0.04561692772739764,3639,443754000.0
014280,3163,20.02002002002002,272.0,9.930486593843213,M,deep,M-deep,True,10.0,0.5322361044369694,5005.0,19.98001998001998,1.4091052797976604,0.4091052797976604,3163,531187000.0
014285,248,72.62164124909224,1491.0,7.363770250368162,H,deep,H-deep,True,10.0,0.7056451612903226,6850.0,14.598540145985401,3.939516129032258,0.3024193548387097,248,10004000.0
014440,1560,31.864046733935208,142.5,5.339028296849069,M,deep,M-deep,True,5.0,0.9402561608300908,4692.5,10.655301012253595,3.049358974358974,0.19038461538461537,1560,137488000.0
014470,1568,36.94126339120798,248.0,7.320644216690653,H,deep,H-deep,True,1.0,0.8545719844357976,1353.0,7.390983000739098,4.904336734693878,0.05357142857142857,1568,83106000.0
014530,12791,12.99545159194282,478.0,6.497725795971965,L,deep,L-deep,True,5.0,0.9246078663198549,3887.5,12.861736334405146,1.5948713939488703,0.5845516378703776,12791,6130254000.0
014570,735,25.252525252525256,100.0,12.642225031606058,M,shallow,M-shallow,True,5.0,0.8618375774260152,3957.5,12.634238787113075,2.204081632653061,0.4707482993197279,735,34848000.0
014580,3439,22.099447513812155,235.0,5.599104143336753,M,deep,M-deep,True,5.0,0.9256697085663821,4520.0,11.061946902654867,2.3506833381797034,0.3460308229136377,3439,678505000.0
014620,23770,15.117157974300833,100.0,7.352941176470562,L,shallow,L-shallow,True,50.0,0.9573365653315268,33175.0,15.071590052750565,1.467710042492322,0.6739450544827296,23769,9960999000.0
014680,19709,17.71479185119575,49.0,8.726003490401313,L,shallow,L-shallow,True,500.0,0.9813635667619437,283250.0,17.6522506619594,1.2189862499365771,0.8206403166066264,19709,18875671000.0
014710,1498,26.917900403768506,21.0,13.495276653171517,M,shallow,M-shallow,True,10.0,0.8433140523987751,7430.0,13.458950201884253,2.597463284379172,0.3317757009345794,1498,146887000.0
014790,2291,31.05590062111801,326.0,7.8678206136895135,M,deep,M-deep,True,5.0,0.8455243820975283,3195.0,15.64945226917058,1.6612832824094281,0.47577477084242686,2291,208146000.0
014820,5251,20.34587995930824,103.0,0.0,M,shallow,M-shallow,True,50.0,0.9706320954396768,24575.0,20.34587995930824,1.1894516374714394,0.8337776085300838,5252,790752000.0
014830,6625,23.80952380952381,32.0,11.743981209629828,M,shallow,M-shallow,True,100.0,0.8459943700547778,84050.0,11.89767995240928,2.283320754716981,0.3432452830188679,6625,2752502000.0
014910,4691,11.771630370806356,223.0,5.884083553986397,L,deep,L-deep,True,1.0,0.674013299013299,1708.5,5.8530875036581795,3.31315284587508,0.3295672564485184,4691,308432000.0
014940,5841,13.651877133105803,283.0,6.798096532970588,L,deep,L-deep,True,10.0,0.8980919340849957,7375.0,13.559322033898306,1.573874336586201,0.6365348399246704,5841,1603217000.0
014950,2033,33.8123415046492,38.0,12.610340479193294,H,shallow,H-shallow,True,10.0,0.7168405365126677,11895.0,8.406893652795292,4.722933070866142,0.11958661417322834,2032,534902000.0
014970,1544,49.382716049382715,49.0,16.214091734821913,H,shallow,H-shallow,True,10.0,0.823404255319149,6095.0,16.406890894175554,3.3238341968911915,0.13147668393782383,1544,123448000.0
014990,1562,38.24091778202677,199.0,18.939393939394478,H,deep,H-deep,True,1.0,0.7824717285945073,791.0,12.642225031605564,4.0896286811779765,0.1856594110115237,1562,248246000.0
015230,3141,31.397174254317115,31.0,7.961783439490722,M,shallow,M-shallow,True,10.0,0.8791138224434099,6280.0,15.923566878980893,1.7860553963705825,0.463546641197071,3141,270189000.0
015260,2930,55.47850208044383,678.0,14.398848092153083,H,deep,H-deep,True,1.0,0.8770060396893874,692.5,14.440433212996389,3.7638225255972695,0.2593856655290102,2930,362951000.0
015360,1495,26.42007926023778,41.0,13.114754098360049,M,shallow,M-shallow,True,100.0,0.7551537681649206,76000.0,13.157894736842104,2.779933110367893,0.21739130434782608,1495,356686000.0
015710,3367,25.74002574002574,200.0,6.455777921239303,M,deep,M-deep,True,5.0,0.9268347931138629,3877.5,12.894906511927788,2.2355212355212357,0.3967923967923968,3367,505680000.0
015750,33890,10.188487009679063,1253.0,0.0,L,deep,L-deep,True,10.0,0.9949240667315029,9820.0,10.183299389002036,1.0935084095603422,0.9152257303039245,33890,22338706000.0
015760,85562,10.643959552953698,1639.0,0.0,L,deep,L-deep,True,50.0,0.998322425893571,47000.0,10.638297872340425,1.0374586552284335,0.9732822197029021,85561,90032283000.0
015860,4617,13.764624913971094,174.0,6.877579092159358,L,deep,L-deep,True,10.0,0.9014969405594405,7335.0,13.6332651670075,1.6287632661901668,0.51895170023825,4617,1248561000.0
015890,1312,10.565240359218173,112.0,10.509721492379942,L,shallow,L-shallow,True,5.0,0.9231067961165048,4745.0,10.53740779768177,1.7522865853658536,0.555640243902439,1312,139188000.0
016090,1682,12.165450121654501,106.5,0.0,L,shallow,L-shallow,True,1.0,0.8233443212466287,1644.5,6.0808756460930375,2.2972651605231866,0.2294887039239001,1682,60237000.0
016100,858,68.98714330511132,79.0,24.92600153967239,H,shallow,H-shallow,True,1.0,0.5113905325443787,1589.0,6.293266205160479,12.337995337995338,0.055944055944055944,858,31542000.0
016250,2994,17.33603004911875,20.0,10.925976509150725,L,shallow,L-shallow,True,10.0,0.4948825503355705,17375.0,5.755395683453237,4.225450901803607,0.27354709418837675,2994,269799000.0
016360,32591,10.378827192527243,218.0,0.0,L,deep,L-deep,True,100.0,0.9768702845900014,96550.0,10.357327809425167,1.1968948482709951,0.8392500997207818,32591,35079469000.0
016380,5295,17.74622892635315,486.0,0.0,L,deep,L-deep,True,10.0,0.975950996281819,5645.0,17.71479185119575,1.3612842304060435,0.6944287063267234,5295,1077318000.0
016450,1307,20.470829068577277,61.0,10.31459515213995,M,shallow,M-shallow,True,5.0,0.8550837553564472,4847.5,10.31459515214028,1.8240244835501147,0.4957918898240245,1307,164461000.0
016580,1935,9.779951100244498,67.0,4.885197850512668,L,shallow,L-shallow,True,10.0,0.8569560669456067,10245.0,9.760858955588091,1.8299741602067183,0.5452196382428941,1935,205988000.0
016590,2495,15.515903801396432,60.0,11.632415664986073,L,shallow,L-shallow,True,10.0,0.6750506072874494,12865.0,7.773027594247959,2.796793587174349,0.42004008016032063,2495,599368000.0
016600,3628,35.77817531305904,4351.0,17.79359430605032,H,deep,H-deep,True,1.0,0.9652671755725191,280.5,35.650623885918,1.3850606394707827,0.655457552370452,3628,839498000.0
016610,5216,14.265335235378032,286.0,7.163323782235498,L,deep,L-deep,True,10.0,0.6781053649105848,13980.0,7.15307582260372,2.102760736196319,0.4281058282208589,5216,2090216000.0
016670,567,83.48240906380441,15.0,11.997600479903836,H,shallow,H-shallow,True,5.0,0.8219730941704035,4185.0,11.947431302270012,6.322751322751323,0.07054673721340388,567,30124000.0
016710,2051,22.93577981651376,86.0,5.743825387707346,M,shallow,M-shallow,True,10.0,0.8879225265235627,8730.0,11.45475372279496,2.318868844466114,0.3778644563627499,2051,206899000.0
016740,2898,21.413276231263385,64.0,10.775862068965747,M,shallow,M-shallow,True,5.0,0.7292357354737393,4652.5,10.746910263299302,2.139406487232574,0.4730848861283644,2898,433340000.0
016800,420,38.28972559029994,5.0,12.812299807816174,H,shallow,H-shallow,True,50.0,0.5572916666666666,39025.0,12.812299807815503,3.4976190476190476,0.24285714285714285,420,11718000.0
016880,8485,22.90950744558992,1002.0,11.086474501108556,M,deep,M-deep,True,5.0,0.9608874792506521,2250.0,22.22222222222222,1.5239835002946376,0.612610489098409,8485,2226896000.0
016920,566,21.208907741251327,841.0,5.277044854881119,M,deep,M-deep,True,1.0,0.7124664879356568,943.0,10.604453870625663,2.851590106007067,0.3374558303886926,566,25206000.0
017000,1062,68.61063464837049,109.0,25.64102564102555,H,deep,H-deep,True,5.0,0.7519083969465649,2905.0,17.21170395869191,4.100848256361923,0.09613572101790764,1061,110357000.0
017040,5196,20.87684946985224,391.0,10.21798365122617,M,deep,M-deep,True,1.0,0.7325361404870476,1452.5,6.884681583476764,3.842186297151655,0.22036181678214012,5196,1166704000.0
017180,2195,37.5234521575985,118.0,10.825439783490598,H,deep,H-deep,True,1.0,0.6510535959688502,1873.5,5.3376034160661865,8.261047835990889,0.11389521640091116,2195,399219000.0
017250,541,19.58863858961802,90.0,9.799118079373281,M,shallow,M-shallow,True,1.0,0.7714552238805971,1021.5,9.789525208027412,2.981515711645102,0.4066543438077634,541,77588000.0
017370,1694,33.840947546531304,281.0,8.503401360544505,H,deep,H-deep,True,10.0,0.8283885542168675,5910.0,16.920473773265652,2.092089728453365,0.3299881936245573,1694,356559000.0
017390,3348,14.869888475836431,11.0,7.380073800737907,L,shallow,L-shallow,True,100.0,0.8629753067717013,67750.0,14.760147601476014,1.539426523297491,0.5657108721624851,3348,734063000.0
017480,989,11.191941801902631,71.0,5.586592178770111,L,shallow,L-shallow,True,5.0,0.9342915811088296,4495.0,11.123470522803114,1.896865520728008,0.5055611729019212,989,32215000.0
017510,6137,21.253985122210413,131.0,10.293360782296368,M,shallow,M-shallow,True,10.0,0.8607514021774991,9475.0,10.554089709762533,2.4696105589050026,0.3239367769268372,6137,2155457000.0
017550,4318,5.349023803155924,73.0,7.917656373712667,L,shallow,L-shallow,True,1.0,0.7209675536881419,1881.5,5.3149083178315175,2.412227883279296,0.5868457619268179,4318,400625000.0
017650,872,22.650056625141563,2.0,16.764471125201297,M,shallow,M-shallow,True,10.0,0.7071759259259259,8875.0,11.267605633802818,2.5825688073394497,0.1938073394495413,872,514811000.0
017670,24440,13.04631441617743,779.0,0.0,L,deep,L-deep,True,100.0,0.9942523965638876,76650.0,13.04631441617743,1.1278998404320608,0.9024998977128595,24441,31877443000.0
017800,15343,11.46131805157593,133.0,0.0,L,shallow,L-shallow,True,100.0,0.9853504341223466,87450.0,11.435105774728417,1.294662060874666,0.7776836342305937,15343,16364586000.0
017810,4923,8.442380751371887,43.0,4.21762969211259,L,shallow,L-shallow,True,10.0,0.8446015160827699,11865.0,8.428150021070376,1.8762949421084705,0.5384927889498273,4923,518964000.0
017860,13079,10.245901639344263,84.0,5.049229992426518,L,shallow,L-shallow,True,10.0,0.6300317386592352,19845.0,5.039052658100277,3.4761831944338253,0.41493998012080435,13079,5507087000.0
017890,6322,17.873100983020553,31.0,8.88888888888939,L,shallow,L-shallow,True,10.0,0.7766502502184447,11045.0,9.053870529651427,2.4005061689338816,0.4577665295792471,6322,1593779000.0
017900,2024,48.19277108433735,492.0,12.1212121212122,H,deep,H-deep,True,5.0,0.9537337662337663,2077.5,24.067388688327316,2.3265810276679844,0.2509881422924901,2024,323397000.0
017940,5442,20.597322348094746,20.0,10.288065843621075,M,shallow,M-shallow,True,100.0,0.7715393849847632,96800.0,10.330578512396695,1.7543182653436236,0.43991179713340683,5442,2015349000.0
017960,27295,10.887316276537835,151.0,5.422993492407713,L,shallow,L-shallow,True,50.0,0.940115226945378,46550.0,10.741138560687432,1.6162441383352872,0.6028355803048066,27296,23368529000.0
018000,6977,16.963528413910094,1238.0,8.49617672047609,L,deep,L-deep,True,1.0,0.8200417837331604,1178.0,8.488964346349745,2.508744266055046,0.390625,6976,2172763000.0
018120,663,22.383883603805263,37.0,2.814522938362485,M,shallow,M-shallow,True,10.0,0.742579908675799,17775.0,5.625879043600563,3.77526395173454,0.28205128205128205,663,54637000.0
018250,2054,20.927799093128705,27.0,7.005253940455258,M,shallow,M-shallow,True,10.0,0.6494699211045365,14325.0,6.980802792321117,3.111976630963973,0.2994157740993184,2054,401887000.0
018260,18764,6.287331027978623,114.0,0.0,L,shallow,L-shallow,True,100.0,0.9239268530031897,159150.0,6.283380458686773,1.2307077382221274,0.8812619910466851,18764,17952283000.0
018290,10236,13.486176668914363,128.0,3.4399724802203213,L,shallow,L-shallow,True,10.0,0.8120308178585539,14650.0,6.825938566552901,2.5899364924279435,0.4754274548119199,10235,2103178000.0
018310,1754,21.333333333333336,91.0,8.004268943436754,M,shallow,M-shallow,True,10.0,0.43857634902411025,18720.0,5.341880341880342,4.945838084378563,0.11117445838084379,1754,118394000.0
018470,51531,14.347202295552368,1030.0,7.291286912141093,L,deep,L-deep,True,1.0,0.8641694462324693,1375.5,7.270083605961468,2.3110032990490974,0.4405200853871531,51530,36809715000.0
018500,2270,31.735956839098698,346.0,9.47567909033442,M,deep,M-deep,True,1.0,0.7621111111111111,1577.0,6.341154090044388,5.367400881057269,0.05859030837004405,2270,356164000.0
018620,606,44.54342984409799,474.5,14.81481481481528,H,deep,H-deep,True,1.0,0.8700754400670578,673.5,14.847809948032664,2.902640264026403,0.1848184818481848,606,34637000.0
018670,6823,21.668472372697725,48.0,10.638297872340718,M,shallow,M-shallow,True,500.0,0.9841346153846153,234000.0,21.36752136752137,1.3694855635351018,0.6734574234207826,6823,5447203000.0
018680,556,54.49591280653951,70.5,18.639328984156876,H,shallow,H-shallow,True,5.0,0.7417355371900827,2747.5,18.198362147406733,3.352517985611511,0.25719424460431656,556,59994000.0
018700,2155,37.174721189591075,926.0,18.92147587511772,H,deep,H-deep,True,1.0,0.781924882629108,539.0,18.55287569573284,2.762877030162413,0.360092807424594,2155,317224000.0
018880,41290,12.492192379762647,5405.0,0.0,L,deep,L-deep,True,5.0,0.9980337147477519,4002.5,12.492192379762647,1.0719544683942843,0.9340033906514895,41290,18673594000.0
019010,3017,22.026431718061676,121.0,11.098779134295356,M,shallow,M-shallow,True,5.0,0.6756947911466135,4540.0,11.013215859030838,2.4593967517401394,0.3483592973152138,3017,446795000.0
019170,4869,18.34862385321101,54.0,4.662004662004948,L,shallow,L-shallow,True,10.0,0.802950938699305,10805.0,9.254974548819991,2.1468474019305814,0.47689463955637706,4869,589704000.0
019175,227,36.54080389768575,113.0,3.0543677458760854,H,deep,H-deep,True,10.0,0.4966960352422907,16425.0,6.088280060882801,8.237885462555067,0.030837004405286344,227,22938000.0
019180,7229,23.228803716608596,284.0,11.757789535566943,M,deep,M-deep,True,10.0,0.8720982920878355,8555.0,11.689070718877849,2.2152441554848528,0.41651680730391477,7229,5589490000.0
019210,20613,14.947683109118087,336.0,7.742934572202431,L,deep,L-deep,True,10.0,0.8375576602218079,12975.0,7.707129094412331,2.080390064040365,0.49602173491170193,20612,23600567000.0
019540,27873,16.3265306122449,452.0,7.824726134584292,L,deep,L-deep,True,10.0,0.9530153518662169,6275.0,15.936254980079681,1.3925304057690238,0.7055214723926381,27873,7794297000.0
019550,3136,14.981273408239701,362.5,7.496251874062887,L,deep,L-deep,True,1.0,0.9081352094452532,669.5,14.936519790888724,1.6574162679425837,0.6564593301435406,3135,298893000.0
019570,6673,52.08333333333333,1739.0,13.192612137202797,H,deep,H-deep,True,1.0,0.9363212949530427,386.5,25.8732212160414,2.4990259253708977,0.2926719616364454,6673,1381020000.0
019660,290,62.17616580310881,99.5,20.768431983384517,H,shallow,H-shallow,True,5.0,0.5896309314586995,2415.0,20.70393374741201,3.2275862068965515,0.23103448275862068,290,14499000.0
019680,2020,18.779342723004696,177.0,9.36914428482205,M,deep,M-deep,True,1.0,0.730426599749059,1601.0,6.246096189881324,3.96980198019802,0.12623762376237624,2020,161736000.0
019685,207,9.828009828009828,2999.0,0.0,L,deep,L-deep,True,1.0,0.6429440389294404,1017.5,9.828009828009828,1.8840579710144927,0.7777777777777778,207,5590000.0
019770,1066,25.706940874035986,192.0,12.845215157354373,M,deep,M-deep,True,5.0,0.8193648519579751,3892.5,12.845215157353884,2.275797373358349,0.3602251407129456,1066,135566000.0
019990,8460,31.695721077654518,108.0,10.934937124111865,M,shallow,M-shallow,True,10.0,0.8434510013668509,9300.0,10.75268817204301,2.9060172597233715,0.22898687788154629,8459,4191078000.0
020000,7520,21.03049421661409,179.0,10.438413361169019,M,deep,M-deep,True,50.0,0.9436581930377624,23875.0,20.942408376963353,1.4495278627477057,0.6253491155738795,7519,1787593000.0
020120,2261,14.716703458425313,44.0,14.587892049597873,L,shallow,L-shallow,True,5.0,0.79336620349619,3412.5,14.652014652014651,1.6103494029190624,0.6386554621848739,2261,305438000.0
020150,12968,13.764624913971094,61.0,6.8259385665525585,L,shallow,L-shallow,True,50.0,0.9161568138420171,36575.0,13.67053998632946,1.5590684762492288,0.6221468229487971,12968,4634259000.0
020180,1849,19.723865877712033,673.0,4.960317460318553,M,deep,M-deep,True,1.0,0.8871100164203612,1014.5,9.857072449482505,2.555976203353164,0.3504597079502434,1849,255365000.0
020400,898,45.28301886792453,8.0,22.632997675514076,H,shallow,H-shallow,True,10.0,0.7244350282485875,6595.0,15.16300227445034,3.279510022271715,0.17817371937639198,898,82330000.0
020560,3624,14.357501794687725,227.5,0.0,L,deep,L-deep,True,10.0,0.9780658724597057,6975.0,14.336917562724015,1.4224613686534215,0.6986754966887417,3624,399195000.0
020710,1063,38.6349001931745,347.0,6.472491909385036,H,deep,H-deep,True,5.0,0.8581765557163531,3877.5,12.894906511927788,3.099717779868297,0.1665098777046096,1063,175177000.0
021040,271,139.28717738631707,127.0,12.305168170632097,H,deep,H-deep,True,1.0,0.5282485875706214,1221.5,8.186655751125665,19.25092250922509,0.0,271,12030000.0
021050,2670,30.627871362940276,530.0,7.730962504831629,M,deep,M-deep,True,1.0,0.7668083097261568,1296.5,7.7130736598534515,4.091725945338824,0.17334331710969675,2671,574717000.0
021080,3798,16.273393002441008,1517.5,8.097165991902688,L,deep,L-deep,True,5.0,0.8171706407353138,3117.5,16.038492381716118,1.7790942601369142,0.5284360189573459,3798,1146968000.0
021240,18076,13.395847287340924,256.0,0.0,L,deep,L-deep,True,100.0,0.9809608888640742,74650.0,13.395847287340924,1.2362932226832641,0.8318672199170124,18075,14170179000.0
021320,1820,32.31017770597739,70.0,16.207455429497752,M,shallow,M-shallow,True,10.0,0.7575125208681135,6190.0,16.155088852988694,2.286263736263736,0.37362637362637363,1820,309858000.0
021650,381,65.43075245365321,94.0,21.810250817884125,H,shallow,H-shallow,True,5.0,0.7465940054495913,2300.0,21.73913043478261,3.6377952755905514,0.1679790026246719,381,22640000.0
021820,3858,12.368583797155226,54.0,6.2873310279787376,L,shallow,L-shallow,True,10.0,0.7491217798594848,16015.0,6.2441461130190445,3.742871954380508,0.4556765163297045,3858,392708000.0
021880,972,85.1063829787234,1015.0,21.36752136752129,H,deep,H-deep,True,1.0,0.9457313899010932,234.0,42.73504273504274,1.875514403292181,0.38477366255144035,972,105389000.0
022100,19877,16.246953696181965,434.0,0.0,L,deep,L-deep,True,50.0,0.9964074225330543,30825.0,16.220600162206,1.1351813653971927,0.8842883734970066,19877,10853783000.0
022220,1078,37.453183520599254,259.0,9.32835820895539,H,deep,H-deep,True,1.0,0.8973572439830109,544.5,18.365472910927455,2.7168059424326834,0.3166202414113278,1077,20399000.0
023000,954,21.52852529601722,396.0,0.0,M,deep,M-deep,True,5.0,0.9982795129698253,2327.5,21.482277121374864,1.1823899371069182,0.8270440251572327,954,34407000.0
023150,1097,11.702750146284377,10.0,11.661807580174433,L,shallow,L-shallow,True,5.0,0.8359375,4277.5,11.689070718877849,2.6071103008204193,0.6125797629899726,1097,44557000.0
023160,20409,17.40644038294169,224.0,8.53970964987183,L,deep,L-deep,True,50.0,0.9847770526785936,28875.0,17.316017316017316,1.576265373119702,0.5590180802587094,20409,15096702000.0
023350,751,33.840947546531304,45.0,16.675931072818173,H,shallow,H-shallow,True,5.0,0.7371967654986523,4487.5,11.142061281337048,3.6005326231691077,0.1970705725699068,751,94312000.0
023410,5017,23.25581395348837,170.0,11.567379988433046,M,deep,M-deep,True,5.0,0.8516409072661582,4297.5,11.634671320535194,2.370739485748455,0.44807653976479966,5017,717866000.0
023440,5912,44.47739065974796,952.0,14.760147601475815,H,deep,H-deep,True,1.0,0.8199845811204386,673.0,14.858841010401187,3.7122801082543977,0.20060893098782137,5912,940656000.0
023530,25302,9.713453132588635,52.0,4.852013585637804,L,shallow,L-shallow,True,100.0,0.9159715309575951,103750.0,9.638554216867469,1.5868078883926806,0.6468402956171205,25303,19212205000.0
023590,6612,10.41124414367517,52.0,5.200208008320217,L,shallow,L-shallow,True,50.0,0.8353165522501907,48150.0,10.384215991692628,1.6144888082274653,0.6282516636418632,6612,2053093000.0
023600,2036,42.016806722689076,6.0,10.408535703471111,H,shallow,H-shallow,True,10.0,0.6067540821375557,9550.0,10.471204188481677,4.879666011787819,0.13998035363457761,2036,257529000.0
023760,2631,19.98001998001998,1594.0,5.094243504839557,M,deep,M-deep,True,1.0,0.8062488001535804,991.0,10.090817356205854,1.903458760927404,0.4469783352337514,2631,542175000.0
023770,623,35.273368606701936,46.0,26.338893766462146,H,shallow,H-shallow,True,5.0,0.6533442088091354,2840.0,17.6056338028169,2.764044943820225,0.3434991974317817,623,53485000.0
023790,1840,55.77244841048522,209.0,16.602102933038765,H,deep,H-deep,True,1.0,0.7185266630016492,901.5,11.092623405435386,6.092934782608696,0.07934782608695652,1840,94398000.0
023800,1581,30.349013657056148,276.0,15.140045420136694,M,deep,M-deep,True,10.0,0.7700735764555342,6580.0,15.19756838905775,2.0417457305502844,0.33523086654016443,1581,271127000.0
023810,1349,25.477707006369425,13.0,18.79699248120259,M,shallow,M-shallow,True,10.0,0.7519908987485779,7870.0,12.706480304955528,2.5048183839881393,0.23498888065233506,1349,284883000.0
023900,7332,19.990009990009987,99.0,14.367816091953589,M,shallow,M-shallow,True,10.0,0.8063733920341198,10210.0,9.79431929480901,2.727867957986632,0.3111444550538808,7331,3053138000.0
023910,1171,17.13796058269066,70.0,8.561643835616195,L,shallow,L-shallow,True,50.0,0.9372837370242214,29325.0,17.050298380221655,1.5807002561912895,0.5798462852263023,1171,277634000.0
023960,698,43.243248858793784,115.0,25.234318673395542,H,deep,H-deep,True,1.0,0.5853217642805495,1384.5,7.2228241242325755,5.8982808022922635,0.08166189111747851,698,146941000.0
024060,69404,20.986358866736623,737.0,0.0,M,deep,M-deep,True,50.0,0.9961122527800854,23925.0,20.898641588296762,1.107099116752878,0.9112286212411568,69403,91450299000.0
024070,1241,15.286624203821656,333.0,12.745347947999974,L,deep,L-deep,True,1.0,0.6326758845058967,1968.5,5.080010160020319,6.571313456889605,0.3416599516518936,1241,58251000.0
024090,679,16.33986928104575,40.0,8.166598611678566,L,shallow,L-shallow,True,10.0,0.8403298350824587,12230.0,8.176614881439084,2.543446244477172,0.4167893961708395,679,60468000.0
024110,26149,21.85792349726776,5974.0,0.0,M,deep,M-deep,True,50.0,0.9980791618160652,22875.0,21.85792349726776,1.0347240812268155,0.9704003977207541,26149,25488429000.0
024120,690,27.662517289073307,275.0,6.968641114981633,M,deep,M-deep,True,5.0,0.8794642857142857,3605.0,13.869625520110958,1.9942028985507247,0.32318840579710145,690,42273000.0
024720,2752,21.85792349726776,49.0,5.543237250554833,M,shallow,M-shallow,True,10.0,0.8940638847858198,9015.0,11.092623405435386,2.1824127906976742,0.48728197674418605,2752,280763000.0
024740,57535,15.232292460015232,1015.0,7.541478129713397,L,deep,L-deep,True,5.0,0.9657658291280572,3362.5,14.869888475836431,1.5987659685408881,0.5899887025288955,57535,44773661000.0
024800,1997,27.210884353741495,227.0,13.670539986330166,M,deep,M-deep,True,5.0,0.7438216560509554,3682.5,13.577732518669382,2.789183775663495,0.35903855783675515,1997,612963000.0
024830,440,53.38078291814947,22.0,26.80366450457217,H,shallow,H-shallow,True,10.0,0.5304524361948956,11230.0,8.904719501335707,7.986363636363636,0.11818181818181818,440,84673000.0
024840,3863,23.446658851113714,554.0,11.627906976743319,M,deep,M-deep,True,5.0,0.9654912992280518,2152.5,23.228803716608596,1.5987574424022781,0.5047890240745535,3863,1158943000.0
024850,24307,13.271400132714001,1098.0,6.925207756232066,L,deep,L-deep,True,5.0,0.9221220252953902,3802.5,13.149243918474689,1.6701226034723937,0.5976713568666173,24306,18153995000.0
024880,3343,16.542597187758478,333.0,8.257638315442017,L,deep,L-deep,True,10.0,0.8940645556065473,6070.0,16.474464579901152,1.538737660783727,0.6209991026024528,3343,1872018000.0
024890,540,25.8732212160414,123.0,6.480881399870686,M,shallow,M-shallow,True,1.0,0.9229147141518276,773.5,12.92824822236587,2.3685185185185187,0.30925925925925923,540,22470000.0
024900,1462,24.968789013732835,265.0,12.376237623761277,M,deep,M-deep,True,5.0,0.48301724137931035,2007.5,24.906600249066003,1.5528043775649794,0.3488372093023256,1462,139219000.0
024910,2401,11.013215859030838,129.0,5.508124483613042,L,shallow,L-shallow,True,1.0,0.6810417103332634,1831.0,5.461496450027307,8.204498125780924,0.18492294877134527,2401,205477000.0
024940,1486,42.87245444801715,110.5,21.253985122210437,H,deep,H-deep,True,5.0,0.7089870395634379,4662.5,10.723860589812334,4.638627187079408,0.1278600269179004,1486,236329000.0
025000,2399,19.860973187686195,4.0,9.970089730807485,M,shallow,M-shallow,True,50.0,0.6610587002096436,49700.0,10.06036217303823,1.909545644018341,0.48978741142142557,2399,335300000.0
025320,9203,16.849199663016005,934.0,8.375209380234727,L,deep,L-deep,True,10.0,0.9825399009356082,5945.0,16.82085786375105,1.294903835705748,0.7577963707486689,9203,3254666000.0
025440,1172,33.95585738539898,281.0,22.484541877458852,H,deep,H-deep,True,1.0,0.6444924406047516,889.0,11.24859392575928,3.9215017064846416,0.18430034129692832,1172,163855000.0
025530,825,14.114326040931546,14.0,14.054813773717312,L,shallow,L-shallow,True,5.0,0.612958359229335,3555.0,14.064697609001406,1.991504854368932,0.6189320388349514,824,14512000.0
025540,6685,14.255167498218105,46.0,7.0621468926557185,L,shallow,L-shallow,True,100.0,0.8400768535262206,70850.0,14.114326040931546,1.5862378459237099,0.5603590127150336,6685,2072560000.0
025550,3674,29.11208151382824,269.0,14.265335235378318,M,deep,M-deep,True,5.0,0.9349037138927098,3445.0,14.513788098693759,2.2901469787697333,0.32743603701687535,3674,851994000.0
025560,2241,36.350418029807344,26.0,11.18151323145744,H,shallow,H-shallow,True,10.0,0.57093265447813,13485.0,7.415647015202076,5.4344335414808205,0.11552185548617305,2242,474658000.0
025620,1161,21.413276231263385,12.0,20.865936358893666,M,shallow,M-shallow,True,10.0,0.6906005221932114,9375.0,10.666666666666668,3.1782945736434107,0.3505598621877692,1161,79242000.0
025750,1212,17.196904557179707,831.0,8.561643835616195,L,deep,L-deep,True,1.0,0.9621689785624212,584.5,17.10863986313088,1.6501650165016502,0.5750825082508251,1212,123076000.0
025770,1723,25.412960609911057,48.0,6.333122229258414,M,shallow,M-shallow,True,10.0,0.8298276365761028,7890.0,12.674271229404308,2.759721416134649,0.2565293093441672,1723,100334000.0
025820,5323,19.90049751243781,333.0,9.794319294809117,M,deep,M-deep,True,10.0,0.923093422306959,5065.0,19.743336623889437,1.6004133007702424,0.5380424572609431,5323,1074469000.0
025860,49157,11.166945840312675,469.0,5.546311702717688,L,deep,L-deep,True,10.0,0.9567129037211445,9175.0,10.899182561307903,1.3269387256896412,0.7622670681096916,49156,52080728000.0
025870,421,56.91519635742743,30.0,11.527377521614035,H,shallow,H-shallow,True,5.0,0.8541666666666666,4352.5,11.487650775416428,4.109263657957245,0.15914489311163896,421,27421000.0
025880,6712,32.6797385620915,729.5,8.41042893187538,H,deep,H-deep,True,5.0,0.9277527245396467,3017.5,16.570008285004143,1.7960065563999403,0.47891521382804353,6711,2713720000.0
025890,1343,43.572984749455344,87.0,9.342883836811477,H,shallow,H-shallow,True,1.0,0.7490530303030303,1606.5,6.224712107065049,7.198808637379003,0.2114668652271035,1343,117061000.0
025900,3868,10.5485261411227,78.0,10.465724751438366,L,shallow,L-shallow,True,10.0,0.7195201887781856,9535.0,10.48767697954903,2.014219234746639,0.5015511892450879,3868,725293000.0
025950,2319,39.8406374501992,58.0,9.887936717205559,H,shallow,H-shallow,True,10.0,0.7127647958069447,15085.0,6.629101756711965,6.117773943054357,0.05910267471958585,2318,496171000.0
025980,23141,12.828736369467606,784.0,0.0,L,deep,L-deep,True,10.0,0.9561102393095332,7815.0,12.795905310300704,1.254353744436282,0.7937427077481526,23141,14409367000.0
026040,4846,34.305317324185246,155.0,17.196904557179593,H,deep,H-deep,True,5.0,0.8239529486232725,2922.5,17.10863986313088,2.346471316549732,0.3375980189847297,4846,933004000.0
026150,2579,31.645569620253163,200.0,15.467904098994678,M,deep,M-deep,True,10.0,0.812992125984252,6405.0,15.6128024980484,2.458704924389298,0.244280728964715,2579,679063000.0
026890,5379,20.2020202020202,158.0,5.060728744938903,M,deep,M-deep,True,10.0,0.7750326919484402,9910.0,10.090817356205854,2.2195575385759434,0.33091652723554565,5379,961371000.0
026910,490,16.12903342359185,56.0,13.451708366962745,L,shallow,L-shallow,True,1.0,0.5588235294117647,1861.0,5.373455131649651,7.228571428571429,0.32448979591836735,490,62656000.0
026940,1143,15.186028853454822,345.0,7.610350076103778,L,deep,L-deep,True,1.0,0.6719446922390723,1971.5,5.07227998985544,3.9772528433945755,0.24146981627296588,1143,60622000.0
026960,6463,19.704433497536943,324.0,0.0,M,deep,M-deep,True,50.0,0.9889274174481835,25375.0,19.704433497536943,1.1367574257425743,0.8822710396039604,6464,1558265000.0
027040,2326,54.054054054054056,668.0,27.137042062415073,H,deep,H-deep,True,1.0,0.789661824784385,369.0,27.100271002710027,3.800945829750645,0.4178847807394669,2326,321925000.0
027050,2176,26.961445133459154,73.0,8.053691275168307,M,shallow,M-shallow,True,1.0,0.7484911792014856,1858.5,5.380683346785042,6.149356617647059,0.10386029411764706,2176,229611000.0
027360,85131,15.860428231562253,1772.0,0.0,L,deep,L-deep,True,10.0,0.996650308284934,6345.0,15.760441292356187,1.1876519716671952,0.838472471837521,85131,137666996000.0
027410,6541,11.594202898550725,592.0,5.790387955992848,L,deep,L-deep,True,5.0,0.9223082255083179,4337.5,11.527377521613833,1.403822629969419,0.6799694189602447,6540,1358569000.0
027580,2018,52.21932114882507,197.0,17.406440382942144,H,deep,H-deep,True,1.0,0.8502260738507913,572.5,17.467248908296945,3.0589692765113976,0.21209117938553024,2018,113689000.0
027710,10550,7.578628268283441,1120.0,7.404664938911454,L,deep,L-deep,True,1.0,0.861442619820508,1344.0,7.44047619047619,2.0243601895734598,0.5023696682464455,10550,3459956000.0
027740,2708,23.923444976076553,670.0,6.009615384615641,M,deep,M-deep,True,1.0,0.9590866728797763,836.5,11.95457262402869,2.172019195275009,0.3104466592838686,2709,220232000.0
027830,1834,19.75633849193283,83.0,9.90099009900991,M,shallow,M-shallow,True,1.0,0.7062482720486591,1514.0,6.605019815059445,3.8178844056706653,0.24427480916030533,1834,211350000.0
027970,833,12.99545159194282,410.0,6.501950585175997,L,deep,L-deep,True,1.0,0.8673780487804879,771.0,12.970168612191959,1.5906362545018007,0.631452581032413,833,28382000.0
028050,34656,15.860428231562253,1725.0,0.0,L,deep,L-deep,True,50.0,0.9940861235635121,31525.0,15.860428231562253,1.0639427516158817,0.9514369806094183,34656,45188108000.0
028080,611,75.05970658478336,25.0,17.059024223814447,H,shallow,H-shallow,True,1.0,0.5757575757575758,1477.5,6.768189509306261,12.787234042553191,0.1309328968903437,611,38404000.0
028100,2387,12.180267965895249,18.0,6.088280060883022,L,shallow,L-shallow,True,10.0,0.7733575085324232,16565.0,6.0368246302444915,3.183912861332216,0.28487641390867197,2387,313681000.0
028260,31003,17.905102954341988,504.0,0.0,L,deep,L-deep,True,500.0,0.9840953705218387,279250.0,17.905102954341988,1.149372641357288,0.9048801728864948,31003,88042046000.0
028300,21748,10.293360782295421,483.0,0.0,L,deep,L-deep,True,50.0,0.9896995206360342,48575.0,10.293360782295421,1.1613555892766818,0.8669701568032372,21747,21597149000.0
028670,44875,19.32367149758454,3006.0,0.0,M,deep,M-deep,True,10.0,0.9970266700390636,5195.0,19.249278152069298,1.2853656906003477,0.8503142131300976,44874,60473991000.0
029460,4038,32.05128205128205,220.0,8.071025020177647,M,deep,M-deep,True,50.0,0.8699937225360954,31025.0,16.116035455278002,1.8410104011887072,0.4006934125804854,4038,1253270000.0
029480,1953,44.54342984409799,360.0,11.29943502824915,H,deep,H-deep,True,5.0,0.8547008547008547,2237.5,22.3463687150838,2.0061443932411676,0.39272913466461856,1953,283690000.0
029530,1700,18.331805682859763,33.0,9.165902841430373,L,shallow,L-shallow,True,100.0,0.6079308288610614,54650.0,18.298261665141812,1.516470588235294,0.6494117647058824,1700,412487000.0
029780,11150,17.10863986313088,136.0,0.0,L,shallow,L-shallow,True,100.0,0.9678403010791693,58550.0,17.079419299743808,1.2650224215246637,0.793542600896861,11150,4315076000.0
030000,13846,24.30133657351154,1284.0,0.0,M,deep,M-deep,True,50.0,0.9973523571376038,20625.0,24.242424242424242,1.0792229363761103,0.9292987650754676,13847,4021878000.0
030190,14365,6.018657839301836,82.0,5.971931919976914,L,shallow,L-shallow,True,10.0,0.7431430170724881,16815.0,5.947071067499256,1.8586843021232162,0.6540898016011139,14365,2664177000.0
030200,13448,16.93480101608806,856.0,0.0,L,deep,L-deep,True,100.0,0.9940086321129746,59150.0,16.9061707523246,1.0826827273403228,0.9483232954122983,13449,15733305000.0
030210,4292,21.810250817884405,400.0,10.934937124111865,M,deep,M-deep,True,5.0,0.8948192344045368,4560.0,10.964912280701753,1.798462255358807,0.45200372786579684,4292,1416690000.0
030520,9676,23.952095808383234,322.0,0.0,M,deep,M-deep,True,50.0,0.9952951690059402,20925.0,23.894862604540023,1.187784208350558,0.8275113683340223,9676,5801863000.0
030530,27593,15.83531274742676,816.0,0.0,L,deep,L-deep,True,50.0,0.996670142891121,31625.0,15.810276679841897,1.2115029174065886,0.8169463269669843,27593,22916286000.0
030610,4433,16.077170418006432,136.0,8.009611533841277,L,shallow,L-shallow,True,10.0,0.848120728929385,12420.0,8.051529790660226,2.3717572749830813,0.4225129709000677,4433,1090564000.0
030720,505,34.129692832764505,216.0,8.568980291345785,H,deep,H-deep,True,10.0,0.8053030303030303,5875.0,17.02127659574468,2.1841584158415843,0.3306930693069307,505,63266000.0
030960,2791,27.586206896551722,127.0,6.954102920723182,M,shallow,M-shallow,True,10.0,0.8117412574741801,7220.0,13.850415512465373,2.175206019347904,0.40917233966320316,2791,536247000.0
031210,4398,18.099547511312217,96.5,0.0,L,shallow,L-shallow,True,100.0,0.9428389781528147,55450.0,18.034265103697024,1.4725949511030247,0.6010916534000454,4397,1591017000.0
031310,1986,61.09980337403927,300.0,10.185028302310828,H,deep,H-deep,True,1.0,0.6964558898521163,1473.0,6.788866259334691,8.823766364551863,0.11329305135951662,1986,212476000.0
031330,8996,19.98001998001998,622.0,5.063291139240089,M,deep,M-deep,True,5.0,0.8059444475555805,4947.5,10.10611419909045,1.8576033792796798,0.3782792352156514,8996,1970363000.0
031430,4116,16.025641025641026,68.0,8.016032064128709,L,shallow,L-shallow,True,10.0,0.8166810132808657,12460.0,8.025682182985554,2.792517006802721,0.42541302235179784,4116,790065000.0
031440,505,30.911901081916536,18.0,5.14933058702427,M,shallow,M-shallow,True,50.0,0.8660443995963673,48550.0,10.298661174047373,3.3485148514851484,0.2099009900990099,505,108830000.0
031510,555,39.21568627450981,152.0,9.784735812132794,H,deep,H-deep,True,1.0,0.8840545625587959,1017.0,9.832841691248772,3.5866425992779782,0.2490974729241877,554,37242000.0
031820,3469,26.17801047120419,2599.0,12.978585334197934,M,deep,M-deep,True,1.0,0.9670553935860058,766.0,13.054830287206267,2.3603343903142116,0.27241279907754395,3469,630964000.0
031860,6799,71.94244604316548,313.0,27.002700270026825,H,deep,H-deep,True,1.0,0.7375144731763797,564.5,17.71479185119575,5.747904103544639,0.20208854243271068,6799,1120637000.0
031980,32924,9.263547938860583,47.0,9.06207521522484,L,shallow,L-shallow,True,100.0,0.9211457887332558,109200.0,9.157509157509157,1.5531391428484647,0.6559851775354615,32923,33603484000.0
032080,570,75.81505495010806,46.0,11.35503406510252,H,shallow,H-shallow,True,1.0,0.8363228699551569,1312.5,7.6190476190476195,8.971929824561403,0.02280701754385965,570,30079000.0
032190,4843,20.942408376963353,184.0,10.438413361169019,M,deep,M-deep,True,50.0,0.9454234613361389,23975.0,20.855057351407716,1.4065661779888499,0.6952302291967789,4843,1851102000.0
032280,646,35.932446999640675,126.0,7.173601147776321,H,deep,H-deep,True,1.0,0.7206461780929866,1391.5,7.186489399928135,4.996904024767802,0.12229102167182662,646,40126000.0
032300,1231,32.78688524590164,42.0,8.206811653672652,H,shallow,H-shallow,True,10.0,0.7108185931715344,12175.0,8.213552361396303,4.019496344435418,0.272948822095857,1231,165867000.0
032350,42354,24.242424242424242,405.0,11.890606420927874,M,deep,M-deep,True,50.0,0.9615485019282112,20675.0,24.183796856106408,1.223473579827171,0.7624781602682155,42354,18901575000.0
032500,31600,18.814675446848543,324.0,0.0,M,deep,M-deep,True,50.0,0.9803410857683246,26775.0,18.674136321195146,1.2672784810126583,0.7849683544303797,31600,26629408000.0
032540,398,32.102728731942214,200.0,16.220600162206722,M,deep,M-deep,True,10.0,0.9111842105263158,6215.0,16.090104585679807,2.2261306532663316,0.4899497487437186,398,24579000.0
032560,1087,33.44481605351171,73.0,16.70843776106934,H,shallow,H-shallow,True,10.0,0.7866651097617936,5965.0,16.764459346186086,2.281508739650414,0.34498620055197793,1087,115293000.0
032580,1850,39.138943248532286,231.0,14.662756598240456,H,deep,H-deep,True,1.0,0.6829019073569482,1015.25,9.849790691947797,4.445405405405405,0.15675675675675677,1850,134030000.0
032620,3463,24.81389578163772,804.0,6.246096189881367,M,deep,M-deep,True,5.0,0.9553245805981035,4002.5,12.492192379762647,1.7576545349508954,0.4725592143269786,3462,744487000.0
032640,24875,6.572461386789353,1887.0,0.0,L,deep,L-deep,True,10.0,0.9225830355692708,15225.0,6.568144499178982,1.261738221579032,0.8594629361633703,24876,16262366000.0
032680,1159,41.7536534446764,3328.0,20.661157024792765,H,deep,H-deep,True,1.0,0.9592869718309859,240.5,41.58004158004158,1.3451251078515962,0.6988783433994823,1159,80083000.0
032750,1285,29.940119760479043,45.0,7.451564828613311,M,shallow,M-shallow,True,5.0,0.9224813798510388,3342.5,14.958863126402393,2.1556420233463034,0.25758754863813227,1285,22777000.0
032790,1232,61.72839506172839,161.0,30.852299228038007,H,deep,H-deep,True,1.0,0.7043765483071841,645.5,15.49186676994578,4.5771103896103895,0.18344155844155843,1232,154108000.0
032800,1957,32.414910858995135,2642.0,15.923566878981443,M,deep,M-deep,True,1.0,0.9708279430789133,310.5,32.2061191626409,1.341338783852836,0.7133367399080225,1957,125720000.0
032820,164109,20.304568527918782,7505.0,0.0,M,deep,M-deep,True,50.0,0.9997900422704565,24675.0,20.26342451874367,1.0414117532356741,0.9599958563872572,164108,944091706000.0
032830,21438,23.446658851113714,453.0,0.0,M,deep,M-deep,True,500.0,0.9936525401670571,213250.0,23.446658851113714,1.0538762944304505,0.959371210000933,21438,35577984000.0
032850,4744,18.231540565177756,519.0,9.009009009008917,L,deep,L-deep,True,10.0,0.9375801624625909,5495.0,18.198362147406733,1.316399662731872,0.7854131534569984,4744,1509524000.0
032860,1064,48.348106365834006,108.0,12.009607686149781,H,deep,H-deep,True,1.0,0.6138637446403049,1244.5,8.035355564483728,6.864661654135339,0.10056390977443609,1064,82228000.0
032940,3388,29.11208151382824,98.0,14.423076923076872,M,shallow,M-shallow,True,10.0,0.7181763010165377,10332.5,9.678199854827001,4.118358913813459,0.21605667060212513,3388,1010452000.0
032960,2984,12.202562538133007,167.0,3.056234718826767,L,deep,L-deep,True,10.0,0.9107746955345061,16365.0,6.110601894286587,2.4584450402144773,0.3863941018766756,2984,261514000.0
033050,659,33.3889816360601,77.0,33.29633740288607,H,shallow,H-shallow,True,1.0,0.6055045871559633,891.5,11.217049915872126,4.628224582701062,0.17754172989377845,659,31240000.0
033100,11118,10.303967027305513,97.0,5.109862033725321,L,shallow,L-shallow,True,50.0,0.9365389864434537,48725.0,10.26167265264238,1.3733585177190142,0.756700845475805,11118,4803725000.0
033130,2158,33.557046979865774,320.0,16.835016835017313,H,deep,H-deep,True,5.0,0.8849905970850964,3007.5,16.62510390689942,2.730769230769231,0.30676552363299353,2158,760477000.0
033160,46107,12.414649286157665,255.0,6.216972334474047,L,deep,L-deep,True,10.0,0.8425380515412935,15950.0,6.269592476489029,2.4715119179300324,0.4686273233999176,46107,44476631000.0
033170,2056,39.656311962987445,405.0,13.289036544850141,H,deep,H-deep,True,1.0,0.8305698845492508,753.5,13.271400132714001,3.2679961089494163,0.25,2056,263088000.0
033200,441,40.73319755600814,7.0,33.44481605351169,H,shallow,H-shallow,True,5.0,0.6736596736596736,3717.5,13.449899125756557,3.8299319727891157,0.1360544217687075,441,10944000.0
033230,2358,37.87878787878788,357.0,6.313131313131493,H,deep,H-deep,True,1.0,0.8426678067550235,1585.5,6.30715862503942,6.2434266327396095,0.12934690415606445,2358,189524000.0
033240,10515,24.87562189054726,55.0,12.468827930174342,M,shallow,M-shallow,True,50.0,0.8024911457834785,40025.0,12.492192379762647,2.0949120304327153,0.3961959106038992,10515,8915812000.0
033250,1207,40.28197381671702,151.0,10.09591115598285,H,deep,H-deep,True,1.0,0.7737594617325484,993.0,10.070493454179255,4.327257663628832,0.21541010770505387,1207,132394000.0
033270,2093,49.382716049382715,48.0,12.391573729864103,H,shallow,H-shallow,True,50.0,0.6563860667634253,20100.0,24.87562189054726,1.6869565217391305,0.4118490205446727,2093,220604000.0
033290,1306,48.899755501222494,296.0,12.300123001229846,H,deep,H-deep,True,5.0,0.8660194174757282,2032.5,24.600246002460025,1.8039816232771821,0.44869831546707506,1306,195447000.0
033310,903,50.0417014178482,129.0,8.405715886803389,H,deep,H-deep,True,1.0,0.6105011261261262,1792.0,5.580357142857142,8.547065337763012,0.021040974529346623,903,57393000.0
033320,5666,21.574973031283708,216.0,10.863661053774898,M,deep,M-deep,True,5.0,0.8767880941803643,4600.0,10.869565217391305,1.953759265795976,0.4461701376632545,5666,1825976000.0
033340,17102,10.851871947911015,746.0,5.434782608695343,L,deep,L-deep,True,1.0,0.8215215526167865,1853.0,5.396654074473826,2.8777849248581955,0.3707970294134846,17101,9423023000.0
033500,15093,17.74622892635315,188.0,8.643042350906516,L,deep,L-deep,True,50.0,0.959180267681319,28375.0,17.62114537444934,1.3739481879016762,0.7159610415424369,15093,9291006000.0
033530,3988,23.80952380952381,103.0,5.998800239952473,M,shallow,M-shallow,True,10.0,0.8295526549233304,8395.0,11.911852293031567,2.1125877632898695,0.3786359077231695,3988,783809000.0
033540,1411,35.2112676056338,345.0,13.175230566535578,H,deep,H-deep,True,1.0,0.7518959913326111,1140.0,8.771929824561404,4.573352232459249,0.11268603827072998,1411,200888000.0
033560,712,31.545741324921135,64.5,15.88562351072298,M,shallow,M-shallow,True,5.0,0.8678774928774928,3147.5,15.885623510722795,2.033707865168539,0.4943820224719101,712,70388000.0
033640,5158,18.143332325370427,58.0,9.057971014492239,L,shallow,L-shallow,True,10.0,0.7251979278662888,16645.0,6.007810153199159,4.044211751018033,0.17820438239286407,5157,1549790000.0
033780,18404,6.538084341288003,449.5,0.0,L,deep,L-deep,True,100.0,0.9688144968215966,153150.0,6.52954619653934,1.2873675631621841,0.8705786471067645,18405,25405634000.0
033790,9354,40.56795131845842,324.0,10.219724067450642,H,deep,H-deep,True,5.0,0.5826895024042358,4932.5,10.13684744044602,4.530361342741073,0.12219371391917896,9354,5258632000.0
033830,551,16.515276630883566,1798.0,8.196721311475308,L,deep,L-deep,True,1.0,0.9827665441176471,608.0,16.44736842105263,1.9655172413793103,0.6206896551724138,551,20188000.0
033920,2669,11.154489682097045,25.0,11.031439602868787,L,shallow,L-shallow,True,10.0,0.7305256192096805,9025.0,11.0803324099723,1.7988010490820532,0.5488947171225178,2669,704832000.0
034020,134931,9.420631182289213,2032.0,0.0,L,deep,L-deep,True,100.0,0.9995978607696269,106150.0,9.420631182289213,1.0133772076098153,0.9872082768229687,134931,625366585000.0
034120,874,18.045112781954888,85.0,6.011421701233033,L,shallow,L-shallow,True,10.0,0.8061797752808989,16620.0,6.016847172081829,3.9073226544622424,0.34210526315789475,874,144317000.0
034220,44165,8.745080891998251,2137.0,0.0,L,deep,L-deep,True,10.0,0.9966954318197384,11435.0,8.745080891998251,1.0597092654650846,0.952880173897292,44164,33340914000.0
034230,22140,5.819028222286878,95.0,5.788712011577379,L,shallow,L-shallow,True,10.0,0.8372911369415184,17275.0,5.788712011577424,1.8362240289069558,0.6190605239385727,22140,6874605000.0
034310,4677,7.145409074669525,78.0,7.0621468926557185,L,shallow,L-shallow,True,10.0,0.9227806507218272,14085.0,7.099751508697196,1.6449337323642583,0.6303976058144506,4678,710963000.0
034590,618,18.6046511627907,97.0,9.26784059314123,M,shallow,M-shallow,True,50.0,0.9202780049059689,26950.0,18.55287569573284,1.506472491909385,0.5679611650485437,618,48200000.0
034730,29536,15.094339622641508,187.0,0.0,L,deep,L-deep,True,500.0,0.9974251497005988,331250.0,15.094339622641508,1.0984594548840358,0.909768071779245,29535,76076211000.0
034810,1899,27.662517289073307,105.0,6.949270326614965,M,shallow,M-shallow,True,10.0,0.8384007500669702,7235.0,13.8217000691085,2.237493417588204,0.3280674038967878,1899,278497000.0
034830,11119,6.736274840013472,1316.0,6.598482349060575,L,deep,L-deep,True,1.0,0.8114358811809455,1514.5,6.602839220864972,2.077884701861678,0.5133555175825164,11119,2779170000.0
034940,860,22.22222222222222,64.5,16.36661698247055,M,shallow,M-shallow,True,1.0,0.6815913094539049,904.5,11.055831951354339,2.733720930232558,0.3302325581395349,860,56241000.0
034950,886,19.940179461615152,16.0,9.90099009900991,M,shallow,M-shallow,True,100.0,0.6820792647903504,100400.0,9.9601593625498,2.6580135440180586,0.2652370203160271,886,156455000.0
035000,810,22.831050228310502,237.5,5.707762557076723,M,deep,M-deep,True,10.0,0.8565781151170145,8775.0,11.396011396011396,2.2111111111111112,0.25555555555555554,810,77043000.0
035080,37863,14.275517487508923,100.0,10.706638115631772,L,shallow,L-shallow,True,10.0,0.774819922802349,13945.0,7.171029042667623,3.006470696986504,0.3792356654253493,37863,28715924000.0
035150,2724,14.892032762472077,11.0,7.457121551081025,L,shallow,L-shallow,True,10.0,0.5864460059171598,13445.0,7.437709185570844,2.6284875183553598,0.27422907488986786,2724,306736000.0
035200,662,43.69992716678805,214.0,21.929824561403024,H,deep,H-deep,True,5.0,0.7674329501915709,3420.0,14.619883040935672,2.797583081570997,0.20090634441087613,662,94885000.0
035250,21329,5.50812448361333,542.0,0.0,L,deep,L-deep,True,10.0,0.9519005467326217,18180.0,5.5005500550055,1.4605466735430634,0.8284964133339585,21329,7739752000.0
035290,1235,35.842293906810035,1110.0,8.952551477170445,H,deep,H-deep,True,1.0,0.8026697019867549,561.5,17.809439002671414,3.094736842105263,0.2493927125506073,1235,44469000.0
035420,74127,22.962112514351322,2786.0,0.0,M,deep,M-deep,True,500.0,0.9999657813152294,217750.0,22.962112514351322,1.0030083099503562,0.9969916900496438,74128,116168292000.0
035460,5813,20.02002002002002,331.0,19.102196752626142,M,deep,M-deep,True,5.0,0.9239319208058353,2567.5,19.474196689386563,1.7639366827253957,0.5190984170681349,5812,1133458000.0
035510,7910,11.737089201877934,67.0,5.89622641509413,L,shallow,L-shallow,True,10.0,0.8180232930184936,17135.0,5.836008170411438,2.9608091024020227,0.3854614412136536,7910,3443627000.0
035600,2628,19.286403085824496,171.0,4.844961240308976,M,deep,M-deep,True,10.0,0.8447958986264268,10370.0,9.643201542912248,2.1236681887366817,0.3649162861491629,2628,452460000.0
035610,949,39.39592908732764,100.0,19.69796454366346,H,shallow,H-shallow,True,5.0,0.8744663820704376,3800.0,13.157894736842104,2.9736564805057957,0.23498419388830347,949,94894000.0
035620,1939,41.928721174004195,4715.0,20.661157024792765,H,deep,H-deep,True,1.0,0.979182980944923,238.5,41.928721174004195,1.3104693140794224,0.7911294481691593,1939,153582000.0
035720,53449,19.860973187686195,5877.0,0.0,M,deep,M-deep,True,100.0,0.8087003288507283,50350.0,19.860973187686195,1.008307139649753,0.9918612483161203,53448,62968389000.0
035760,6469,15.63721657544957,80.0,7.800312012480326,L,shallow,L-shallow,True,100.0,0.9528611632270169,64200.0,15.57632398753894,1.6325552635646932,0.6130777554490647,6469,2802596000.0
035810,7311,16.488046166529266,1579.0,8.163265306122547,L,deep,L-deep,True,10.0,0.9922587779928117,6080.0,16.44736842105263,1.3208863356585967,0.7310901381479962,7311,2757478000.0
035900,16697,15.16300227445034,762.0,0.0,L,deep,L-deep,True,100.0,0.9983000941019337,66050.0,15.14004542013626,1.1176259208241002,0.8973468287716356,16697,13517613000.0
036000,719,48.661800486618006,133.0,32.07698476343168,H,deep,H-deep,True,5.0,0.7443422913719944,3100.0,16.129032258064516,3.8970792767732965,0.10987482614742698,719,118292000.0
036010,1773,25.906735751295336,135.0,12.861736334404128,M,shallow,M-shallow,True,10.0,0.7992142857142858,7775.0,12.861736334405146,2.7399887196841513,0.23519458544839256,1773,428321000.0
036030,1094,21.231422505307854,52.0,10.537480925799091,M,shallow,M-shallow,True,5.0,0.7561771561771562,4710.0,10.615711252653927,2.303473491773309,0.3336380255941499,1094,93033000.0
036090,10668,36.96857670979667,1620.0,18.570102135562205,H,deep,H-deep,True,1.0,0.8726039096602771,543.5,18.39926402943882,2.2915260592425946,0.35245594300712413,10668,4261330000.0
036120,2386,22.857142857142858,858.0,11.350737797957144,M,deep,M-deep,True,5.0,0.9912317768856962,2192.5,22.80501710376283,1.459958071278826,0.6821802935010483,2385,315522000.0
036170,50986,15.117157974300833,923.0,7.418397626113293,L,deep,L-deep,True,10.0,0.9128018573021589,6805.0,14.695077149155033,1.5443455066096576,0.698564311771859,50986,43595749000.0
036190,1548,28.490028490028493,125.0,14.255167498218313,M,shallow,M-shallow,True,50.0,0.7321603927986907,35125.0,14.234875444839858,2.397932816537468,0.3165374677002584,1548,812753000.0
036200,5773,20.387359836901123,158.0,10.10611419908991,M,deep,M-deep,True,10.0,0.857061603080154,9665.0,10.346611484738748,2.0013857613026156,0.47029274207517757,5773,1300386000.0
036220,1073,40.32258064516129,81.0,9.995002498750516,H,shallow,H-shallow,True,10.0,0.6991244675816375,10000.0,10.0,4.549860205032619,0.10624417520969245,1073,139624000.0
036420,3652,28.490028490028493,126.0,14.2095932674291,M,shallow,M-shallow,True,10.0,0.8347416539686937,6970.0,14.347202295552368,2.394578313253012,0.42606790799561883,3652,986994000.0
036460,20578,14.461315979754158,774.0,0.0,L,deep,L-deep,True,50.0,0.999006491743391,34575.0,14.461315979754158,1.0530177859850325,0.9474195743026533,20578,10877307000.0
036480,34232,29.925187032418954,103.0,14.077897700610631,M,shallow,M-shallow,True,10.0,0.7830598571402204,10085.0,9.915716410510658,3.6323507931407204,0.23195349244836552,34231,14959619000.0
036530,2025,34.542314335060446,38.0,8.718395815170421,H,shallow,H-shallow,True,100.0,0.8103190428713859,57650.0,17.346053772766695,1.911604938271605,0.4311111111111111,2025,641078000.0
036540,29234,14.398848092152628,2038.5,0.0,L,deep,L-deep,True,10.0,0.9960876640238202,6955.0,14.378145219266715,1.1224259423958405,0.9115755627009646,29234,14649629000.0
036560,1156,15.060240963855422,21.0,7.5216246709286505,L,shallow,L-shallow,True,10.0,0.7250987275120667,13285.0,7.527286413248024,3.301038062283737,0.4290657439446367,1156,117436000.0
036570,20031,21.90580503833516,90.0,0.0,M,shallow,M-shallow,True,500.0,0.9970585271220176,228500.0,21.88183807439825,1.1298487344615846,0.8753432180120813,20031,22895589000.0
036580,2658,30.67484662576687,616.0,7.877127972459874,M,deep,M-deep,True,5.0,0.8257504247687371,3222.5,15.515903801396432,1.7626034612490595,0.4597441685477803,2658,388003000.0
036620,7410,17.6522506619594,235.0,8.810572687225626,L,deep,L-deep,True,10.0,0.8881202290076335,5705.0,17.5284837861525,1.7531713900134953,0.5380566801619433,7410,1177058000.0
036630,753,74.6268656716418,55.0,12.586532410321372,H,shallow,H-shallow,True,10.0,0.7671026156941649,7960.0,12.56281407035176,6.268260292164674,0.07304116865869854,753,42256000.0
036640,1257,19.62708537782139,239.0,9.803921568627416,M,deep,M-deep,True,10.0,0.9797898140662894,5095.0,19.62708537782139,1.4200477326968974,0.6515513126491647,1257,256401000.0
036670,925,50.63291139240506,57.0,8.438818565401629,H,shallow,H-shallow,True,10.0,0.8075123830489819,5920.0,16.89189189189189,2.7857142857142856,0.17316017316017315,924,41180000.0
036710,2539,59.94005994005994,382.0,20.942408376962707,H,deep,H-deep,True,5.0,0.8545336269015212,2427.5,20.597322348094746,2.678613627412367,0.18314296967309965,2539,965004000.0
036800,1553,38.38771593090211,51.0,9.606147934677622,H,shallow,H-shallow,True,50.0,0.86865234375,26050.0,19.193857965451055,2.0463618802318093,0.3309723116548616,1553,152774000.0
036810,22897,12.070006035003018,133.0,5.991611743558778,L,shallow,L-shallow,True,50.0,0.9108897168074868,42275.0,11.827321111768185,1.857267645003494,0.5232791754018169,22896,23830534000.0
036830,9135,18.365472910927455,75.0,9.124087591241281,L,shallow,L-shallow,True,100.0,0.8847914124043049,54650.0,18.298261665141812,1.2773946360153257,0.7852216748768472,9135,4129945000.0
036890,19333,6.186204763377668,157.0,5.961251862891537,L,shallow,L-shallow,True,10.0,0.8405555266985248,16365.0,6.110601894286587,2.0461411131802194,0.5773329195116904,19332,8656461000.0
036930,46595,15.735641227380016,394.0,0.0,L,deep,L-deep,True,100.0,0.9939360917745538,63650.0,15.710919088766694,1.0778409700611653,0.9288979504238652,46595,58456601000.0
037030,3548,17.22652885443583,519.0,8.59106529209619,L,deep,L-deep,True,5.0,0.9316618911174785,2930.0,17.064846416382252,1.602762898223851,0.5751339159853397,3547,1224099000.0
037070,1397,48.84004884004884,285.0,12.269938650306678,H,deep,H-deep,True,10.0,0.8946069469835466,8140.0,12.285012285012284,3.7258410880458124,0.09234073013600573,1397,182155000.0
037230,868,5.588153115395362,202.0,0.0,L,deep,L-deep,True,1.0,0.5528372900984366,1794.5,5.572582892170521,2.6497695852534564,0.565668202764977,868,17450000.0
037270,7274,16.46090534979424,710.5,0.0,L,deep,L-deep,True,10.0,0.9876620225965204,6085.0,16.433853738701725,1.2284536082474227,0.8167697594501718,7275,1577481000.0
037330,775,28.81844380403458,282.0,7.207207207207134,M,deep,M-deep,True,1.0,0.8403973509933775,1387.5,7.207207207207207,5.166451612903225,0.1638709677419355,775,53251000.0
037350,9079,18.744142455482663,143.0,9.376465072667983,M,deep,M-deep,True,10.0,0.835559637112484,10615.0,9.420631182289213,2.0937431152236177,0.4271866049790703,9078,2267909000.0
037370,966,38.61003861003861,69.0,9.727626459143934,H,shallow,H-shallow,True,10.0,0.808179419525066,5180.0,19.305019305019304,2.251552795031056,0.3115942028985507,966,53713000.0
037400,555,21.09704641350211,571.0,5.252100840336116,M,deep,M-deep,True,1.0,0.9185675182481752,954.5,10.476689366160294,2.5513513513513515,0.08468468468468468,555,50391000.0
037440,3445,12.38390092879257,348.0,0.0,L,deep,L-deep,True,5.0,0.8421613282397884,4057.5,12.322858903265558,1.55355587808418,0.6388969521044993,3445,197076000.0
037460,5424,43.7636761487965,142.0,11.235955056180247,H,deep,H-deep,True,50.0,0.9864115234010815,22250.0,22.471910112359552,1.593029688364374,0.4993546007744791,5423,2520103000.0
037560,1952,44.05286343612335,495.0,11.013215859030367,H,deep,H-deep,True,5.0,0.9416299559471366,2262.5,22.099447513812155,1.8852459016393444,0.4011270491803279,1952,138954000.0
037710,1671,39.138943248532286,20.0,13.071895424836555,H,shallow,H-shallow,True,50.0,0.718636638452237,38200.0,13.089005235602095,2.925792938360263,0.17235188509874327,1671,257829000.0
037760,306,5.245213742460005,979.0,2.608922515001666,L,deep,L-deep,True,1.0,0.934819897084048,1906.5,5.245213742460005,1.65359477124183,0.8071895424836601,306,8273000.0
037950,2052,27.100271002710027,148.0,6.896551724138167,M,deep,M-deep,True,1.0,0.9741804288883411,730.0,13.698630136986301,2.113603120429059,0.4305216967333008,2051,159601000.0
038010,1121,33.05785123966942,85.0,8.326394671107629,H,shallow,H-shallow,True,10.0,0.9619981957600361,6010.0,16.638935108153078,1.649420160570919,0.4933095450490633,1121,115782000.0
038060,2178,27.100271002710027,319.0,20.60439560439553,M,deep,M-deep,True,1.0,0.7922951961011836,728.5,13.726835964310226,2.172635445362718,0.4793388429752066,2178,264532000.0
038070,1850,30.257186081694403,141.5,7.651109410864443,M,deep,M-deep,True,10.0,0.9131210540763107,6620.0,15.105740181268882,2.362162162162162,0.3318918918918919,1850,354259000.0
038110,2872,34.42340791738382,701.0,8.60585197934638,H,deep,H-deep,True,5.0,0.9175499028440205,2910.0,17.18213058419244,2.238509749303621,0.2956128133704735,2872,534659000.0
038290,1271,30.275507114744173,31.0,9.093664746893104,M,shallow,M-shallow,True,10.0,0.6691736863217007,16555.0,6.040471156750226,6.069236821400472,0.1054287962234461,1271,334114000.0
038390,2933,9.62000962000962,891.0,0.0,L,deep,L-deep,True,10.0,0.8666551664654132,10415.0,9.601536245799327,1.3269689737470167,0.7814524377770201,2933,627336000.0
038460,6214,21.36752136752137,261.0,10.526315789474161,M,deep,M-deep,True,5.0,0.8716832166693798,4682.5,10.678056593699946,2.3950756356614096,0.3635339555841648,6214,2562526000.0
038500,76076,5.901445854234288,416.0,2.8910089621281276,L,deep,L-deep,True,10.0,0.9473295741681517,17045.0,5.866823115283074,1.379033848176142,0.78053236937233,76075,91457763000.0
038530,3178,58.99705014749262,2383.0,14.81481481481528,H,deep,H-deep,True,1.0,0.9359847884645857,337.5,29.62962962962963,1.9937067337948395,0.3200125865324103,3178,454959000.0
038540,2899,22.753128555176335,252.0,11.36363636363713,M,deep,M-deep,True,5.0,0.9469775924960917,2207.5,22.650056625141563,1.4020013802622497,0.7156659765355418,2898,326403000.0
038620,2331,48.27031375703942,802.0,24.038461538461455,H,deep,H-deep,True,1.0,0.8814766839378239,613.0,16.31321370309951,2.7344487344487343,0.19133419133419133,2331,545480000.0
038680,1669,31.645569620253163,73.0,15.735641227380137,M,shallow,M-shallow,True,5.0,0.8621083054456952,3172.5,15.760441292356187,2.598562013181546,0.372079089275015,1669,152084000.0
038870,1363,50.63291139240506,168.0,17.035775127768325,H,deep,H-deep,True,5.0,0.8062662217278458,2925.0,17.094017094017094,2.739545121056493,0.2509170946441673,1363,198647000.0
038880,4801,70.17543859649123,9087.0,0.0,H,deep,H-deep,True,1.0,0.9710896960711638,143.5,69.68641114982579,1.1597583836700687,0.8500312434909394,4801,574382000.0
038950,559,61.34969325153374,5.0,30.557677616500634,H,shallow,H-shallow,True,5.0,0.7106818181818182,3187.5,15.686274509803921,4.545617173524151,0.1520572450805009,559,30329000.0
039010,3344,45.714285714285715,86.0,17.226530274443988,H,shallow,H-shallow,True,10.0,0.7380357413296986,8615.0,11.607661056297156,4.2727272727272725,0.145933014354067,3344,1252599000.0
039020,1623,31.201248049921997,226.0,7.849293563579884,M,deep,M-deep,True,5.0,0.834057746041602,3202.5,15.6128024980484,2.4269870609981514,0.34750462107208874,1623,177575000.0
039030,14399,12.43008079552517,35.0,6.218905472636926,L,shallow,L-shallow,True,500.0,0.9094750184852646,403750.0,12.38390092879257,1.357341297402417,0.7638560911237672,14398,24817958000.0
039130,5304,12.12856276531231,66.0,6.042296072508169,L,shallow,L-shallow,True,50.0,0.8369472182596291,41350.0,12.091898428053204,1.723793363499246,0.542420814479638,5304,1567041000.0
039200,30352,17.02127659574468,230.0,8.445945945946276,L,deep,L-deep,True,100.0,0.9917234298307122,58900.0,16.97792869269949,1.3877503953610966,0.691025303110174,30352,37028828000.0
039240,1196,40.4040404040404,322.5,10.141987829614951,H,deep,H-deep,True,5.0,0.9259533898305085,2467.5,20.26342451874367,1.979933110367893,0.3302675585284281,1196,127429000.0
039290,644,54.615029662433784,68.0,10.973937725838878,H,shallow,H-shallow,True,5.0,0.6015748031496063,4560.0,10.964912280701753,5.052795031055901,0.05124223602484472,644,50416000.0
039310,4311,42.30885463886371,120.0,21.237864077670032,H,deep,H-deep,True,1.0,0.6679497808835722,1626.5,6.148170919151552,8.204824866620275,0.1595917420552076,4311,945691000.0
039340,907,39.603960396039604,460.0,10.136847440445074,H,deep,H-deep,True,10.0,0.45781426953567383,5025.0,19.90049751243781,2.3098125689084896,0.2745314222712238,907,170151000.0
039420,1635,17.5284837861525,303.0,8.733624454149158,L,deep,L-deep,True,5.0,0.9143761581222977,2872.5,17.40644038294169,1.7937576499388004,0.5055079559363526,1634,178392000.0
039440,14266,15.760441292356187,123.0,7.757951900698723,L,shallow,L-shallow,True,50.0,0.984676022482237,32225.0,15.515903801396432,1.5372213654843685,0.5656105425487172,14266,7918325000.0
039490,21009,11.675423234092236,34.0,5.830903790087216,L,shallow,L-shallow,True,500.0,0.9497423606950269,429000.0,11.655011655011656,1.3191641279512567,0.7351961157654227,21008,29987273000.0
039560,12515,11.661807580174926,610.0,5.837711617047159,L,deep,L-deep,True,5.0,0.9273412489362565,4352.5,11.487650775416428,1.5872622662617868,0.6199456608598369,12514,5636560000.0
039570,1976,23.31002331002331,105.0,11.621150493899002,M,shallow,M-shallow,True,10.0,0.8391532361217703,8495.0,11.771630370806356,1.8031376518218623,0.44534412955465585,1976,323379000.0
039610,1553,49.382716049382715,100.0,12.476606363068798,H,shallow,H-shallow,True,10.0,0.8174047541517421,8060.0,12.40694789081886,3.587894397939472,0.1957501609787508,1553,325999000.0
039740,675,31.201248049921997,104.0,15.552099533437946,M,shallow,M-shallow,True,5.0,0.6856714178544636,3185.0,15.698587127158557,2.114074074074074,0.397037037037037,675,38661000.0
039830,6633,19.62708537782139,90.0,9.808729769494873,M,shallow,M-shallow,True,10.0,0.8286755771567437,10275.0,9.732360097323602,2.612241821197045,0.3616764661540781,6633,2318426000.0
039840,2260,12.547051442910915,38.0,6.291286568103072,L,shallow,L-shallow,True,10.0,0.7549382716049383,15930.0,6.277463904582549,2.5013274336283184,0.3831858407079646,2260,421981000.0
039860,7540,31.847133757961785,467.0,8.156606851549286,M,deep,M-deep,True,10.0,0.9475501038943629,6165.0,16.220600162206,1.7450928381962865,0.49496021220159153,7540,3779563000.0
039980,84756,23.781212841854934,3469.0,2.560163850486852,M,deep,M-deep,True,5.0,0.6205297757613188,2022.5,24.72187886279357,0.9062167423750811,0.580189959294437,84755,97406012000.0
040160,3675,29.865604778496767,80.0,15.120967741935054,M,shallow,M-shallow,True,10.0,0.656348553407377,10040.0,9.9601593625498,3.475646258503401,0.2770068027210884,3675,1277419000.0
040300,1721,30.864197530864196,286.0,7.692307692307443,M,deep,M-deep,True,5.0,0.8352255971689767,3252.5,15.372790161414297,2.937245787332946,0.2085996513654852,1721,245376000.0
040350,3749,49.05968928863451,298.0,31.67062549485289,H,deep,H-deep,True,1.0,0.7419050188882893,643.5,15.54001554001554,4.42411309682582,0.15897572686049613,3749,550437000.0
040420,1151,17.28608470181504,24.0,8.628127696290733,L,shallow,L-shallow,True,10.0,0.9659340659340659,5795.0,17.25625539257981,1.417897480451781,0.6741963509991312,1151,71530000.0
040610,4046,48.30917874396135,494.0,12.23990208078285,H,deep,H-deep,True,5.0,0.8970515207945375,2047.5,24.42002442002442,1.7690064260998517,0.40929312901631243,4046,484187000.0
040910,2065,36.29764065335753,92.0,18.018018018017834,H,shallow,H-shallow,True,10.0,0.7678750627195183,5515.0,18.13236627379873,2.837772397094431,0.3336561743341404,2065,470585000.0
041020,95157,19.029495718363464,1372.0,9.14076782449813,M,deep,M-deep,True,10.0,0.8990127033060487,5275.0,18.95734597156398,1.18133715859054,0.7511060668158938,95157,142694090000.0
041190,11234,14.847809948032664,657.5,0.0,L,deep,L-deep,True,10.0,0.9861455003826588,6755.0,14.803849000740191,1.1859699100863528,0.8566723048161666,11233,3810827000.0
041440,3110,24.52484061109106,246.0,6.131207847945852,M,deep,M-deep,True,10.0,0.8407828076483086,8220.0,12.165450121654501,2.789710610932476,0.2681672025723473,3110,1009147000.0
041460,1599,26.246719160104988,204.0,6.565988181221893,M,deep,M-deep,True,5.0,0.9072401774397972,3815.0,13.106159895150721,2.448405253283302,0.29018136335209505,1599,286880000.0
041510,10667,10.065425264217414,44.0,5.012531328321135,L,shallow,L-shallow,True,100.0,0.8677828825841898,99750.0,10.025062656641603,1.5763569888440987,0.6778850660916846,10667,4292877000.0
041520,843,64.80881399870383,38.0,25.77319587628857,H,shallow,H-shallow,True,10.0,0.7046959662853702,7665.0,13.04631441617743,5.65083135391924,0.12826603325415678,842,309455000.0
041650,641,19.398642095053347,183.0,19.175455417066445,M,deep,M-deep,True,5.0,0.7636363636363637,2595.0,19.26782273603083,1.6037441497659906,0.5678627145085804,641,43264000.0
041830,3841,17.10863986313088,64.0,8.474576271186862,L,shallow,L-shallow,True,50.0,0.8009168303863785,29875.0,16.736401673640167,1.72533194480604,0.507940640458214,3841,1044690000.0
041910,109993,11.280315848843768,612.0,10.209290454312736,L,deep,L-deep,True,10.0,0.9625036348457419,9185.0,10.887316276537835,1.4883492585891829,0.6948624003345667,109993,235879770000.0
041920,10100,24.1254523522316,235.0,11.947431302270495,M,deep,M-deep,True,50.0,0.9147336983573917,20925.0,23.894862604540023,1.490990099009901,0.6069306930693069,10100,6692954000.0
041930,1412,31.645569620253163,70.0,7.968127490040056,M,shallow,M-shallow,True,10.0,0.944795807734008,6275.0,15.936254980079681,2.0361189801699715,0.4709631728045326,1412,125955000.0
041960,4419,24.183796856106408,205.0,12.062726176116367,M,deep,M-deep,True,10.0,0.8681475559616263,8295.0,12.055455093429776,2.398506449422946,0.2663498529078977,4419,1590851000.0
042000,7311,17.28608470181504,186.0,8.576329331047017,L,deep,L-deep,True,50.0,0.9282109774643993,29050.0,17.21170395869191,1.5806319244973328,0.6129120503351114,7311,1960939000.0
042040,2063,60.42296072507553,4089.0,29.498525073746727,H,deep,H-deep,True,1.0,0.9689406883085184,166.5,60.06006006006006,1.253514299563742,0.7619970916141542,2063,201147000.0
042110,2448,15.026296018031555,99.5,7.541478129713397,L,shallow,L-shallow,True,1.0,0.8599133484629667,1332.0,7.5075075075075075,2.4497549019607843,0.24918300653594772,2448,310625000.0
042370,10307,18.083182640144663,215.0,8.948545861297008,L,deep,L-deep,True,10.0,0.8838233136036785,10915.0,9.161704076958314,2.1642573008634907,0.43611138061511595,10307,5977995000.0
042420,1651,39.8406374501992,25.0,19.82160555004997,H,shallow,H-shallow,True,50.0,0.7363149847094801,25175.0,19.860973187686195,2.2810417928528164,0.3040581465778316,1651,234516000.0
042500,2370,26.31578947368421,533.5,6.5789473684207955,M,deep,M-deep,True,5.0,0.9806011511404817,3797.5,13.166556945358789,1.971729957805907,0.2708860759493671,2370,171550000.0
042510,1333,43.47826086956522,159.0,10.881392818280489,H,deep,H-deep,True,10.0,0.80765595463138,9195.0,10.87547580206634,4.126781695423856,0.16654163540885222,1333,312954000.0
042520,21228,35.481963335304556,98.0,12.391573729864103,H,shallow,H-shallow,True,50.0,0.8617057806616619,40300.0,12.40694789081886,2.641023225137796,0.2401187167286946,21227,21765216000.0
042600,2153,17.18213058419244,14.0,8.624407072014284,L,shallow,L-shallow,True,10.0,0.7415433403805497,11605.0,8.61697544161999,2.6168137482582443,0.43427775197398977,2153,167976000.0
042660,77547,7.567158531971245,437.0,0.0,L,deep,L-deep,True,100.0,0.991194099114998,132150.0,7.567158531971245,1.0402728702963402,0.9664973048255229,77546,163021513000.0
042700,87986,16.9061707523246,1949.0,0.0,L,deep,L-deep,True,500.0,0.9995131746215186,295750.0,16.9061707523246,1.0063419180324142,0.9936921783010934,87986,261004674000.0
042940,3440,34.70213996529786,92.0,11.872960381175135,H,shallow,H-shallow,True,10.0,0.7072696596244131,8605.0,11.621150493898895,3.4315207909275953,0.26054085489968015,3439,850844000.0
043100,3201,41.06776180698152,254.0,20.31488065007636,H,deep,H-deep,True,1.0,0.6934936908517351,985.5,10.147133434804667,4.799750078100594,0.1796313651983755,3201,476494000.0
043150,3116,21.71552660152009,186.0,10.71811361200492,M,deep,M-deep,True,50.0,0.9269411955815464,23275.0,21.482277121374864,1.5542362002567394,0.5773427471116817,3116,722828000.0
043200,3691,33.53828954723309,572.0,11.191941801902416,H,deep,H-deep,True,1.0,0.8093860604410563,891.5,11.217049915872126,3.2972094283392033,0.28257924681658086,3691,400425000.0
043260,48351,10.81665765278529,462.0,0.0,L,deep,L-deep,True,50.0,0.9540222694858,46375.0,10.781671159029651,1.1401861427094107,0.9065149948293691,48350,68329871000.0
043340,2211,43.66812227074236,20.0,21.39037433155133,H,shallow,H-shallow,True,1.0,0.7647693705975914,460.5,21.71552660152009,2.6426956128448666,0.3989145183175034,2211,47191000.0
043370,2106,23.875845602865102,81.0,8.006405124099114,M,shallow,M-shallow,True,10.0,0.8655953250547845,12545.0,7.9713033080908735,3.230294396961064,0.26353276353276356,2106,541921000.0
043590,1408,46.26060138781804,170.0,16.194331983805377,H,deep,H-deep,True,1.0,0.7578519855595668,629.5,15.885623510722795,3.2990056818181817,0.2734375,1408,74083000.0
043610,2182,5.887547836326171,88.0,2.951594117824863,L,shallow,L-shallow,True,1.0,0.8219608756404285,1705.5,5.863383172090296,2.2465627864344637,0.5971585701191567,2182,97630000.0
043650,1166,12.187690432663011,74.0,6.093845216330607,L,shallow,L-shallow,True,5.0,0.9229339746392654,4115.0,12.15066828675577,1.7804459691252144,0.5111492281303602,1166,97824000.0
043710,462,104.22698320787494,94.0,17.291066282421053,H,shallow,H-shallow,True,1.0,0.7026431718061674,863.5,11.580775911986102,9.064935064935066,0.015151515151515152,462,48235000.0
043910,1551,39.92015968063872,1345.0,10.050251256281673,H,deep,H-deep,True,1.0,0.9686686197916666,497.5,20.100502512562816,1.822695035460993,0.4551901998710509,1551,108730000.0
044340,1018,20.74688796680498,38.0,10.346611484738366,M,shallow,M-shallow,True,5.0,0.7100149476831091,4857.5,10.293360782295421,3.2229862475442044,0.224950884086444,1018,53909000.0
044380,1730,85.83690987124463,409.5,29.027576197387937,H,deep,H-deep,True,1.0,0.8940075449796866,364.25,27.45367192862045,3.430057803468208,0.20635838150289018,1730,83249000.0
044450,38810,17.921146953405017,163.0,9.16170407695871,L,deep,L-deep,True,10.0,0.876599640325271,10945.0,9.136592051164916,1.9548569956196857,0.4679464055655759,38810,30756473000.0
044480,1577,47.05882352941176,1231.0,23.255813953488857,H,deep,H-deep,True,1.0,0.9669223394055608,217.5,45.97701149425287,1.6708941027266964,0.5003170577045022,1577,126156000.0
044490,31326,11.217049915872126,75.0,5.583472920156485,L,shallow,L-shallow,True,50.0,0.9101228978007762,44825.0,11.154489682097045,1.5916810317308305,0.6549192364170338,31326,25377980000.0
044780,653,21.314387211367674,793.0,10.611956137247525,M,deep,M-deep,True,1.0,0.4738260200153965,1413.5,7.074637424831978,4.459418070444104,0.30781010719754975,653,117101000.0
044820,1714,21.193924408336276,48.0,10.756544946853852,M,shallow,M-shallow,True,10.0,0.6594384004704499,14167.5,7.0584083289218285,3.9766627771295218,0.1942823803967328,1714,258792000.0
044960,2058,25.252525252525256,894.0,6.337135614702394,M,deep,M-deep,True,5.0,0.9477015732546706,3965.0,12.610340479192939,2.50242954324587,0.3202137998056365,2058,400894000.0
044990,1516,25.974025974025974,138.0,6.525285481240317,M,shallow,M-shallow,True,10.0,0.6520033388981636,15400.0,6.4935064935064934,4.6094986807387865,0.14116094986807387,1516,261580000.0
045060,1898,22.598870056497177,188.0,0.0,M,deep,M-deep,True,5.0,0.9719941737288136,2212.5,22.598870056497177,1.064278187565859,0.9373024236037935,1898,43625000.0
045100,8891,17.68346595932803,132.0,0.0,L,shallow,L-shallow,True,50.0,0.9580956997832782,28350.0,17.636684303350968,1.3466426723653133,0.7116184906084805,8891,3143030000.0
045300,777,34.42340791738382,147.0,25.597269624573205,H,deep,H-deep,True,5.0,0.7486842105263158,2910.0,17.18213058419244,2.9575289575289574,0.3075933075933076,777,62308000.0
045340,1334,29.239766081871345,108.0,14.609203798392478,M,shallow,M-shallow,True,10.0,0.8189132904202954,6875.0,14.545454545454545,2.8830584707646176,0.32458770614692656,1334,153787000.0
045390,19064,11.487650775416428,846.0,5.707762557076723,L,deep,L-deep,True,5.0,0.9642809702186446,4375.0,11.428571428571429,1.5356449666893983,0.6282327020930598,19063,12428315000.0
045510,666,27.027027027027028,500.0,13.540961408260443,M,deep,M-deep,True,1.0,0.7587920489296636,740.0,13.513513513513514,2.4834834834834836,0.34384384384384387,666,16253000.0
045520,400,16.038492381716118,163.0,16.00000000000046,L,deep,L-deep,True,5.0,0.7828025477707007,3120.0,16.025641025641026,1.4775,0.68,400,28330000.0
045660,1574,31.136481577581733,87.0,10.309278350515427,M,shallow,M-shallow,True,10.0,0.9133934320669672,9680.0,10.330578512396695,3.6130876747141043,0.11626429479034307,1574,181510000.0
045970,3619,38.61003861003861,244.0,9.803921568627416,H,deep,H-deep,True,10.0,0.8631792149741584,5155.0,19.398642095053347,2.0632771483835315,0.3625310859353413,3619,802430000.0
046120,90976,10.035122930255895,866.0,4.960317460317443,L,deep,L-deep,True,10.0,0.9723351243005485,10025.0,9.97506234413965,1.4564990381973069,0.696707886782083,90975,172997363000.0
046210,2059,48.78048780487805,178.0,24.449877750611915,H,deep,H-deep,True,5.0,0.7787426614481409,2052.5,24.360535931790498,2.2685769791160757,0.24963574550752793,2059,456279000.0
046310,1125,32.46753246753247,63.0,8.169934640522847,M,shallow,M-shallow,True,5.0,0.7860054347826086,3072.5,16.273393002441008,2.006222222222222,0.4177777777777778,1125,76710000.0
046390,1176,43.81161007667032,280.0,11.065007762339762,H,deep,H-deep,True,1.0,0.7812096427034008,906.5,11.031439602868176,4.229591836734694,0.1921768707482993,1176,87052000.0
046440,2731,20.26342451874367,249.0,5.0658561296867965,M,deep,M-deep,True,5.0,0.8775186567164179,4945.0,10.111223458038424,2.7239106554375687,0.31197363603075795,2731,197753000.0
046890,21898,10.065425264217414,497.0,4.9333991119882015,L,deep,L-deep,True,10.0,0.9000356748296815,9975.0,10.025062656641603,1.3457393369257467,0.7492465065302767,21898,9353943000.0
046940,2894,21.413276231263385,67.0,13.283923772481332,M,shallow,M-shallow,True,5.0,0.824290193346107,4675.0,10.695187165775401,2.796059453854131,0.3726235741444867,2893,567805000.0
046970,16669,19.99333555481506,432.0,9.213759213758665,M,deep,M-deep,True,1.0,0.783106986570092,1598.5,6.255864873318736,4.2571839942408065,0.22670826084348192,16669,5636533000.0
047040,121180,8.213552361396303,1782.0,0.0,L,deep,L-deep,True,10.0,0.9896464287802963,12205.0,8.193363375665712,1.1253342135665951,0.9024013863673873,121180,313437171000.0
047050,48361,13.449899125756557,361.0,0.0,L,deep,L-deep,True,100.0,0.9954898116670491,74450.0,13.43183344526528,1.1358767576509512,0.8785359801488833,48360,63313582000.0
047080,1679,16.433853738701725,555.0,4.130524576622108,L,deep,L-deep,True,1.0,0.8459328696703962,1213.0,8.244023083264633,2.157832042882668,0.44133412745681955,1679,195080000.0
047310,3520,38.167938931297705,435.0,9.578544061301653,H,deep,H-deep,True,10.0,0.973701205510907,5230.0,19.120458891013385,1.9542613636363637,0.41392045454545456,3520,791904000.0
047400,6376,18.945374171139882,331.0,6.367398917541678,M,deep,M-deep,True,1.0,0.7741788321167883,1584.5,6.311139160618492,3.659190715181932,0.2743099121706399,6376,1362463000.0
047560,4358,7.160759040458289,85.0,7.109847138286884,L,shallow,L-shallow,True,10.0,0.7074381604923935,14065.0,7.1098471382865265,2.394537525820519,0.5393619462933211,4357,1023730000.0
047770,20927,11.204481792717086,509.0,10.476689366161196,L,deep,L-deep,True,5.0,0.8787417554540842,4682.5,10.678056593699946,1.9250250872079133,0.5154584985903379,20927,16568213000.0
047810,85028,5.2124055251498564,141.0,0.0,L,shallow,L-shallow,True,100.0,0.9755851900198772,192050.0,5.20697734964853,1.1738388982323262,0.8804497394945136,85027,227446409000.0
047820,1516,23.696682464454977,60.0,5.97728631201333,M,shallow,M-shallow,True,5.0,0.7792687017779268,4237.5,11.799410029498524,2.8462046204620464,0.28316831683168314,1515,146508000.0
047920,3390,13.245033112582782,49.0,6.624710168929848,L,shallow,L-shallow,True,10.0,0.789719277288338,15112.5,6.6170388751033915,2.9306784660766962,0.35398230088495575,3390,853795000.0
048410,43391,6.416426050689766,385.0,3.2041012495998,L,deep,L-deep,True,10.0,0.9184998659345528,15680.0,6.377551020408163,1.5223092878543443,0.700046093569947,43390,42089680000.0
048430,882,39.037085230969424,92.0,9.770815211540551,H,shallow,H-shallow,True,10.0,0.8350574712643678,7645.0,13.080444735120995,3.2687074829931975,0.2562358276643991,882,80954000.0
048470,1097,46.54771140418929,226.0,15.540015540015384,H,deep,H-deep,True,5.0,0.6428406466512702,3230.0,15.479876160990713,3.5496809480401095,0.18413855970829535,1097,96224000.0
048530,10477,21.413276231263385,201.0,10.887316276537717,M,deep,M-deep,True,5.0,0.8423437575523225,4587.5,10.899182561307903,2.617065953994464,0.4675956857879164,10477,3718956000.0
048550,2693,17.436791630340018,24.0,4.380201489269098,L,shallow,L-shallow,True,1.0,0.7097679640718563,1148.5,8.707009142359599,3.1415304606240713,0.287518573551263,2692,105828000.0
048770,1565,49.05968928863451,170.0,16.220600162205614,H,deep,H-deep,True,5.0,0.8300324675324675,3065.0,16.31321370309951,3.3597444089456867,0.129073482428115,1565,232633000.0
048830,596,56.657223796033996,85.0,16.80672268907557,H,shallow,H-shallow,True,1.0,0.7737691001697793,892.0,11.210762331838565,6.352348993288591,0.10738255033557047,596,70687000.0
048870,3728,24.183796856106408,1392.5,12.062726176116367,M,deep,M-deep,True,5.0,0.9803755422993492,2072.5,24.1254523522316,1.343079399141631,0.7320278969957081,3728,517718000.0
048910,3815,23.094688221709006,105.0,11.554015020219799,M,shallow,M-shallow,True,10.0,0.7705842847548691,8775.0,11.396011396011396,3.452424639580603,0.29698558322411533,3815,1575162000.0
049070,5047,11.344299489506524,74.0,8.429334082606932,L,shallow,L-shallow,True,10.0,0.7408899789768746,17625.0,5.673758865248227,2.593619972260749,0.4111353279175748,5047,956153000.0
049080,2890,38.684719535783366,564.0,19.78239366963397,H,deep,H-deep,True,1.0,0.8804271708683473,515.5,19.398642095053347,2.0505190311418686,0.4117647058823529,2890,326100000.0
049120,634,54.69462169553328,331.0,46.019805670622915,H,deep,H-deep,True,1.0,0.5750398089171974,541.5,18.467220683287163,2.9621451104100944,0.20031545741324921,634,41908000.0
049180,14669,10.23017902813299,1000.0,9.727626459143934,L,deep,L-deep,True,1.0,0.8486091482541105,1016.0,9.84251968503937,1.9363283114050038,0.5785670461517486,14669,3817409000.0
049430,4159,21.175224986765485,25.0,10.652463382156974,M,shallow,M-shallow,True,10.0,0.56323547252214,19030.0,5.254860746190226,5.232507814378456,0.21158932435681654,4159,924719000.0
049470,2453,43.69992716678805,387.0,21.818181818181735,H,deep,H-deep,True,1.0,0.816240198101527,679.5,14.716703458425313,3.0399673735725936,0.2495921696574225,2452,249818000.0
049480,1507,45.87155963302752,628.0,11.481056257175437,H,deep,H-deep,True,5.0,0.9087826381824348,2170.0,23.04147465437788,2.0431320504313204,0.38686131386861317,1507,252643000.0
049520,2162,24.81389578163772,126.0,12.430080795524656,M,shallow,M-shallow,True,5.0,0.7976885360728462,4010.0,12.468827930174564,2.3188338732068488,0.43313280888477557,2161,292434000.0
049550,916,31.15264797507788,16.0,15.491866769945517,M,shallow,M-shallow,True,5.0,0.7347982310668878,3227.5,15.49186676994578,3.4486899563318776,0.3799126637554585,916,34101000.0
049630,19456,16.62510390689942,2178.0,0.0,L,deep,L-deep,True,5.0,0.9718469636467355,3012.5,16.59751037344398,1.2528912875867386,0.7900282703675148,19455,8836001000.0
049720,1789,19.029495718363464,204.0,4.757373929591413,M,deep,M-deep,True,10.0,0.9716407355021216,10520.0,9.505703422053232,2.4387926215762996,0.2990497484628284,1789,358288000.0
049800,882,40.16064257028112,101.0,20.140986908359082,H,shallow,H-shallow,True,5.0,0.8730636833046471,2482.5,20.14098690835851,1.969387755102041,0.42857142857142855,882,77052000.0
049830,207,39.86710963455149,32.0,26.578073089700283,H,shallow,H-shallow,True,10.0,0.7628676470588235,7525.0,13.289036544850498,3.3719806763285023,0.41545893719806765,207,11327000.0
049950,2800,13.422818791946307,32.0,10.02841411936295,L,shallow,L-shallow,True,10.0,0.6201029066618523,15045.0,6.646726487205051,4.048928571428571,0.16642857142857143,2800,614578000.0
049960,2492,7.207207207207207,8.0,7.191657677094732,L,shallow,L-shallow,True,10.0,0.7245103977387441,13935.0,7.176175098672408,3.199438202247191,0.5292937399678973,2492,405484000.0
050090,829,77.45933384972889,70.0,23.474178403755097,H,shallow,H-shallow,True,1.0,0.7286063569682152,646.0,15.479876160990713,5.406513872135102,0.07599517490952955,829,28818000.0
050110,1663,35.344609946983084,74.0,15.113350125944836,H,shallow,H-shallow,True,1.0,0.40033373786407767,1994.5,5.01378791677112,10.341551413108839,0.11966325917017438,1663,111085000.0
050120,1344,65.86169045005488,35.0,21.762785636560977,H,shallow,H-shallow,True,5.0,0.8151110274745954,2300.0,21.73913043478261,4.378720238095238,0.13690476190476192,1344,64018000.0
050760,1586,16.9061707523246,30.0,4.2753313381782565,L,shallow,L-shallow,True,1.0,0.7601555061885116,1180.5,8.470986869970352,2.380832282471627,0.4274905422446406,1586,21964000.0
050860,417,24.783147459727385,629.0,12.360939431397266,M,deep,M-deep,True,5.0,0.9345238095238095,2022.5,24.72187886279357,1.630695443645084,0.5347721822541966,417,52192000.0
050890,56127,8.087343307723412,10042.0,0.0,L,deep,L-deep,True,10.0,0.9985879984320992,12365.0,8.087343307723412,1.0037237643872714,0.9971849053914407,56126,33049136000.0
050960,686,44.19889502762431,90.0,5.537098560355336,H,shallow,H-shallow,True,10.0,0.7416666666666667,9050.0,11.049723756906078,4.100583090379009,0.09475218658892129,686,74948000.0
051160,2952,26.246719160104988,54.5,13.253810470510441,M,shallow,M-shallow,True,10.0,0.7783827816841022,7580.0,13.192612137203167,2.43529810298103,0.45359078590785906,2952,376335000.0
051360,2572,12.987012987012987,54.0,6.514657980456473,L,shallow,L-shallow,True,10.0,0.7685917721518988,15475.0,6.462035541195477,2.8825816485225504,0.31842923794712286,2572,620021000.0
051370,7417,8.009611533840609,220.0,7.920792079207928,L,deep,L-deep,True,10.0,0.7988566193933636,12580.0,7.9491255961844205,1.7655070118662353,0.5718716289104638,7416,2778329000.0
051380,1463,49.62779156327544,209.0,24.47980416156681,H,deep,H-deep,True,5.0,0.7494831150930393,2030.0,24.63054187192118,2.5053998632946004,0.31510594668489406,1463,252864000.0
051390,1180,46.72897196261682,16.0,23.296447291788482,H,shallow,H-shallow,True,5.0,0.7126338329764454,4272.5,11.702750146284377,5.740677966101695,0.326271186440678,1180,148725000.0
051490,1185,27.624309392265193,176.0,13.850415512465242,M,deep,M-deep,True,5.0,0.9008565310492506,3590.0,13.927576601671309,1.941772151898734,0.4860759493670886,1185,86923000.0
051500,9346,16.01281024819856,82.0,8.071025020177647,L,shallow,L-shallow,True,50.0,0.8999676619596853,31375.0,15.936254980079681,1.5348812326128825,0.7032955274983951,9346,3046840000.0
051600,16159,16.877637130801688,385.0,0.0,L,deep,L-deep,True,100.0,0.993424352623989,59350.0,16.849199663016005,1.16220063122718,0.9034593724859211,16159,12470616000.0
051630,3337,21.52852529601722,200.0,21.253985122210437,M,deep,M-deep,True,5.0,0.8432869670396129,2370.0,21.09704641350211,2.0314653880731197,0.5259214863649985,3337,698662000.0
051780,3661,60.150375939849624,147.0,22.058823529411686,H,deep,H-deep,True,1.0,0.7564997925598119,681.0,14.684287812041115,5.523627424201038,0.11308385686970773,3661,297053000.0
051900,15026,20.597322348094746,568.0,0.0,M,deep,M-deep,True,500.0,0.9962444722006549,243250.0,20.554984583761563,1.10955074875208,0.9237271214642263,15025,15882115000.0
051905,4115,9.601536245799327,38.0,0.0,L,shallow,L-shallow,True,100.0,0.8527194066749073,105200.0,9.505703422053232,1.6724179829890644,0.5018226002430134,4115,977204000.0
051910,43528,17.196904557179707,715.0,0.0,L,deep,L-deep,True,500.0,0.9960057102901759,291250.0,17.167381974248926,1.0980266029543522,0.9527211743894874,43529,95182081000.0
051915,9014,6.918021445866483,41.0,0.0,L,shallow,L-shallow,True,100.0,0.8854429315851403,145050.0,6.894174422612892,1.6782782338584423,0.7045706678500111,9014,4041871000.0
051980,12606,6.088280060882801,838.0,3.0422878004254805,L,deep,L-deep,True,1.0,0.8482940941739825,1647.5,6.0698027314112295,2.2302078375376806,0.6070918610185626,12606,2762844000.0
052020,19107,11.848341232227488,138.0,8.623167576888857,L,shallow,L-shallow,True,10.0,0.7059776089564175,17005.0,5.8806233460746835,3.555503218715654,0.4191657507719684,19107,19632787000.0
052220,1716,31.89792663476874,381.0,8.006405124099114,M,deep,M-deep,True,5.0,0.8588516746411483,3125.0,16.0,2.146938775510204,0.3142857142857143,1715,281128000.0
052260,2207,24.360535931790498,495.0,6.161429451632117,M,deep,M-deep,True,5.0,0.7597960586617782,4072.5,12.277470841006751,1.9288627095604893,0.45310376076121434,2207,297728000.0
052300,1506,16.62510390689942,543.0,11.022320198401658,L,deep,L-deep,True,1.0,0.5192307692307693,1839.5,5.436259853220983,7.889774236387782,0.20650730411686588,1506,142935000.0
052330,1823,9.965122072745391,79.0,9.84736582964052,L,shallow,L-shallow,True,10.0,0.5997782705099778,10125.0,9.876543209876543,1.8085573230938015,0.609983543609435,1823,149207000.0
052400,10076,15.16300227445034,94.0,7.513148009016257,L,shallow,L-shallow,True,100.0,0.9276279374025059,66850.0,14.958863126402393,1.7891028185788012,0.5568678046843986,10076,7519208000.0
052420,3357,22.03452074917371,199.0,7.350238882763982,M,deep,M-deep,True,1.0,0.788091267434809,1354.5,7.382798080472499,3.2421805183199286,0.23890378313970806,3357,361966000.0
052460,1075,47.13275726630008,50.0,30.188679245283232,H,shallow,H-shallow,True,5.0,0.7389774859287055,3230.0,15.479876160990713,3.4120930232558138,0.19627906976744186,1075,210647000.0
052600,1379,29.673590504451038,415.0,7.385524372229835,M,deep,M-deep,True,5.0,0.9556496135443504,3370.0,14.836795252225519,2.3016678752719364,0.3604060913705584,1379,59957000.0
052690,44564,5.795421616922631,93.0,2.8910089621281276,L,shallow,L-shallow,True,100.0,0.93347312777325,173150.0,5.775339301183945,1.5139350148101607,0.7282559913831792,44564,79756271000.0
052710,6465,23.59418010224145,135.0,11.732499022292231,M,shallow,M-shallow,True,10.0,0.7479945482866044,12747.5,7.844675426554226,3.541460396039604,0.2260210396039604,6464,2620025000.0
052770,2816,68.1044267877412,222.0,22.59887005649719,H,deep,H-deep,True,1.0,0.8641264619883041,442.5,22.598870056497177,4.221590909090909,0.20667613636363635,2816,275092000.0
052790,771,36.83241252302026,40.0,18.365472910928382,H,shallow,H-shallow,True,10.0,0.8078580901856764,5435.0,18.39926402943882,2.245136186770428,0.3398184176394293,771,30111000.0
052860,6773,26.041666666666664,373.0,13.166556945358732,M,deep,M-deep,True,5.0,0.8944585133323403,3832.5,13.04631441617743,2.657020522663517,0.39435995865938284,6773,3048783000.0
052900,3301,17.40644038294169,911.0,13.003901170350884,L,deep,L-deep,True,1.0,0.7177086517884439,1164.5,8.587376556462,2.6776734322932443,0.23568615571039078,3301,562057000.0
053030,15310,7.920792079207922,761.0,0.0,L,deep,L-deep,True,10.0,0.9243858667017913,12635.0,7.914523149980214,1.2194644023514043,0.8561071195297192,15310,4969162000.0
053050,13435,17.02127659574468,994.0,8.445945945946276,L,deep,L-deep,True,5.0,0.9665419471289437,2967.5,16.849199663016005,1.4909185648354921,0.6380824772964121,13434,6869885000.0
053060,999,49.09983633387889,188.0,12.269938650306678,H,deep,H-deep,True,1.0,0.845755432036382,1228.0,8.143322475570033,6.612612612612613,0.024024024024024024,999,88963000.0
053080,6237,17.301038062283737,188.0,4.351610095735259,L,deep,L-deep,True,10.0,0.8885365853658537,11535.0,8.669267446900736,2.622574955908289,0.42568542568542567,6237,3067650000.0
053160,2691,12.894906511927788,215.0,12.492192379762734,L,deep,L-deep,True,10.0,0.9106640405177265,7880.0,12.690355329949238,2.075065031586771,0.5061315496098104,2691,687544000.0
053210,1968,19.398642095053347,662.0,0.0,M,deep,M-deep,True,10.0,0.9942411057077041,5160.0,19.37984496124031,1.2774390243902438,0.7642276422764228,1968,142099000.0
053260,961,35.23194362889019,39.0,17.605633802817433,H,shallow,H-shallow,True,5.0,0.6687533297815663,4285.0,11.668611435239205,3.802289281997919,0.29448491155046824,961,92935000.0
053270,2019,44.150110375275936,888.0,11.086474501108556,H,deep,H-deep,True,5.0,0.9148723084626941,2255.0,22.172949002217294,1.6359583952451708,0.46656760772659733,2019,211673000.0
053280,1060,27.972027972027973,228.0,7.002801120448154,M,deep,M-deep,True,5.0,0.9711538461538461,3567.5,14.01541695865452,2.1141509433962264,0.4537735849056604,1060,103061000.0
053290,759,48.543689320388346,186.0,24.2424242424244,H,deep,H-deep,True,5.0,0.8742504996668887,2035.0,24.570024570024568,1.841897233201581,0.4888010540184453,759,75224000.0
053300,2745,33.11258278145695,392.0,8.298755186721962,H,deep,H-deep,True,10.0,0.9374769287559985,6035.0,16.570008285004143,2.2255009107468124,0.31183970856102006,2745,648482000.0
053350,1619,16.849199663016005,151.0,8.417508417508657,L,shallow,L-shallow,True,5.0,0.7804212168486739,2977.5,16.79261125104954,1.6948733786287833,0.5731933292155652,1619,91159000.0
053450,2441,19.51219512195122,245.0,9.689922480620172,M,deep,M-deep,True,10.0,0.8192315658657829,5195.0,19.249278152069298,1.6808684965178207,0.5047111839410078,2441,507364000.0
053580,2569,34.50258769407706,80.0,11.481056257175437,H,shallow,H-shallow,True,10.0,0.76026045777427,8770.0,11.402508551881414,3.5402880498248344,0.17555469054106657,2569,387833000.0
053610,6768,36.63003663003663,55.0,9.182736455464191,H,shallow,H-shallow,True,100.0,0.9187964338781575,54650.0,18.298261665141812,2.0824468085106385,0.32092198581560283,6768,1999494000.0
053620,332,14.587892049598834,23.5,14.524328249818641,L,shallow,L-shallow,True,10.0,0.6524486571879937,6865.0,14.566642388929353,1.4909638554216869,0.713855421686747,332,38573000.0
053690,6568,24.783147459727385,98.0,5.103342689461998,M,shallow,M-shallow,True,10.0,0.6315850277264325,19735.0,5.067139599695972,5.156340386664637,0.1814583650479525,6569,2779681000.0
053700,6252,30.03003003003003,440.0,7.651109410864443,M,deep,M-deep,True,10.0,0.9152757619738752,6545.0,15.278838808250573,1.7943058221369161,0.4872040946896993,6252,1778959000.0
053800,3943,16.142050040355123,41.0,7.9872204472852815,L,shallow,L-shallow,True,100.0,0.9304213374565133,62550.0,15.987210231814547,1.7791022064417956,0.5171189449657622,3943,1287296000.0
053950,5093,43.07250538406317,509.0,14.461315979754641,H,deep,H-deep,True,1.0,0.8924110240904134,692.5,14.440433212996389,2.8615747103868054,0.17906931081877087,5093,820471000.0
053980,1054,46.26060138781804,266.0,7.733952049496784,H,deep,H-deep,True,5.0,0.9453853706431026,3237.5,15.444015444015443,2.646110056925996,0.20113851992409867,1054,136648000.0
054040,1524,19.743336623889437,137.0,9.871668311944859,M,shallow,M-shallow,True,10.0,0.9927389395474502,5080.0,19.68503937007874,1.463254593175853,0.6437007874015748,1524,139485000.0
054050,2320,12.24739742804654,382.0,6.093845216331717,L,deep,L-deep,True,10.0,0.9159938904647611,8205.0,12.187690432663011,1.6625,0.5443965517241379,2320,556802000.0
054090,995,51.880674448767834,139.0,25.806451612903068,H,deep,H-deep,True,1.0,0.7057849133537207,775.5,12.894906511927788,4.609045226130653,0.14974874371859295,995,62107000.0
054210,3384,20.040080160320638,85.0,10.015022533800266,M,shallow,M-shallow,True,10.0,0.7883897925682734,10020.0,9.98003992015968,2.6586879432624113,0.3466312056737589,3384,1039151000.0
054220,5870,34.602076124567475,1360.0,17.226528854434875,H,deep,H-deep,True,1.0,0.8618873602751504,579.5,17.25625539257981,2.3061328790459967,0.34821124361158434,5870,871434000.0
054300,2874,49.05968928863451,649.0,16.313213703098572,H,deep,H-deep,True,1.0,0.936912573151268,611.0,16.366612111292962,3.0521920668058455,0.15483646485734168,2874,530811000.0
054410,860,55.710306406685234,49.0,47.91238877481119,H,shallow,H-shallow,True,5.0,0.5697879858657244,3562.5,14.035087719298245,5.736046511627907,0.20813953488372092,860,90921000.0
054450,4047,15.564202334630352,158.0,7.754943776657752,L,deep,L-deep,True,10.0,0.7735184029943856,12870.0,7.77000777000777,2.6985421299728194,0.38522362243637265,4047,875200000.0
054540,4977,16.273393002441008,139.0,8.186655751125649,L,shallow,L-shallow,True,10.0,0.8060892548541222,12215.0,8.186655751125665,2.2937512557765722,0.4464536869600161,4977,1515093000.0
054620,10956,21.953896816684964,241.0,10.911074740862503,M,deep,M-deep,True,10.0,0.8580940970462191,9140.0,10.940919037199125,2.4633077765607885,0.33616283315078493,10956,6587379000.0
054670,2406,14.652140473774011,179.0,14.440433212996595,L,deep,L-deep,True,10.0,0.9639932815452446,6885.0,14.524328249818446,1.8649210307564423,0.500831255195345,2406,601017000.0
054780,2106,40.899795501022496,28.0,20.304568527919066,H,shallow,H-shallow,True,5.0,0.9003382459531287,2465.0,20.28397565922921,2.5147198480531814,0.27113010446343777,2106,120222000.0
054800,929,73.40674007340674,39.0,27.063599458727605,H,shallow,H-shallow,True,10.0,0.6197802197802198,14950.0,6.688963210702341,12.692142088266953,0.05489773950484392,929,378006000.0
054920,4204,22.42152466367713,181.0,11.019283746556141,M,deep,M-deep,True,5.0,0.8374094202898551,4492.5,11.129660545353367,2.6018078020932447,0.28758325404376783,4204,1066590000.0
054930,1550,43.7636761487965,91.0,10.94091903719896,H,shallow,H-shallow,True,50.0,0.8935943643512451,22875.0,21.85792349726776,2.1354838709677417,0.2845161290322581,1550,339090000.0
054940,3057,29.850746268656717,269.0,7.446016381236209,M,deep,M-deep,True,1.0,0.8803315561479507,671.0,14.903129657228018,2.3941772980045797,0.19365390906117108,3057,83000000.0
054950,4581,19.665683382497544,202.0,0.0,M,deep,M-deep,True,50.0,0.9917394187203006,25475.0,19.62708537782139,1.201920977952412,0.8306046714691115,4581,1465841000.0
055490,1225,20.62564455139223,29.0,10.413051023949738,M,shallow,M-shallow,True,10.0,0.5669291338582677,14475.0,6.90846286701209,3.700408163265306,0.20979591836734693,1225,125767000.0
055550,33054,11.10494169905608,1486.0,0.0,L,deep,L-deep,True,100.0,0.9865419358789846,90150.0,11.092623405435386,1.105221758334846,0.9390996551098203,33054,96192159000.0
056080,22889,18.099547511312217,719.0,0.0,L,deep,L-deep,True,50.0,0.9985294117647059,27675.0,18.066847335140018,1.1197081567565206,0.901524749879855,22889,9932949000.0
056090,19732,17.6522506619594,997.0,8.726003490402423,L,deep,L-deep,True,5.0,0.9713599692662312,2855.0,17.513134851138354,1.2912021082505574,0.7585140887897831,19732,12729638000.0
056190,11232,17.62114537444934,216.0,0.0,L,deep,L-deep,True,50.0,0.9433379581971982,28425.0,17.590149516270888,1.1291844729344729,0.8798967236467237,11232,2447313000.0
056360,5908,31.397174254317115,227.0,15.760441292356209,M,deep,M-deep,True,10.0,0.9034140017286084,6215.0,16.090104585679807,1.8781313473256602,0.47816519972918076,5908,2091720000.0
056700,2720,21.175224986765485,45.0,10.629816635663314,M,shallow,M-shallow,True,1.0,0.8386568002997378,1867.5,5.35475234270415,4.726102941176471,0.24301470588235294,2720,109599000.0
056730,613,62.56517205422315,515.0,30.832476875641834,H,deep,H-deep,True,1.0,0.7859195402298851,484.5,20.639834881320947,3.5546492659053834,0.32137030995106036,613,23137000.0
057030,927,37.03703703703704,201.0,9.26784059314123,H,deep,H-deep,True,5.0,0.9371014492753623,2702.5,18.501387604070306,2.501618122977346,0.3505933117583603,927,20251000.0
057050,10543,12.217470983506415,47.0,11.827321111768097,L,shallow,L-shallow,True,100.0,0.8522278757905749,83450.0,11.983223487118035,1.7290145119984823,0.5351418002466092,10543,5066606000.0
057540,1708,36.92307692307692,633.0,12.210012210012167,H,deep,H-deep,True,1.0,0.7995086360929125,808.5,12.368583797155226,3.189695550351288,0.23711943793911008,1708,105375000.0
057680,1387,47.28132387706856,506.0,23.130300693908758,H,deep,H-deep,True,1.0,0.7484567901234568,643.0,15.552099533437014,3.6532083633741887,0.08940158615717375,1387,202310000.0
058110,1110,61.662723848075736,40.0,13.896626402755686,H,shallow,H-shallow,True,1.0,0.7374543795620438,1773.5,5.638567803777841,11.224324324324325,0.14504504504504503,1110,136420000.0
058400,2524,13.596193065941536,377.0,6.71591672263272,L,deep,L-deep,True,1.0,0.8109914223020147,743.5,13.449899125756557,1.8129952456418383,0.661648177496038,2524,116033000.0
058430,3507,22.3463687150838,43.0,5.5803571428580945,M,shallow,M-shallow,True,50.0,0.801475907972797,45275.0,11.043622308117063,3.3018814139110604,0.35319270239452677,3508,1287794000.0
058450,3134,69.52491309385863,175.0,35.99281439194357,H,deep,H-deep,True,1.0,0.7532514450867052,414.5,24.1254523522316,3.1649649010848755,0.26196553924696875,3134,205428000.0
058470,45321,9.078529278256923,520.0,0.0,L,deep,L-deep,True,100.0,0.9878343529516835,110150.0,9.078529278256923,1.0591116700867147,0.9507292425145076,45321,80447592000.0
058610,28944,7.958615200955034,71.0,0.0,L,shallow,L-shallow,True,100.0,0.964781538139145,125900.0,7.942811755361397,1.3130182421227197,0.8148148148148148,28944,25631065000.0
058630,3002,19.286403085824496,308.0,9.578544061302763,M,deep,M-deep,True,10.0,0.9547800338409476,5330.0,18.76172607879925,1.8204530313124583,0.5289806795469687,3002,583505000.0
058650,1682,52.424639580602886,6.0,16.074596463289126,H,shallow,H-shallow,True,100.0,0.6457456404088996,152900.0,6.540222367560498,9.865041617122474,0.0558858501783591,1682,573530000.0
058730,6475,14.461315979754158,228.0,14.21464108031234,L,deep,L-deep,True,5.0,0.8663308341143393,3505.0,14.265335235378032,1.7861003861003861,0.5192277992277993,6475,2043767000.0
058820,6367,5.94000594000594,738.0,2.948113207547065,L,deep,L-deep,True,1.0,0.9041231402342513,1694.5,5.901445854234288,1.605465682425004,0.6558818910004712,6367,1287278000.0
058850,2191,19.175455417066154,649.0,9.496676163343043,M,deep,M-deep,True,5.0,0.9691645333953921,2612.5,19.138755980861244,1.2834322227293473,0.734367868553172,2191,535548000.0
058860,1151,35.46099290780142,515.0,8.865248226950229,H,deep,H-deep,True,5.0,0.9876379690949227,2820.0,17.73049645390071,1.9704604691572545,0.3840139009556907,1151,364163000.0
058970,7034,31.948881789137378,79.0,8.01924619085792,M,shallow,M-shallow,True,50.0,0.8997776821572002,31275.0,15.987210231814547,2.4124253625248793,0.40560136479954506,7034,1894822000.0
059090,17403,7.404664938911514,155.0,3.690036900370064,L,shallow,L-shallow,True,10.0,0.8857556037599421,13585.0,7.36105999263894,1.4746882721369878,0.72464517611906,17403,5258459000.0
059100,1742,35.46099290780142,86.0,8.992805755396738,H,shallow,H-shallow,True,10.0,0.7481946851530907,5615.0,17.809439002671414,1.8099885189437428,0.4793340987370838,1742,213827000.0
059120,3974,27.063599458728014,256.0,13.386880856760541,M,deep,M-deep,True,10.0,0.80268660499303,7410.0,13.49527665317139,2.4162053346753902,0.3447408152994464,3974,1423719000.0
059210,3758,11.117287381878821,149.0,10.840108401084514,L,shallow,L-shallow,True,5.0,0.8417048208995421,4557.5,10.970927043335163,2.0800957956359767,0.5138371474188398,3758,1676760000.0
059270,3995,28.449502133712663,81.0,9.60153624579907,M,shallow,M-shallow,True,10.0,0.7881895782902281,10435.0,9.583133684714902,3.2843554443053815,0.29386733416770966,3995,899019000.0
060150,3410,12.158054711246201,515.0,6.027727546714656,L,deep,L-deep,True,5.0,0.890618035953053,4150.0,12.048192771084338,1.5782991202346042,0.6093841642228739,3410,386124000.0
060250,15106,5.23149359142035,115.0,5.163955589981839,L,shallow,L-shallow,True,10.0,0.8605162044771133,19265.0,5.190760446405398,2.336753607837945,0.5601085661326625,15106,9381737000.0
060260,897,57.52636625119847,95.0,19.157088122605526,H,shallow,H-shallow,True,1.0,0.7852072685973879,1041.5,9.601536245799327,6.791527313266443,0.12151616499442586,897,58280000.0
060280,12679,13.360053440213761,158.0,6.64672648720499,L,deep,L-deep,True,10.0,0.8037877885035554,14950.0,6.688963210702341,2.611010332045114,0.4367063648552725,12679,4328059000.0
060310,3371,16.207455429497568,255.0,12.180267965895553,L,deep,L-deep,True,1.0,0.7348552670844524,1236.5,8.087343307723412,3.4138237911598934,0.3702165529516464,3371,179188000.0
060370,15798,15.810276679841897,119.0,7.886435331230235,L,shallow,L-shallow,True,50.0,0.9554157461659143,31875.0,15.686274509803921,1.607228763134574,0.5865299404987974,15798,11382568000.0
060380,811,7.249003262051468,91.0,7.147962830593713,L,shallow,L-shallow,True,1.0,0.6602484472049689,1390.5,7.19165767709457,2.690505548705302,0.5006165228113441,811,21166000.0
060480,480,33.101621979476995,371.0,3.3090668431501324,H,deep,H-deep,True,1.0,0.711864406779661,1510.5,6.620324395895399,4.572916666666667,0.17708333333333334,480,31426000.0
060540,976,31.620553359683793,144.0,7.990411506193507,M,deep,M-deep,True,1.0,0.5980187695516163,1262.0,7.9239302694136295,3.7879098360655736,0.11372950819672131,976,69337000.0
060560,858,45.0112528132033,610.0,7.479431563200967,H,deep,H-deep,True,1.0,0.8053435114503816,668.5,14.958863126402393,4.207459207459207,0.27505827505827507,858,39082000.0
060570,2636,51.832654572380605,104.0,17.636684303350414,H,shallow,H-shallow,True,1.0,0.7092977638289525,1349.5,7.410151908114116,13.811077389984826,0.09825493171471927,2636,201058000.0
060590,1573,24.84472049689441,846.0,12.414649286158763,M,deep,M-deep,True,5.0,0.6406602254428342,4022.5,12.43008079552517,2.3127781309599493,0.3986013986013986,1573,297028000.0
060720,8766,13.26259946949602,162.0,3.385240352065111,L,deep,L-deep,True,10.0,0.8494246260069045,14865.0,6.7272115708039015,2.2657996805840748,0.49372575861282225,8766,3248978000.0
060850,967,33.3889816360601,92.0,16.625103906899863,H,shallow,H-shallow,True,10.0,0.7212899842684846,6040.0,16.556291390728475,2.9875904860392968,0.17269906928645296,967,148802000.0
060900,1920,72.46376811594203,817.0,18.348623853210455,H,deep,H-deep,True,1.0,0.8353706624605678,274.5,36.42987249544627,1.8510416666666667,0.43802083333333336,1920,73210000.0
060980,4029,11.344299489506524,27.0,11.204481792717047,L,shallow,L-shallow,True,50.0,0.8669309526782369,44400.0,11.26126126126126,1.8592702903946388,0.5011169024571854,4029,954675000.0
061040,1446,52.524073533702946,218.0,11.497556769186623,H,deep,H-deep,True,1.0,0.6557479471617279,1713.0,5.837711617046118,9.210926694329183,0.056708160442600276,1446,213728000.0
061090,1545,52.84015852047556,22.0,19.685039370078705,H,shallow,H-shallow,True,50.0,0.7523880105401844,37800.0,13.227513227513226,4.1352750809061485,0.08220064724919093,1545,316456000.0
061250,2621,20.8768267223382,645.0,10.25115325474113,M,deep,M-deep,True,1.0,0.7154789494013133,972.0,10.2880658436214,2.704692865318581,0.3216329645173598,2621,250798000.0
061970,5005,22.753128555176335,113.0,11.370096645821892,M,shallow,M-shallow,True,5.0,0.8741057934508816,4372.5,11.435105774728417,2.188011988011988,0.41098901098901097,5005,603303000.0
062040,30166,7.371913011426465,109.0,0.0,L,shallow,L-shallow,True,100.0,0.9462430791362093,135950.0,7.35564545788893,1.1991248715483807,0.8600125965458946,30167,23398572000.0
062970,4527,42.10526315789473,286.0,10.526315789474161,H,deep,H-deep,True,5.0,0.9053481894150418,2372.5,21.07481559536354,1.9940357852882704,0.38701126573889993,4527,699443000.0
063080,1745,49.60044089280794,38.0,8.347245409014992,H,shallow,H-shallow,True,10.0,0.5995253633936517,18130.0,5.515719801434088,12.347277936962751,0.09799426934097422,1745,173431000.0
063160,1324,31.007751937984494,33.0,5.173305742369738,M,shallow,M-shallow,True,10.0,0.5682512409316534,19350.0,5.167958656330749,7.314954682779456,0.0755287009063444,1324,156861000.0
063170,1783,48.899755501222494,132.0,12.461059190030932,H,deep,H-deep,True,10.0,0.8255385487528345,8135.0,12.292562999385371,3.9237240605720696,0.126752664049355,1783,845583000.0
063440,1793,13.736263736263737,297.0,10.172939979654627,L,deep,L-deep,True,1.0,0.7551729024943311,1461.5,6.842285323297982,2.5644171779141103,0.3602900167317345,1793,190498000.0
063570,1686,24.009603841536613,107.0,11.96888090963466,M,shallow,M-shallow,True,5.0,0.9367719190680565,4165.0,12.004801920768307,2.421708185053381,0.40865954922894426,1686,74323000.0
063760,386,59.347181008902076,484.5,19.78239366963397,H,deep,H-deep,True,5.0,0.7319316688567674,2525.0,19.801980198019802,2.9248704663212437,0.12953367875647667,386,38983000.0
064240,1895,91.11617312072893,209.0,34.168564920273866,H,deep,H-deep,True,5.0,0.7924966799468791,2162.5,23.121387283236995,3.757255936675462,0.05699208443271768,1895,471563000.0
064260,15264,13.917884481558804,1063.5,0.0,L,deep,L-deep,True,10.0,0.9813221249502586,7195.0,13.89854065323141,1.3366745283018868,0.7425969601677149,15264,6576460000.0
064290,3682,39.814200398142006,71.5,9.696202372968532,H,shallow,H-shallow,True,10.0,0.7280899644517363,15165.0,6.594131223211342,6.080119500271591,0.11162411732753938,3682,949597000.0
064350,63483,5.163955589981926,213.0,0.0,L,deep,L-deep,True,100.0,0.982004869481919,194150.0,5.150656708730364,1.1205028038560898,0.91534874929116,63484,109513645000.0
064400,29518,15.186028853454822,640.0,0.0,L,deep,L-deep,True,100.0,0.9899397590361446,65850.0,15.186028853454822,1.0627075005081645,0.9405786299884816,29518,28773696000.0
064480,2976,22.3463687150838,117.0,5.633802816901179,M,shallow,M-shallow,True,5.0,0.7893119344374253,4475.0,11.1731843575419,2.248991935483871,0.3346774193548387,2976,411784000.0
064520,1458,46.16272360069244,151.0,23.005044240470006,H,deep,H-deep,True,1.0,0.5462962962962963,1740.25,5.746300818847867,9.452674897119342,0.11728395061728394,1458,186226000.0
064550,3258,24.681201151789388,257.0,8.225375630561693,M,deep,M-deep,True,10.0,0.6921972049689441,12120.0,8.250825082508252,2.7645794966236954,0.19429097605893186,3258,667177000.0
064760,17026,21.119324181626187,42.0,10.427528675703845,M,shallow,M-shallow,True,500.0,0.9845147154615976,238250.0,20.986358866736623,1.3253259720427581,0.7159050863385411,17026,20702750000.0
064800,1244,59.171597633136095,936.0,21.489971346704827,H,deep,H-deep,True,1.0,0.7755414793624846,688.0,14.534883720930232,4.309485530546624,0.13987138263665594,1244,259808000.0
064820,6276,9.111617312072893,187.0,4.582951420715187,L,deep,L-deep,True,10.0,0.8214918283552048,11005.0,9.086778736937756,1.5094008922880815,0.7006054811982154,6276,1794342000.0
064850,9918,23.446658851113714,135.0,22.59887005649719,M,shallow,M-shallow,True,50.0,0.9050949431356621,21775.0,22.962112514351322,1.6826981246218995,0.5494051220004033,9918,4978255000.0
064960,10247,15.30221882172915,106.0,7.518796992480592,L,shallow,L-shallow,True,50.0,0.9489189189189189,32875.0,15.20912547528517,1.3069867291178767,0.7382903981264637,10248,1921976000.0
065060,1557,58.083252662149086,429.0,19.474196689386325,H,deep,H-deep,True,1.0,0.8351711652402897,514.5,19.43634596695821,3.0873474630700066,0.16570327552986513,1557,99344000.0
065130,818,48.00003072001966,28.0,31.520882584712417,H,shallow,H-shallow,True,5.0,0.6983301827347196,3150.0,15.873015873015873,4.205378973105135,0.1625916870415648,818,71437000.0
065170,36274,23.31002331002331,483.0,5.945303210463937,M,deep,M-deep,True,5.0,0.8805382593053825,4255.0,11.750881316098708,2.0553840216132766,0.43943320284501297,36274,12983403000.0
065350,13120,15.186028853454822,95.0,7.496251874062887,L,shallow,L-shallow,True,100.0,0.9737060161097623,66000.0,15.151515151515152,1.2201219512195123,0.8125,13120,9077382000.0
065370,1199,39.0625,66.0,28.985507246377384,H,shallow,H-shallow,True,10.0,0.799830723656369,5155.0,19.398642095053347,2.9049207673060886,0.2827356130108424,1199,154157000.0
065420,858,55.40166204986149,1696.0,27.62430939226568,H,deep,H-deep,True,1.0,0.9792408066429419,181.5,55.09641873278237,1.365967365967366,0.6538461538461539,858,97324000.0
065440,40347,20.768431983385256,1850.0,0.0,M,deep,M-deep,True,5.0,0.9490288537105648,2420.0,20.66115702479339,1.3554415446005899,0.7885096785386769,40347,16968948000.0
065450,48964,18.709073900841908,1052.0,9.009009009008917,M,deep,M-deep,True,10.0,0.9883469747202652,5395.0,18.535681186283597,1.2994240666612205,0.7502859243525856,48964,40042615000.0
065500,3424,42.46284501061571,598.0,10.71811361200492,H,deep,H-deep,True,5.0,0.9462198550081373,2337.5,21.390374331550802,1.8224299065420562,0.4252336448598131,3424,877608000.0
065510,3284,34.42340791738382,235.0,11.467889908256534,H,deep,H-deep,True,10.0,0.8887778631821676,8695.0,11.500862564692351,2.8255176613885506,0.20341047503045068,3284,848907000.0
065530,3458,21.164021164021165,329.0,7.067137809186885,M,deep,M-deep,True,1.0,0.8306180596142607,1417.0,7.057163020465773,3.827067669172932,0.24436090225563908,3458,289933000.0
065650,879,49.62779156327544,58.0,15.432098765432167,H,shallow,H-shallow,True,1.0,0.3904982618771727,1973.0,5.06842372022301,11.240045506257111,0.040955631399317405,879,60854000.0
065660,10809,35.46099290780142,29.0,8.904719501334757,H,shallow,H-shallow,True,100.0,0.872813156053184,56500.0,17.699115044247787,2.088629845499121,0.30779905634193727,10809,4978984000.0
065680,2029,48.19277108433735,18.0,16.273393002441683,H,shallow,H-shallow,True,50.0,0.7512465719272002,31075.0,16.090104585679807,3.1084277969443077,0.22227698373583046,2029,599805000.0
065690,1730,20.477818084988535,127.0,13.722126929673895,M,shallow,M-shallow,True,1.0,0.6461907531259087,1457.0,6.863417982155113,5.730635838150289,0.2751445086705202,1730,114013000.0
065710,2406,10.911074740861974,19.0,10.746910263299547,L,shallow,L-shallow,True,50.0,0.9089102698180297,46175.0,10.828370330265296,1.877389858686617,0.5490440565253533,2406,577466000.0
065770,1326,65.23157208088715,222.0,25.673940949936245,H,deep,H-deep,True,1.0,0.7845092024539877,767.0,13.03780964797914,6.055052790346908,0.0889894419306184,1326,155410000.0
065950,1880,12.507817385866167,100.0,9.21093030396114,L,shallow,L-shallow,True,1.0,0.7252282491944146,1608.5,6.216972334473112,3.2324468085106384,0.3276595744680851,1880,143257000.0
066130,604,23.837902264600714,1244.0,5.984440454818163,M,deep,M-deep,True,5.0,0.7352445193929174,4180.0,11.961722488038276,1.8841059602649006,0.44370860927152317,604,31690000.0
066310,5863,30.84832904884319,69.0,10.346611484739476,M,shallow,M-shallow,True,10.0,0.7673207677080643,9680.0,10.330578512396695,3.0064813235544943,0.29677639433736996,5863,1932931000.0
066360,3576,65.45114539504442,188.0,18.124165314231668,H,deep,H-deep,True,1.0,0.758417864187095,1080.5,9.254974548819991,8.073266219239374,0.087248322147651,3576,470737000.0
066430,3293,20.855057351407716,652.0,10.427528675703845,M,deep,M-deep,True,5.0,0.908458819913952,2437.5,20.512820512820515,1.5557242635894322,0.6085636197995749,3293,881053000.0
066570,46561,8.78348704435661,383.0,0.0,L,deep,L-deep,True,100.0,0.9909125958426551,113850.0,8.78348704435661,1.0637027491408935,0.9407860824742268,46560,73965129000.0
066575,7882,19.065776930409914,146.0,9.496676163343043,M,deep,M-deep,True,100.0,0.9625104226797512,52550.0,19.029495718363464,1.4458259325044405,0.6568129916264908,7882,4302071000.0
066590,2366,36.76470588235294,1464.0,9.182736455464191,H,deep,H-deep,True,5.0,0.8800148588410104,2725.0,18.34862385321101,2.291208791208791,0.27303465765004226,2366,271659000.0
066620,1546,45.248868778280546,40.0,0.0,H,shallow,H-shallow,True,50.0,0.8834310850439883,22025.0,22.701475595913735,2.166235446313066,0.407503234152652,1546,118525000.0
066670,1049,55.81395348837209,28.0,18.621973929237036,H,shallow,H-shallow,True,5.0,0.7817479478512795,2670.0,18.726591760299627,2.8779790276453765,0.21258341277407056,1049,36541000.0
066700,1699,37.59398496240601,768.0,18.85014137606,H,deep,H-deep,True,5.0,0.8806764797995615,2642.5,18.921475875118258,3.3154796939376103,0.45556209535020603,1699,343708000.0
066900,1827,55.36757920639803,23.0,31.152647975076775,H,shallow,H-shallow,True,1.0,0.5192803899082569,1658.5,6.029544769369912,17.99562123700055,0.06732348111658457,1827,98777000.0
066910,1189,32.62642740619902,503.0,16.286644951140072,H,deep,H-deep,True,1.0,0.7972599830076466,616.0,16.233766233766236,2.891505466778806,0.24558452481076534,1189,121024000.0
066970,26206,9.501187648456057,75.0,4.646840148698761,L,shallow,L-shallow,True,100.0,0.9143948182521269,105450.0,9.48316737790422,1.2784201488265599,0.8216370921579851,26205,20159403000.0
066980,5946,35.39823008849557,372.0,10.21798365122617,H,deep,H-deep,True,1.0,0.7213341858482524,1467.0,6.81663258350375,5.60376723847965,0.11940800538176925,5946,1505234000.0
067000,6183,37.735849056603776,594.0,18.16530426884677,H,deep,H-deep,True,5.0,0.9189591836734694,2605.0,19.193857965451055,1.8704512372634643,0.4216399805919457,6183,2011360000.0
067010,593,22.962112514351322,214.0,0.0,M,deep,M-deep,True,5.0,0.768193493150685,2182.5,22.90950744558992,1.5177065767284992,0.6155143338954469,593,17112000.0
067080,4419,20.046775810223853,62.0,6.745362563237434,M,shallow,M-shallow,True,10.0,0.6979942693409742,14875.0,6.722689075630252,3.5412989364109526,0.28535867843403484,4419,1592531000.0
067160,5796,15.515903801396432,105.0,7.751937984497026,L,shallow,L-shallow,True,100.0,0.9126429756395704,64650.0,15.467904098994588,1.56055900621118,0.6454451345755694,5796,2641018000.0
067170,1006,11.129660545353367,129.5,8.246289169873133,L,shallow,L-shallow,True,1.0,0.44942413620430643,1807.5,5.532503457814661,4.702783300198807,0.3827037773359841,1006,33490000.0
067280,1838,35.52397868561279,39.0,8.912655971479166,H,shallow,H-shallow,True,50.0,0.9610988708344809,27875.0,17.937219730941703,1.6104461371055494,0.4967355821545158,1838,156553000.0
067290,4800,24.906600249066003,1122.0,12.330456226880004,M,deep,M-deep,True,5.0,0.84389745202894,2022.5,24.72187886279357,1.5388333333333333,0.543125,4800,718637000.0
067310,43441,15.910898965791567,685.0,0.0,L,deep,L-deep,True,50.0,0.9915732946298984,31525.0,15.860428231562253,1.2474620749982734,0.7879192467945029,43441,35608077000.0
067370,817,58.651026392961874,28.0,39.10068426197455,H,shallow,H-shallow,True,10.0,0.5890644361833953,5140.0,19.45525291828794,3.696450428396573,0.17870257037943696,817,134081000.0
067390,3900,25.220680958385877,2756.0,6.321112515802474,M,deep,M-deep,True,1.0,0.8481632917964693,793.5,12.60239445494644,2.3515384615384614,0.3646153846153846,3900,993240000.0
067570,962,44.05286343612335,537.5,11.025358324145973,H,deep,H-deep,True,5.0,0.977685729556387,2267.5,22.05071664829107,1.862785862785863,0.40332640332640335,962,91523000.0
067630,3245,13.3422281521014,548.0,6.635700066357497,L,deep,L-deep,True,5.0,0.8587480559875583,3772.5,13.253810470510272,1.9448382126348227,0.5075500770416025,3245,855446000.0
067730,616,41.666666666666664,59.5,10.449320794148065,H,shallow,H-shallow,True,5.0,0.7485572959604286,2410.0,20.74688796680498,2.456168831168831,0.2564935064935065,616,24815000.0
067770,265,91.74311926605505,96.0,12.651821862348367,H,shallow,H-shallow,True,1.0,0.6219135802469136,1968.5,5.080010160020319,23.70188679245283,0.1509433962264151,265,11233000.0
067830,1982,16.9061707523246,45.0,8.453085376163294,L,shallow,L-shallow,True,5.0,0.8225455011535504,2972.5,16.82085786375105,1.4568835098335855,0.616238023197176,1983,94231000.0
067900,2221,42.765502494654314,178.0,14.27551748750866,H,deep,H-deep,True,10.0,0.8593964334705075,6985.0,14.316392269148174,2.7330031517334534,0.23683025664115265,2221,398283000.0
067920,2046,16.59751037344398,647.0,8.264462809917106,L,deep,L-deep,True,10.0,0.9362270243417784,6035.0,16.570008285004143,1.5004887585532747,0.6617790811339198,2046,347594000.0
067990,953,23.094688221709006,245.0,5.793742757821407,M,deep,M-deep,True,5.0,0.8686102236421726,4327.5,11.554015020219525,2.0104931794333685,0.4323189926547744,953,150395000.0
068050,1007,56.16224648985959,154.0,15.394088669951067,H,deep,H-deep,True,1.0,0.5421092564491654,1605.0,6.230529595015577,9.045680238331679,0.08738828202581926,1007,90456000.0
068100,833,90.49773755656109,120.0,18.31501831501825,H,deep,H-deep,True,5.0,0.7015586797066015,2737.5,18.264840182648403,4.92797118847539,0.17767106842737096,833,83150000.0
068240,6166,20.986358866736623,871.0,10.384215991692258,M,deep,M-deep,True,5.0,0.9083558503234258,2422.5,20.639834881320947,1.4586441777489458,0.6472591631527733,6166,1337399000.0
068270,44262,24.84472049689441,1156.0,0.0,M,deep,M-deep,True,500.0,0.5832528735632184,200750.0,24.906600249066003,0.8083365338996455,0.738020468562908,44263,86724511000.0
068290,1097,32.102728731942214,20.0,10.649627263046302,M,shallow,M-shallow,True,10.0,0.7684672206832872,9345.0,10.700909577314071,3.192342752962625,0.2534184138559708,1097,70492000.0
068330,1521,34.14134516899966,293.0,10.295126973232094,H,deep,H-deep,True,1.0,0.6750911501491548,1465.0,6.825938566552901,5.3839579224194605,0.08547008547008547,1521,126902000.0
068760,10002,16.542597187758478,122.0,0.0,L,shallow,L-shallow,True,100.0,0.9793849832129413,60450.0,16.542597187758478,1.2448510297940412,0.7961407718456309,10002,3861534000.0
068790,4371,24.81389578163772,231.0,12.618296529968154,M,deep,M-deep,True,10.0,0.8278008298755186,7965.0,12.554927809165099,2.585220773278426,0.4273621596888584,4371,2249865000.0
068930,1010,11.280315848843768,237.0,11.16694584031297,L,deep,L-deep,True,10.0,0.9486146095717884,8897.5,11.2391121101433,1.7762376237623763,0.5722772277227722,1010,157308000.0
069080,4787,16.06425702811245,93.0,8.087343307723316,L,shallow,L-shallow,True,10.0,0.7345020593515683,12415.0,8.054772452678213,2.3866722373093796,0.4744098600376018,4787,1021144000.0
069140,1377,67.64374295377677,127.0,23.33722287047868,H,deep,H-deep,True,5.0,0.7783714075165807,2192.5,22.80501710376283,2.7618010167029774,0.19680464778503995,1377,193901000.0
069260,12530,5.261773217574323,102.0,2.675227394328683,L,shallow,L-shallow,True,10.0,0.8486844747941353,19155.0,5.2205690420255815,1.7071827613727055,0.5434158020750199,12530,3121466000.0
069330,582,19.98001998001998,100.0,9.930486593843213,M,shallow,M-shallow,True,1.0,0.8813820422535211,999.5,10.005002501250624,3.070446735395189,0.4570446735395189,582,44887000.0
069410,1353,31.33159268929504,66.0,20.89864158829613,M,shallow,M-shallow,True,5.0,0.6251927525057825,4777.5,10.465724751439037,4.130820399113082,0.2572062084257206,1353,172319000.0
069510,1670,60.606232374906114,16.5,10.107816711589779,H,shallow,H-shallow,True,10.0,0.7386604172966434,14820.0,6.747638326585695,9.341916167664671,0.02035928143712575,1670,261413000.0
069540,100958,11.77856301531213,1597.0,5.943536404160454,L,deep,L-deep,True,1.0,0.8559618229947762,1670.5,5.986231667165519,2.558717486479526,0.4649359139444125,100958,85497472000.0
069620,4816,6.216972334473112,20.0,6.190034045188142,L,shallow,L-shallow,True,100.0,0.7771084337349398,161550.0,6.190034045187248,1.9877491694352158,0.5328073089700996,4816,2761939000.0
069640,627,152.67175572519082,159.0,34.63203463203391,H,deep,H-deep,True,1.0,0.7294946147473074,593.0,16.863406408094434,9.720893141945773,0.09090909090909091,627,7324000.0
069730,1372,30.880082346886258,107.0,15.436069969437249,M,shallow,M-shallow,True,5.0,0.6758951642672573,4845.0,10.319917440660474,3.4766763848396502,0.21501457725947523,1372,229252000.0
069920,3162,40.56795131845842,721.0,10.256410256410664,H,deep,H-deep,True,1.0,0.9572925060435133,492.0,20.325203252032523,2.784313725490196,0.3605313092979127,3162,275104000.0
069960,19727,11.621150493898895,96.0,0.0,L,shallow,L-shallow,True,100.0,0.9273519518907349,86250.0,11.594202898550725,1.2923911390480052,0.7929234044710296,19727,9263379000.0
070300,4323,64.76302619958787,105.0,25.474101330313914,H,shallow,H-shallow,True,1.0,0.6367114485981309,1739.5,5.748778384593273,13.406430719407819,0.03446680545917187,4323,759300000.0
070590,1563,71.17437722419929,94.0,36.27569528416031,H,shallow,H-shallow,True,5.0,0.8107015842224378,2065.0,24.213075060532688,3.0172744721689058,0.16122840690978887,1563,235598000.0
070960,951,48.27031375703942,102.0,16.181229773463144,H,shallow,H-shallow,True,5.0,0.7980924234282644,3092.5,16.16814874696847,2.82124079915878,0.17981072555205047,951,130350000.0
071050,36324,22.49718785151856,281.0,0.0,M,deep,M-deep,True,500.0,0.9973841243408271,222250.0,22.49718785151856,1.0816540028631207,0.9355522519546305,36324,80752438000.0
071055,3937,24.79851208927464,32.0,9.174311926605228,M,shallow,M-shallow,True,100.0,0.7747819953834316,162800.0,6.142506142506142,5.770637541275082,0.13436626873253746,3937,3914037000.0
071090,2268,42.16444132115249,99.0,13.956734124215275,H,shallow,H-shallow,True,5.0,0.788971900089206,3575.0,13.986013986013987,3.334215167548501,0.21296296296296297,2268,323355000.0
071200,1529,29.985007496251875,40.0,22.058823529411686,M,shallow,M-shallow,True,10.0,0.6745251582805731,6715.0,14.892032762472077,2.672988881621975,0.3237410071942446,1529,379241000.0
071280,2385,23.923444976076553,86.0,11.86943620178127,M,shallow,M-shallow,True,10.0,0.7782506916365184,8410.0,11.890606420927467,2.768972746331237,0.2746331236897275,2385,263599000.0
071320,7246,11.487650775416428,25.0,11.305822498586249,L,shallow,L-shallow,True,100.0,0.9036892391380152,87850.0,11.383039271485487,1.6149599779188517,0.6282086668506762,7246,2698457000.0
071670,1572,44.742729306487696,99.5,16.694490818029983,H,shallow,H-shallow,True,10.0,0.7778585271317829,8955.0,11.166945840312675,4.279262086513995,0.11005089058524173,1572,360373000.0
071840,1405,25.940337224383917,60.0,12.894906511927706,M,shallow,M-shallow,True,10.0,0.9346098265895953,7715.0,12.961762799740765,2.4604982206405692,0.25480427046263343,1405,64868000.0
071950,2098,50.0,56.0,44.40063523355797,H,shallow,H-shallow,True,5.0,0.590716774514684,2057.5,24.30133657351154,3.8297426120114397,0.23784556720686367,2098,245512000.0
071970,14787,12.507817385866167,137.0,6.1996280223186595,L,shallow,L-shallow,True,100.0,0.9513553752952049,80450.0,12.43008079552517,1.8030026374518158,0.5218096977074457,14787,8684663000.0
072020,1962,10.81665765278529,114.5,5.420054200542257,L,shallow,L-shallow,True,10.0,0.8340833119053741,9275.0,10.781671159029651,2.030071355759429,0.5229357798165137,1962,288316000.0
072130,3059,39.603960396039604,294.0,9.910802775023875,H,deep,H-deep,True,10.0,0.8852853351028533,5060.0,19.76284584980237,2.338999673095783,0.21314154952598888,3059,590235000.0
072470,2674,50.18820577164366,107.0,12.630250706687773,H,deep,H-deep,True,5.0,0.8392586272279106,3912.5,12.779552715654953,3.4289454001495887,0.17801047120418848,2674,601796000.0
072710,2591,42.598509052183175,17.0,5.344735435595105,H,shallow,H-shallow,True,100.0,0.9041878172588832,93750.0,10.666666666666668,3.955229641065226,0.07410266306445387,2591,652667000.0
072770,1247,50.95541401273885,505.0,31.847133757961778,H,deep,H-deep,True,1.0,0.7544390637610977,763.0,13.106159895150721,4.470729751403368,0.12429831595829992,1247,191764000.0
072870,4303,15.6128024980484,196.0,3.960396039603964,L,deep,L-deep,True,10.0,0.9288028749852716,12705.0,7.870916961826052,1.9983732279804787,0.47687659772251917,4303,1910676000.0
072950,10877,25.77319587628866,99.0,12.944983818770073,M,shallow,M-shallow,True,10.0,0.8285694170656153,7745.0,12.911555842479018,2.2766387790751126,0.38218258711041647,10877,3798473000.0
072990,2485,21.253985122210413,166.0,10.565240359218242,M,deep,M-deep,True,5.0,0.9380508300881328,4735.0,10.559662090813093,2.8426559356136822,0.34808853118712274,2485,620105000.0
073010,4388,26.385224274406333,518.0,6.711409395973034,M,deep,M-deep,True,5.0,0.8664249539594844,3755.0,13.315579227696405,2.0316773017319965,0.42866909753874205,4388,1122570000.0
073110,418,38.98635477582846,30.0,19.550342130987275,H,shallow,H-shallow,True,10.0,0.6339829476248477,5120.0,19.53125,2.2607655502392343,0.45454545454545453,418,13766000.0
073190,574,105.82010582010581,311.5,26.21805801922006,H,deep,H-deep,True,1.0,0.6464285714285715,1142.0,8.756567425569177,16.006968641114984,0.017421602787456445,574,39556000.0
073240,10684,17.84121320249777,902.5,0.0,L,deep,L-deep,True,10.0,0.9803620706061471,5605.0,17.84121320249777,1.1096864763687413,0.9019185774450164,10685,3559422000.0
073490,14384,12.12856276531231,97.0,5.948839976204212,L,shallow,L-shallow,True,50.0,0.8705148889902143,42300.0,11.82033096926714,1.7317157953281423,0.5394883203559511,14384,9917960000.0
073540,5481,20.811654526534863,300.0,20.59732234809486,M,deep,M-deep,True,5.0,0.9403088588866284,2410.0,20.74688796680498,1.3763911694946178,0.7130085750775406,5481,902506000.0
073560,1489,17.725258493353028,490.0,5.932957579353193,L,deep,L-deep,True,1.0,0.7822112098427888,1685.5,5.932957579353308,3.333781061114842,0.2719946272666219,1489,166720000.0
073570,2335,35.587188612099645,396.0,18.13236627379866,H,deep,H-deep,True,1.0,0.7897397289739729,551.0,18.148820326678766,2.102783725910064,0.4449678800856531,2335,104048000.0
074430,2996,35.19889108006082,219.5,6.9735006973503655,H,deep,H-deep,True,1.0,0.7974811083123425,1428.0,7.002801120448179,5.768024032042724,0.09045393858477971,2996,348523000.0
074600,19714,14.545454545454545,268.0,7.2306579898773204,L,deep,L-deep,True,50.0,0.98300665347959,34525.0,14.48225923244026,1.2596124581515673,0.7687430252612357,19714,14862792000.0
075130,862,45.558086560364465,208.0,11.441647597254523,H,deep,H-deep,True,5.0,0.9441159077468954,2195.0,22.779043280182233,1.8735498839907192,0.32830626450116007,862,63399000.0
075180,646,16.46090534979424,782.0,0.0,L,deep,L-deep,True,5.0,0.8351105845181674,3047.5,16.406890894175554,1.6408668730650156,0.5386996904024768,646,21012000.0
075580,10977,11.217049915872126,103.0,5.7355893318034035,L,shallow,L-shallow,True,10.0,0.7957952089751253,17220.0,5.807200929152149,2.11861164252528,0.49904345449576387,10977,4292140000.0
075970,1714,22.05071664829107,363.0,10.98901098901095,M,deep,M-deep,True,5.0,0.971128220313888,2272.5,22.002200220022,1.5781796966161026,0.5560093348891482,1714,165081000.0
076080,864,42.753313381787095,246.0,17.278617710583255,H,deep,H-deep,True,1.0,0.5849443468072643,1168.0,8.561643835616438,6.135416666666667,0.08564814814814815,864,111018000.0
076610,10320,26.917900403768506,407.0,13.921113689094877,M,deep,M-deep,True,1.0,0.7780217892722187,1091.5,9.161704076958314,3.303682170542636,0.2882751937984496,10320,2958488000.0
077360,24625,7.624857033930613,288.0,7.077140835103357,L,deep,L-deep,True,10.0,0.8882898027799417,13545.0,7.382798080472499,1.8053197969543147,0.5939086294416244,24625,16559077000.0
077500,3307,32.520325203252035,176.0,8.285004142501995,M,deep,M-deep,True,10.0,0.9462209302325582,6065.0,16.488046166529266,1.7543859649122806,0.48336358136721114,3306,635211000.0
077970,10650,14.781966001478196,109.0,7.374631268437515,L,shallow,L-shallow,True,50.0,0.9350544765513974,34100.0,14.662756598240469,1.5842643883203456,0.5836071730353958,10651,6956547000.0
078000,2570,22.259321090706734,50.0,13.877324451845308,M,shallow,M-shallow,True,10.0,0.5535117056856187,17900.0,5.58659217877095,4.990272373540856,0.19221789883268484,2570,500566000.0
078020,4508,13.012361743656475,311.0,6.510416666666297,L,deep,L-deep,True,10.0,0.9295790416480072,7715.0,12.961762799740765,1.5270629991126885,0.6459627329192547,4508,2044561000.0
078070,17816,13.3422281521014,111.0,6.781959986436048,L,shallow,L-shallow,True,10.0,0.7991832336008622,14920.0,6.702412868632708,2.2343399191737765,0.4331499775482712,17816,14795882000.0
078130,2491,33.05785123966942,5854.0,16.339869281045694,H,deep,H-deep,True,1.0,0.9951803482587065,305.0,32.78688524590164,1.4195102368526695,0.6804496186270574,2491,434709000.0
078140,1746,19.62708537782139,59.0,4.92368291482137,M,shallow,M-shallow,True,10.0,0.8452554744525548,10240.0,9.765625,3.09163802978236,0.34077892325315007,1746,159695000.0
078150,7699,23.837902264600714,2354.0,0.0,M,deep,M-deep,True,5.0,0.996268656716418,2112.5,23.668639053254438,1.3316015066891804,0.7085335757890635,7699,2873394000.0
078160,9925,23.391812865497077,118.0,11.547344110854896,M,shallow,M-shallow,True,50.0,0.9509120721459315,21600.0,23.148148148148145,1.6247858942065492,0.5159697732997481,9925,3692651000.0
078340,6145,15.026296018031555,84.0,7.485029940119681,L,shallow,L-shallow,True,50.0,0.916220666941128,33325.0,15.003750937734434,1.3790073230268511,0.6979658258746949,6145,1187925000.0
078350,11106,19.175455417066154,155.0,9.596928982724684,M,deep,M-deep,True,50.0,0.9628484024473147,26275.0,19.029495718363464,1.455290409725349,0.6316974335884736,11105,7315892000.0
078520,8185,17.54385964912281,181.0,8.639308855291628,L,deep,L-deep,True,10.0,0.8144942712824935,11485.0,8.707009142359599,2.984972510690287,0.39132559560171043,8185,2493814000.0
078590,5953,37.80718336483932,1407.0,9.615384615384581,H,deep,H-deep,True,1.0,0.8913522679101314,539.5,18.535681186283597,2.4931967075424155,0.3201747018310096,5953,955236000.0
078600,22671,9.212344541685859,46.0,4.62320850670328,L,shallow,L-shallow,True,100.0,0.9229267095161579,110500.0,9.049773755656108,1.734186149095721,0.5613586237318041,22670,22062734000.0
078860,1931,71.17437722419929,584.0,23.952095808382758,H,deep,H-deep,True,1.0,0.898472185949334,404.5,24.72187886279357,2.7659243915069913,0.28482651475919213,1931,112748000.0
078890,3606,29.154518950437318,71.0,14.892032762472418,M,shallow,M-shallow,True,10.0,0.8041078664244795,6715.0,14.892032762472077,1.9744798890429958,0.46851595006934815,3605,1222095000.0
078930,19938,15.860428231562253,241.0,0.0,L,deep,L-deep,True,100.0,0.9733313921101939,63150.0,15.83531274742676,1.1809108235530144,0.8499849533554017,19938,12572881000.0
078935,692,37.558718560002255,33.0,9.438416448411813,H,shallow,H-shallow,True,100.0,0.8758253851797505,53200.0,18.796992481203006,2.4884393063583814,0.3092485549132948,692,134099000.0
079000,1638,31.83023872679045,69.0,21.27659574468033,M,shallow,M-shallow,True,10.0,0.5985665844636252,9400.0,10.638297872340425,3.9682539682539684,0.23443223443223443,1638,291709000.0
079160,5811,10.293360782295421,999.0,5.109862033725321,L,deep,L-deep,True,5.0,0.8960508995173322,4890.0,10.224948875255624,1.7129581827568405,0.5661676131474789,5811,1957269000.0
079170,1689,30.959752321981426,50.0,22.761760242793194,M,shallow,M-shallow,True,10.0,0.7885594489368074,6455.0,15.49186676994578,2.237559241706161,0.3815165876777251,1688,379489000.0
079190,578,51.41388174807197,680.0,13.054830287206887,H,deep,H-deep,True,1.0,0.7403339191564148,389.5,25.67394094993581,2.35121107266436,0.2975778546712803,578,50260000.0
079370,18461,5.922416345869114,299.0,2.944640753828054,L,deep,L-deep,True,10.0,0.8870536931043881,16965.0,5.894488653109343,1.5156013001083424,0.7215059588299025,18460,7375947000.0
079430,1572,27.739251040221916,116.0,13.821700069107656,M,shallow,M-shallow,True,10.0,0.9097921403052939,7205.0,13.879250520471894,2.210559796437659,0.42748091603053434,1572,629646000.0
079550,86363,13.41381623071764,188.0,0.0,L,deep,L-deep,True,1000.0,0.9982087636384853,746500.0,13.395847287340924,1.0674015492745736,0.9352616282435765,86363,453026638000.0
079650,2107,86.23548922056385,143.0,28.580501746586773,H,deep,H-deep,True,1.0,0.6235525991623553,1541.5,6.487187804086928,15.672520170859041,0.09634551495016612,2107,296628000.0
079810,2033,23.696682464454977,589.0,5.959475566150729,M,deep,M-deep,True,5.0,0.835183337490646,4237.5,11.799410029498524,2.4613871126414164,0.3561239547466798,2033,288875000.0
079900,5885,18.535681186283597,94.0,9.208103130755596,M,shallow,M-shallow,True,100.0,0.9333103863695035,54300.0,18.41620626151013,1.3737682636765205,0.689772341148488,5886,3385243000.0
079940,1558,18.1653042688465,50.0,9.057971014492239,L,shallow,L-shallow,True,50.0,0.9375818062827225,27600.0,18.115942028985508,1.4698331193838254,0.6732991014120667,1558,365626000.0
079950,4861,34.33476394849785,214.0,17.152658662092925,H,deep,H-deep,True,1.0,0.7067338114321873,1164.5,8.587376556462,5.031481481481482,0.17757201646090534,4860,664888000.0
079960,4645,32.57328990228013,98.0,8.285004142501995,M,shallow,M-shallow,True,50.0,0.9773801671064204,30325.0,16.488046166529266,1.8096878363832078,0.42454251883745964,4645,1486150000.0
079980,981,39.21568627450981,414.0,9.823182711199419,H,deep,H-deep,True,5.0,0.8300103573278095,2550.0,19.607843137254903,2.0969387755102042,0.3040816326530612,980,82360000.0
080010,293,43.32129963898917,22.0,7.225433526012459,H,shallow,H-shallow,True,10.0,0.6192781690140845,6925.0,14.440433212996389,3.6075085324232083,0.27986348122866894,293,11035000.0
080160,3724,17.40644038294169,160.0,8.703220191470518,L,deep,L-deep,True,10.0,0.8190489167461507,11430.0,8.748906386701663,2.146118721461187,0.47972065538544184,3723,837363000.0
080220,47909,11.487650775416428,406.0,0.0,L,deep,L-deep,True,50.0,0.9824366537564507,43625.0,11.46131805157593,1.1566720240455863,0.8725917885992194,47909,76577417000.0
080420,506,47.05882352941176,178.5,23.66863905325367,H,deep,H-deep,True,5.0,0.8662966700302724,2112.5,23.668639053254438,1.6640316205533596,0.49604743083003955,506,19686000.0
080470,958,24.63054187192118,18.5,12.383900928791824,M,shallow,M-shallow,True,5.0,0.8253154574132492,4045.0,12.360939431396785,2.25678496868476,0.453027139874739,958,31964000.0
080520,581,47.430830039525695,44.0,23.677979479084232,H,shallow,H-shallow,True,5.0,0.611764705882353,3152.5,15.860428231562253,4.079173838209983,0.20137693631669534,581,26018000.0
080530,935,33.95585738539898,288.0,11.22964626614209,H,deep,H-deep,True,1.0,0.8461538461538461,889.5,11.242270938729623,3.6588235294117646,0.2823529411764706,935,66609000.0
080580,14157,42.780748663101605,104.0,8.032128514057213,H,shallow,H-shallow,True,10.0,0.7084811608600015,18560.0,5.387931034482759,7.648795648795649,0.07416825598643781,14157,9474580000.0
081000,2850,22.002200220022,72.0,10.885341074020616,M,shallow,M-shallow,True,10.0,0.635618017378968,13715.0,7.291286912139992,3.8217543859649123,0.21649122807017543,2850,553581000.0
081150,15849,28.985507246376812,493.0,7.468259895444529,M,deep,M-deep,True,5.0,0.9176408920515916,3405.0,14.684287812041115,1.9625236593059936,0.4374763406940063,15850,7345916000.0
081180,3580,32.760032760032765,102.0,8.312551953449931,H,shallow,H-shallow,True,10.0,0.756266722996761,12130.0,8.244023083264633,3.9687150837988825,0.1335195530726257,3580,1364651000.0
081580,1668,16.849199663016005,397.0,16.57000828500399,L,deep,L-deep,True,5.0,0.8328025477707006,2995.0,16.69449081803005,1.8663069544364508,0.5455635491606715,1668,355015000.0
081660,9017,10.443864229765012,138.0,5.178663904712444,L,shallow,L-shallow,True,50.0,0.8479178390545864,48050.0,10.405827263267431,1.6372407674392813,0.6451147831873129,9017,4706093000.0
082210,1366,40.38364462392731,130.0,15.186028853454436,H,deep,H-deep,True,1.0,0.4865014792899408,1986.0,5.0352467270896275,10.141288433382138,0.03074670571010249,1366,166862000.0
082270,15475,13.3422281521014,179.0,6.5919578114703725,L,deep,L-deep,True,50.0,0.9613525390625,37575.0,13.30671989354624,1.3278836833602585,0.7724071082390953,15475,7140767000.0
082640,12025,12.322858903265558,472.0,5.998800239952473,L,deep,L-deep,True,10.0,0.9420512498954937,8340.0,11.990407673860911,1.7931980708464992,0.5103109928488275,12026,4783454000.0
082740,16126,10.282776349614394,126.0,5.0994390617031815,L,shallow,L-shallow,True,50.0,0.9492257436316236,48900.0,10.224948875255624,1.7218949587648045,0.5756805357475042,16127,8738512000.0
082800,3595,13.324450366422385,706.0,6.622516556291647,L,deep,L-deep,True,5.0,0.8414103104368591,3790.0,13.192612137203167,1.9902669632925474,0.5862068965517241,3596,1074410000.0
082850,2725,22.1606648199446,87.0,8.262186725420673,M,shallow,M-shallow,True,1.0,0.870646535753983,1815.5,5.50812448361333,5.1460550458715595,0.1636697247706422,2725,285493000.0
082920,29705,17.937219730941703,262.0,8.88099467140302,L,deep,L-deep,True,50.0,0.9874053174724213,28025.0,17.84121320249777,1.3690624473994277,0.6935869382258879,29705,23845615000.0
083310,7294,22.50562957303883,67.5,7.561436672967048,M,shallow,M-shallow,True,10.0,0.7951844903064416,13025.0,7.677543186180422,3.097477378667398,0.2677543186180422,7294,1833321000.0
083420,1979,17.937219730941703,159.0,8.936550491509543,L,deep,L-deep,True,10.0,0.9175165731769506,5595.0,17.873100983020553,1.8145528044466903,0.5108640727640222,1979,251401000.0
083450,11800,16.82085786375105,237.0,8.312551953449931,L,deep,L-deep,True,50.0,0.9846786732314071,30025.0,16.65278934221482,1.401864406779661,0.6872881355932203,11800,8571602000.0
083470,2302,76.43510562163162,94.5,32.289315604132064,H,shallow,H-shallow,True,1.0,0.648285137861466,762.0,13.123359580052494,8.64031277150304,0.09774109470026064,2302,207329000.0
083500,2914,41.4651002073255,23.5,14.064697609001975,H,shallow,H-shallow,True,10.0,0.7015608650156958,14220.0,7.032348804500703,5.7920384351407,0.09849004804392587,2914,593680000.0
083550,1135,27.700831024930746,52.0,6.954102920724292,M,shallow,M-shallow,True,5.0,0.7717099373321397,3605.0,13.869625520110958,2.816740088105727,0.3585903083700441,1135,93994000.0
083640,2852,25.477707006369425,2198.0,12.626262626262985,M,deep,M-deep,True,1.0,0.9039685345589535,396.0,25.252525252525256,1.63218793828892,0.5066619915848527,2852,327227000.0
083650,33527,9.732360097323602,84.0,4.849660523763566,L,shallow,L-shallow,True,100.0,0.9453576439703686,103550.0,9.657170449058425,1.4992990723894175,0.6912339308616936,33527,54275686000.0
083660,1505,70.6713780918728,701.0,35.460992907800915,H,deep,H-deep,True,1.0,0.8226134055517942,283.0,35.3356890459364,2.3636968085106385,0.35771276595744683,1504,170603000.0
083790,1598,43.66812227074236,158.0,11.009174311926717,H,deep,H-deep,True,1.0,0.7679930247305009,1376.0,7.267441860465116,7.322903629536921,0.057571964956195244,1598,120133000.0
083930,3391,13.486176668914363,133.0,6.800408024481008,L,shallow,L-shallow,True,10.0,0.7769968763944668,14695.0,6.805035726437564,2.18248820754717,0.4994103773584906,3392,1353874000.0
084010,7041,8.594757198109154,17.0,8.428150021071446,L,shallow,L-shallow,True,10.0,0.8261714571000642,11735.0,8.521516829995738,1.707711972731146,0.5665388439142167,7041,645630000.0
084110,5693,27.434842249657063,59.0,13.774104683195176,M,shallow,M-shallow,True,100.0,0.7992373858295646,73450.0,13.614703880190605,2.248199543298788,0.3441067978218865,5693,6796829000.0
084180,1525,80.82064034815045,38.0,25.141420490257804,H,shallow,H-shallow,True,1.0,0.6132464533157373,1592.0,6.28140703517588,15.202490170380079,0.05111402359108781,1526,98478000.0
084370,27610,8.492569002123142,46.0,4.231908590774935,L,shallow,L-shallow,True,100.0,0.890428326462111,120100.0,8.32639467110741,1.7711336472292647,0.558493299529156,27610,20383733000.0
084440,423,40.16064257028112,112.0,24.962556165751828,H,deep,H-deep,True,1.0,0.7670863309352518,999.5,10.005002501250624,4.375886524822695,0.22458628841607564,423,36068000.0
084650,3335,21.17896223085069,500.0,10.45296167247356,M,deep,M-deep,True,1.0,0.7939853636225034,1421.5,7.034822370735139,4.582608695652174,0.26626686656671666,3335,484397000.0
084670,2982,24.271844660194173,12.0,12.158054711246535,M,shallow,M-shallow,True,50.0,0.7371566632756866,41125.0,12.158054711246201,2.397719651240778,0.37759892689470154,2982,639721000.0
084680,3276,12.461059190031154,135.0,9.276437847867136,L,shallow,L-shallow,True,1.0,0.7499615975422427,1606.0,6.226650062266501,2.5711233211233213,0.3153235653235653,3276,298953000.0
084690,2546,31.729243786356424,186.0,5.307855626326408,M,deep,M-deep,True,10.0,0.8268117388700339,9420.0,10.615711252653927,2.9984289080911233,0.2749410840534171,2546,757110000.0
084695,452,68.72852233676976,110.0,27.662517289073207,H,deep,H-deep,True,10.0,0.26991150442477874,14515.0,6.889424733034792,15.199115044247788,0.004424778761061947,452,29971000.0
084730,1490,59.55926146515783,46.0,11.947431302270495,H,shallow,H-shallow,True,10.0,0.7551986632008912,8380.0,11.933174224343675,5.360160965794768,0.1522468142186452,1491,147839000.0
084850,5640,37.03703703703704,77.0,9.212344541686956,H,shallow,H-shallow,True,10.0,0.7601496683993547,10860.0,9.208103130755065,4.5801418439716315,0.149822695035461,5640,969692000.0
084870,759,31.364349189754314,30.0,20.795425006499002,M,shallow,M-shallow,True,1.0,0.48069173942243115,1908.5,5.239717055279016,9.30961791831357,0.22266139657444006,759,60584000.0
084990,4732,33.3889816360601,427.0,8.507019829208096,H,deep,H-deep,True,10.0,0.8512627877237852,5880.0,17.006802721088434,1.7838580181702937,0.45806042679061904,4733,996904000.0
085310,13265,19.305019305019304,551.0,9.56937799043045,M,deep,M-deep,True,1.0,0.7984820141081103,1058.5,9.44733112895607,3.178062570674708,0.3188088955898982,13265,4994582000.0
085620,58688,11.862396204033216,126.0,6.449532408900893,L,shallow,L-shallow,True,10.0,0.8906356610437148,15980.0,6.25782227784731,2.135634808390274,0.47736295942883433,58687,72169209000.0
085660,18917,5.256241787122208,188.0,2.6350461133073377,L,deep,L-deep,True,10.0,0.9325758986775936,19110.0,5.2328623757195185,1.3877993339324417,0.7526563408574298,18917,9369136000.0
085670,2832,36.90036900369004,171.5,18.33180568285964,H,deep,H-deep,True,10.0,0.9118225719906994,5410.0,18.484288354898336,2.033180374161666,0.4016943169784681,2833,696100000.0
085810,1957,43.01075268817204,287.0,32.36245954692629,H,deep,H-deep,True,1.0,0.7523646873357857,463.5,21.574973031283708,2.3822176801226367,0.3530914665304037,1957,170887000.0
085910,5889,23.378141437755698,64.0,11.557353366078438,M,shallow,M-shallow,True,10.0,0.665243746264834,17115.0,5.842827928717499,4.866553480475382,0.22105263157894736,5890,2825651000.0
086040,1923,31.796502384737682,194.0,15.936254980080111,M,deep,M-deep,True,5.0,0.7695897975282672,3155.0,15.847860538827259,2.433697347893916,0.27769110764430577,1923,251810000.0
086060,1224,39.138943248532286,218.0,19.166271769835987,H,deep,H-deep,True,10.0,0.8684265442404007,5150.0,19.41747572815534,2.486530612244898,0.32653061224489793,1225,375714000.0
086280,34952,22.90950744558992,393.0,0.0,M,deep,M-deep,True,500.0,0.9989678667321072,218250.0,22.90950744558992,1.0587376974135958,0.9431219958800641,34952,44348547000.0
086390,10882,10.31459515214028,112.0,5.256241787121585,L,shallow,L-shallow,True,10.0,0.744839502736803,19175.0,5.215123859191656,2.6321448263186915,0.43640874839183974,10882,3674789000.0
086450,15522,5.591277606933184,246.0,2.828054298642524,L,deep,L-deep,True,10.0,0.7500650660420327,17955.0,5.56947925368978,1.8083365545677104,0.6754928488596831,15522,6898458000.0
086520,93337,6.879944960440317,445.0,0.0,L,deep,L-deep,True,100.0,0.9915636862715197,145450.0,6.8752148504640775,1.0572977490170028,0.9490555728167822,93337,210527779000.0
086670,2123,22.37970906378217,58.0,11.210762331838042,M,shallow,M-shallow,True,10.0,0.7598050867601617,13355.0,7.487832272557095,3.5377002827521205,0.2563619227144204,2122,775290000.0
086710,984,33.02146395156852,45.0,11.007154650523043,H,shallow,H-shallow,True,10.0,0.7295865633074935,9085.0,11.007154650522839,3.3577235772357725,0.1524390243902439,984,124269000.0
086790,32237,9.220839096357768,650.0,0.0,L,deep,L-deep,True,100.0,0.9803937685924534,108550.0,9.212344541685859,1.0998821266827967,0.9227929772318382,32238,62629455000.0
086820,7014,23.68732727990525,79.0,11.923688394276377,M,shallow,M-shallow,True,10.0,0.7510593220338984,12655.0,7.9020150138285254,3.4223806129722023,0.24903777619387027,7015,4091986000.0
086890,2913,10.26167265264238,358.0,5.117707267143778,L,deep,L-deep,True,5.0,0.7457994110514464,4912.5,10.178117048346056,2.562306900102987,0.5156196361139719,2913,527182000.0
086900,9112,8.61697544161999,38.0,4.3029259896720795,L,shallow,L-shallow,True,100.0,0.8624537880041936,116450.0,8.587376556462,1.515966202128827,0.6774936903324921,9113,4603410000.0
086960,5014,16.9061707523246,1214.0,8.392782207302663,L,deep,L-deep,True,1.0,0.8426719790195683,1183.5,8.449514152936207,2.4567211806940565,0.39030714000797767,5014,1020443000.0
086980,6074,18.099547511312217,423.0,9.049773755656076,L,deep,L-deep,True,5.0,0.9244273219491879,2777.5,18.001800180018,1.4002304906157392,0.7057951926243003,6074,2191502000.0
087010,40662,15.760441292356187,102.0,0.0,L,shallow,L-shallow,True,500.0,0.9965972480476013,319250.0,15.661707126076742,1.2286901775613595,0.795484727755644,40662,114927454000.0
087260,11390,32.2061191626409,219.0,13.119916935880882,M,deep,M-deep,True,1.0,0.699913337185014,1875.5,5.3319114902692615,6.836157696022478,0.1328474844147862,11389,2947389000.0
087600,769,49.4641384995878,13.0,32.921810699588775,H,shallow,H-shallow,True,10.0,0.6858041032428855,6070.0,16.474464579901152,3.846553966189857,0.2093628088426528,769,180264000.0
088130,11032,11.926058437686343,145.0,11.360409891074674,L,shallow,L-shallow,True,10.0,0.8466281397888605,8495.0,11.771630370806356,1.7521754894851342,0.5564720812182741,11032,4597522000.0
088280,12527,41.40786749482402,273.0,20.42900919305368,H,deep,H-deep,True,5.0,0.8493494612726163,2487.5,20.100502512562816,2.560788696415742,0.3244990819829169,12527,3284541000.0
088290,1475,33.95585738539898,333.0,17.094017094017033,H,deep,H-deep,True,1.0,0.8639705882352942,586.0,17.064846416382252,2.8032564450474897,0.43826322930800543,1474,79765000.0
088340,1323,32.733224222585925,39.0,12.295081967212962,H,shallow,H-shallow,True,10.0,0.6596280511429679,12215.0,8.186655751125665,4.390022675736962,0.08767951625094482,1323,278344000.0
088350,38167,10.542962572482868,2411.0,0.0,L,deep,L-deep,True,5.0,0.9854754337173884,4750.0,10.526315789473683,1.126028402242834,0.8896399937116806,38166,29085051000.0
088390,1648,41.71881518564873,39.0,16.4473684210531,H,shallow,H-shallow,True,10.0,0.6164921465968587,12130.0,8.244023083264633,5.706488781079442,0.06913280776228017,1649,344409000.0
088790,1264,39.76143141153081,173.0,29.880478087649376,H,deep,H-deep,True,5.0,0.6944332797427653,2512.5,19.90049751243781,2.1447784810126582,0.38449367088607594,1264,281213000.0
088800,10834,14.609203798392988,352.5,14.21464108031234,L,deep,L-deep,True,5.0,0.8276404756353463,3507.5,14.255167498218105,1.7990585194757245,0.5791028244415728,10834,3523338000.0
088910,877,41.06776180698152,323.0,20.51282051282022,H,deep,H-deep,True,5.0,0.9340869054609513,2430.0,20.5761316872428,1.8059360730593608,0.4178082191780822,876,114517000.0
089010,8877,16.99235344095157,436.0,0.0,L,deep,L-deep,True,50.0,0.9864748942010751,29525.0,16.93480101608806,1.2307085727160076,0.7917089106680185,8877,4009831000.0
089030,64278,15.785319652722968,605.0,0.0,L,deep,L-deep,True,100.0,0.9996214152758937,63450.0,15.760441292356187,1.0696661377143035,0.9327297053424188,64278,107302417000.0
089140,1194,44.24778761061947,176.0,22.172949002217113,H,deep,H-deep,True,5.0,0.7673478075776926,2260.0,22.123893805309734,2.446398659966499,0.3601340033500838,1194,89585000.0
089150,2107,21.390374331550802,135.0,10.604453870626251,M,shallow,M-shallow,True,5.0,0.8956673907796283,2362.5,21.164021164021165,1.897484575225439,0.517797816801139,2107,154924000.0
089230,36541,38.24091778202677,401.0,19.1387559808609,H,deep,H-deep,True,5.0,0.8933839544693103,2630.0,19.011406844106464,2.507019512328617,0.3590487397717632,36541,30659974000.0
089470,3155,37.80718336483932,36.0,9.54198473282375,H,shallow,H-shallow,True,10.0,0.8040788633461047,5260.0,19.011406844106464,1.786053882725832,0.43106180665610144,3155,298680000.0
089590,7610,19.36108422071636,341.0,0.0,M,deep,M-deep,True,10.0,0.9961164727657325,5165.0,19.36108422071636,1.3699080157687253,0.7103810775295664,7610,1134186000.0
089600,3003,8.428150021070376,56.0,8.37871805613677,L,shallow,L-shallow,True,10.0,0.8973789984927147,11920.0,8.389261744966444,1.9497169497169498,0.604062604062604,3003,388672000.0
089790,2650,34.542314335060446,207.0,17.286084701815252,H,deep,H-deep,True,10.0,0.8641875119343135,5785.0,17.28608470181504,2.127924528301887,0.3660377358490566,2650,451976000.0
089850,647,37.95066413662239,121.0,19.065776930410337,H,deep,H-deep,True,10.0,0.8055335968379447,5245.0,19.065776930409914,1.9182098765432098,0.4521604938271605,648,108947000.0
089860,4942,15.63721657544957,123.0,0.0,L,shallow,L-shallow,True,50.0,0.973779616013072,32025.0,15.6128024980484,1.4263456090651558,0.6989073249696479,4942,1095190000.0
089890,12816,18.066847335140018,140.0,9.066183136898776,L,shallow,L-shallow,True,50.0,0.9435922368629941,28350.0,17.636684303350968,1.813592384519351,0.5675717852684145,12816,7514092000.0
089970,21845,12.911555842479018,128.0,6.435006435006052,L,shallow,L-shallow,True,50.0,0.9355512345536967,39625.0,12.618296529968456,1.5376516365300985,0.6168459601739529,21845,15527433000.0
089980,6495,23.228803716608596,103.0,11.441647597254523,M,shallow,M-shallow,True,50.0,0.9403817743565819,21700.0,23.04147465437788,1.3866050808314088,0.6632794457274827,6495,2738428000.0
090080,1378,32.48511099079589,200.0,10.723860589811895,M,deep,M-deep,True,1.0,0.716857459379616,933.0,10.718113612004288,3.732946298984035,0.11175616835994194,1378,81025000.0
090150,1376,51.81347150259067,323.0,18.963337547408532,H,deep,H-deep,True,1.0,0.8365064695009242,777.0,12.87001287001287,4.330909090909091,0.0989090909090909,1375,222806000.0
090350,3710,35.108250438853126,139.0,5.924170616113944,H,deep,H-deep,True,10.0,0.866150593370618,8475.0,11.799410029498524,2.755256064690027,0.25525606469002693,3710,1122574000.0
090360,9431,15.760441292356187,94.0,0.0,L,shallow,L-shallow,True,100.0,0.9404455179817499,63650.0,15.710919088766694,1.3173576503021949,0.7410666949422119,9431,4123320000.0
090370,2285,28.797696184305256,248.0,10.699001426534016,M,deep,M-deep,True,1.0,0.6033157663592447,1382.5,7.233273056057866,4.327352297592998,0.10634573304157549,2285,117088000.0
090410,1667,40.24144869215292,227.0,12.145748987854033,H,deep,H-deep,True,1.0,0.7886074029126213,1233.0,8.110300081103,4.915416916616676,0.19556088782243553,1667,195352000.0
090430,19314,7.779074290159471,199.0,0.0,L,deep,L-deep,True,100.0,0.9162744790441081,128850.0,7.760962359332557,1.17805736771254,0.8978978978978979,19314,16519197000.0
090435,1853,31.16883116883117,10.0,10.432968179446833,M,shallow,M-shallow,True,50.0,0.647658817086528,47875.0,10.443864229765012,2.726389638424177,0.21964382083108472,1853,358412000.0
090460,16268,10.723860589812334,191.0,5.422993492407713,L,deep,L-deep,True,10.0,0.7720426951713059,18625.0,5.369127516778523,2.6537988689451684,0.3993115318416523,16268,10608299000.0
090470,6599,32.6619488296135,169.0,11.198208286674616,H,deep,H-deep,True,10.0,0.7998359154392124,9130.0,10.95290251916758,3.0957720866798,0.23261100166691923,6599,3608468000.0
090710,61410,8.37871805613741,1594.0,0.0,L,deep,L-deep,True,10.0,0.9917691245603077,11955.0,8.36470096194061,1.1235955056179776,0.9077674645823156,61410,41530332000.0
090850,6056,16.220600162206,190.0,15.432098765432167,L,deep,L-deep,True,10.0,0.9406638312067384,6435.0,15.54001554001554,1.5454095112285338,0.6393659180977543,6056,1354370000.0
091120,2116,31.25,100.0,15.612802498048417,M,shallow,M-shallow,True,10.0,0.8849262957679506,6375.0,15.686274509803921,2.205951818611242,0.44685876239962213,2117,784910000.0
091340,1110,22.650056625141563,96.0,11.235955056180247,M,shallow,M-shallow,True,5.0,0.7183082535339718,2222.5,22.49718785151856,1.472972972972973,0.6324324324324324,1110,74621000.0
091440,3339,34.42340791738382,456.0,17.13796058269157,H,deep,H-deep,True,5.0,0.8117167446776385,2910.0,17.18213058419244,2.732174955062912,0.3238466147393649,3338,712565000.0
091580,10133,12.217470983506415,101.0,9.165902841430373,L,shallow,L-shallow,True,10.0,0.7452869970729771,16315.0,6.129328838492185,2.671666831145761,0.4187308793052403,10133,6261971000.0
091590,764,42.28329809725159,51.0,21.14910379088564,H,shallow,H-shallow,True,5.0,0.7701694915254237,3600.0,13.88888888888889,4.020942408376963,0.1518324607329843,764,80206000.0
091700,9109,12.012012012012011,680.0,5.8927519151441565,L,deep,L-deep,True,10.0,0.9320157227481592,8445.0,11.841326228537595,1.6058842902623778,0.503018992205511,9109,3433226000.0
091810,4314,17.6678445229682,1300.0,8.752735229758946,L,deep,L-deep,True,1.0,0.8531209968557121,1132.0,8.8339222614841,3.088317107093185,0.37297171998145573,4314,789952000.0
091970,2074,61.06870229007634,378.0,15.43213551701228,H,deep,H-deep,True,1.0,0.7904242424242425,656.0,15.24390243902439,4.593734939759036,0.10120481927710843,2075,278290000.0
092040,4991,21.668472372697725,1221.0,10.830324909747446,M,deep,M-deep,True,1.0,0.7575818843509907,1366.5,7.317965605561653,2.8591464636345423,0.25265477860148267,4991,1088922000.0
092070,2511,48.543689320388346,121.0,15.041363750314396,H,deep,H-deep,True,50.0,0.6603573591762568,20225.0,24.72187886279357,1.7885304659498207,0.31780167264038234,2511,1238928000.0
092130,898,13.157894736842104,99.0,3.292723081989024,L,shallow,L-shallow,True,10.0,0.7516930022573364,15210.0,6.574621959237344,2.615812917594655,0.35634743875278396,898,92274000.0
092190,2635,37.80718336483932,100.0,18.72659176029967,H,shallow,H-shallow,True,5.0,0.681726715216558,3992.5,12.523481527864746,3.5043643263757116,0.20075901328273243,2635,423898000.0
092200,7731,11.10494169905608,427.0,5.515719801434393,L,deep,L-deep,True,10.0,0.9163842544316997,9080.0,11.013215859030838,1.7450523864959255,0.5128702625792265,7731,2469231000.0
092220,16908,7.202016564638099,1851.0,6.995452955578241,L,deep,L-deep,True,1.0,0.8425257266654631,1401.5,7.135212272565108,2.0029571800331203,0.6168086113082565,16908,6323236000.0
092230,1076,25.575447570332482,2.0,12.706480304955914,M,shallow,M-shallow,True,100.0,0.741041961338991,78300.0,12.77139208173691,2.319702602230483,0.17657992565055763,1076,160667000.0
092300,1866,32.36245954692557,181.0,15.974440894568342,M,deep,M-deep,True,5.0,0.7637602179836512,3127.5,15.987210231814547,2.862272240085745,0.22561629153269025,1866,386633000.0
092440,666,22.396416573348265,153.0,11.185682326622093,M,deep,M-deep,True,5.0,0.7528604118993135,2232.5,22.396416573348265,1.2777777777777777,0.7987987987987988,666,27325000.0
092460,5233,18.433179723502302,48.0,6.263701847791792,M,shallow,M-shallow,True,10.0,0.7748438250840942,16085.0,6.216972334473112,3.3390024842346646,0.21861265048729217,5233,1323700000.0
092600,571,48.582995951417004,1000.0,16.194331983805377,H,deep,H-deep,True,1.0,0.7540178571428572,620.5,16.116035455278002,5.796847635726795,0.1190893169877408,571,100148000.0
092730,6596,5.664117813650524,12.0,5.648121999435318,L,shallow,L-shallow,True,10.0,0.8595479880888753,17715.0,5.644933672029354,2.216310444141276,0.585872366227073,6597,1068496000.0
092780,3655,22.396416573348265,314.0,11.254924029262536,M,deep,M-deep,True,5.0,0.7330601845475829,4372.5,11.435105774728417,2.3053351573187415,0.4993160054719562,3655,464548000.0
092790,7039,16.835016835016834,116.0,8.322929671243928,L,shallow,L-shallow,True,10.0,0.8991918180517808,11855.0,8.435259384226065,2.1085381446228157,0.3922432163659611,7039,2765528000.0
092870,13015,16.433853738701725,230.0,8.210180623973162,L,deep,L-deep,True,50.0,0.9477081800936858,31175.0,16.038492381716118,1.631886285055705,0.6069919323857088,13015,11670134000.0
093050,4886,23.446658851113714,55.0,11.68224299065379,M,shallow,M-shallow,True,50.0,0.9453125,21375.0,23.391812865497077,1.2924682767089644,0.7314776913630782,4886,1190467000.0
093190,1183,25.380710659898476,90.0,6.393861892584063,M,shallow,M-shallow,True,10.0,0.6713519313304721,7835.0,12.763241863433313,2.2003381234150465,0.4623837700760778,1183,209494000.0
093240,3570,19.62708537782139,503.0,9.694619486184664,M,deep,M-deep,True,1.0,0.8006011315417256,1022.5,9.779951100244498,2.6812324929971987,0.3369747899159664,3570,576328000.0
093320,8169,19.62708537782139,20.0,9.823182711198308,M,shallow,M-shallow,True,100.0,0.7214673075737967,100800.0,9.920634920634921,1.9760068551842331,0.4981025829354878,8169,1849889000.0
093370,11094,14.652014652014651,412.0,7.204610951008217,L,deep,L-deep,True,10.0,0.9499497441520468,6855.0,14.587892049598834,1.4191077061739523,0.6785939612438036,11095,1922660000.0
093380,1097,19.249278152069298,129.0,0.0,M,shallow,M-shallow,True,5.0,0.6745412844036697,2605.0,19.193857965451055,1.2351868732907931,0.8331814038286235,1097,9688000.0
093520,4291,20.060180541624874,99.0,9.990009990009652,M,shallow,M-shallow,True,50.0,0.9911907295731347,25025.0,19.98001998001998,1.3917501747844325,0.6557911908646004,4291,995465000.0
093640,6087,33.840947546531304,208.0,17.07941929974366,H,deep,H-deep,True,10.0,0.9075350949628407,5755.0,17.37619461337967,1.9305190538764783,0.4985216819973719,6088,1792824000.0
093920,1139,39.8406374501992,1020.0,4.990019960079417,H,deep,H-deep,True,10.0,0.5759760425909495,5015.0,19.940179461615152,1.63784021071115,0.40825285338015804,1139,104954000.0
094170,4287,19.029495718363464,125.0,9.48766603415585,M,shallow,M-shallow,True,50.0,0.9770176060498641,26400.0,18.93939393939394,1.4911380597014925,0.6245335820895522,4288,2507941000.0
094280,1812,16.051364365971107,99.0,4.024144869215762,L,shallow,L-shallow,True,10.0,0.894281729428173,12440.0,8.038585209003216,2.2649006622516556,0.42935982339955847,1812,257637000.0
094360,4667,12.135922330097086,98.0,6.066120715801926,L,shallow,L-shallow,True,10.0,0.7622764227642277,16525.0,6.05143721633888,2.6443111206342405,0.37475894578958646,4667,1051114000.0
094480,8717,11.827321111768185,204.0,5.87544065804968,L,deep,L-deep,True,10.0,0.879252390611417,8520.0,11.737089201877934,1.7246443322625058,0.5382055988985773,8716,2527664000.0
094820,21738,10.881392818280741,114.0,5.443658138268859,L,shallow,L-shallow,True,10.0,0.7864631710941854,18425.0,5.4274084124830395,2.736820314656362,0.39322844787928973,21738,22211263000.0
094840,1308,42.10526315789473,157.0,7.047216349541641,H,deep,H-deep,True,10.0,0.8239615987460815,7150.0,13.986013986013987,3.305810397553517,0.14143730886850153,1308,300110000.0
094850,1587,38.02281368821293,127.0,9.578544061302763,H,deep,H-deep,True,10.0,0.9482068523855267,5240.0,19.083969465648853,2.213610586011342,0.3673597983616887,1587,209231000.0
094860,1840,35.86801035335007,224.5,17.630465444287147,H,deep,H-deep,True,1.0,0.7153540065861691,1417.5,7.0546737213403885,7.121739130434783,0.1423913043478261,1840,430902000.0
094940,3128,38.91050583657588,79.0,14.6127618119829,H,shallow,H-shallow,True,10.0,0.7592353605420229,10115.0,9.886307464162135,3.9971227621483374,0.19149616368286446,3128,1056850000.0
094970,1614,36.496350364963504,170.0,9.132420091324533,H,deep,H-deep,True,5.0,0.8841981132075472,2740.0,18.248175182481752,2.0817843866171004,0.28934324659231725,1614,121355000.0
095190,2626,21.668472372697725,866.0,10.706638115631772,M,deep,M-deep,True,5.0,0.8628908497985804,2335.0,21.413276231263385,1.5624523990860624,0.555978674790556,2626,318029000.0
095270,9699,37.243947858473,376.0,18.67413632119508,H,deep,H-deep,True,10.0,0.8988998582156172,5350.0,18.69158878504673,2.0384575729456644,0.3958140014434478,9699,6066629000.0
095340,59277,23.55712603062426,123.0,0.0,M,shallow,M-shallow,True,500.0,0.9185550650994885,214500.0,23.31002331002331,1.1585404119641682,0.7371324459739865,59277,119522312000.0
095500,4325,21.321961620469082,207.0,5.458515283842669,M,deep,M-deep,True,10.0,0.8513560907177928,9185.0,10.887316276537835,1.9230235783633842,0.49514563106796117,4326,634175000.0
095570,2845,19.940179461615152,565.0,9.920634920634885,M,deep,M-deep,True,10.0,0.6906666666666667,5025.0,19.90049751243781,1.347627416520211,0.6822495606326889,2845,604984000.0
095610,23779,15.515903801396432,112.0,7.610350076103778,L,shallow,L-shallow,True,100.0,0.9838704541112031,64900.0,15.408320493066256,1.3288195466588166,0.7276168047436814,23779,16425682000.0
095660,8031,18.001800180018,164.0,8.944543828264262,L,deep,L-deep,True,50.0,0.9624021296586283,27925.0,17.905102954341988,1.3755447640393474,0.6794919686215913,8031,2013030000.0
095700,4342,20.512820512820515,317.0,10.272213662043672,M,deep,M-deep,True,5.0,0.7793416308014424,4872.5,10.26167265264238,2.4744357438968216,0.37977890373099954,4342,761915000.0
095720,2372,17.21170395869191,230.0,8.52151682999569,L,deep,L-deep,True,1.0,0.8513773222293401,1163.5,8.594757198109154,2.765177065767285,0.3634064080944351,2372,180461000.0
095910,14991,21.344717182497334,316.0,8.075370121130021,M,deep,M-deep,True,1.0,0.7272543809491776,1873.0,5.339028296849973,4.797091782283885,0.23265741728922093,14992,5005091000.0
096240,1989,8.7527352297593,175.0,4.355400696863798,L,deep,L-deep,True,10.0,0.8022721470513148,11460.0,8.726003490401396,1.9949723479135244,0.6058320764203117,1989,338982000.0
096250,9196,26.96629213483146,74.0,13.339261894175225,M,shallow,M-shallow,True,10.0,0.8241964927808818,11120.0,8.992805755395684,3.238172920065253,0.2653616095704187,9195,4797081000.0
096350,18285,19.029495718363464,1473.0,9.425070688030557,M,deep,M-deep,True,5.0,0.951292577388217,2672.5,18.709073900841908,1.6131802023516544,0.6143833743505606,18285,11601846000.0
096530,8711,22.598870056497177,491.0,0.0,M,deep,M-deep,True,50.0,0.9981290247722922,22175.0,22.547914317925592,1.1867753415222133,0.8292962920445414,8711,3171151000.0
096630,2993,35.52397868561279,768.0,11.855364552459946,H,deep,H-deep,True,1.0,0.8641240074336881,846.0,11.82033096926714,3.3186372745490984,0.19104876419505679,2994,359411000.0
096690,3695,50.718512256973796,141.0,29.05770029057786,H,deep,H-deep,True,1.0,0.6841460092617815,1182.5,8.456659619450317,6.987821380243572,0.06982408660351827,3695,699979000.0
096760,5215,11.841326228537595,323.0,11.540680900172795,L,deep,L-deep,True,5.0,0.9039573893762654,4325.0,11.560693641618498,1.613039309683605,0.526941514860978,5215,1231860000.0
096770,40722,9.095043201455207,199.0,0.0,L,deep,L-deep,True,100.0,0.9790982893231887,110050.0,9.086778736937756,1.1853343483706196,0.8517472557157241,40721,52974280000.0
096775,1803,28.694404591104735,18.0,14.104372355430161,M,shallow,M-shallow,True,100.0,0.7278543307086615,69850.0,14.316392269148174,2.4048807542983917,0.35884636716583473,1803,294768000.0
096870,781,44.54342984409799,75.0,22.19755826859071,H,shallow,H-shallow,True,5.0,0.7428617780661908,2280.0,21.929824561403507,2.654289372599232,0.235595390524968,781,49091000.0
097230,75931,18.365472910927455,1507.0,0.0,L,deep,L-deep,True,50.0,0.9993831745947523,27375.0,18.264840182648403,1.0967733438693534,0.9093770578164099,75930,146497463000.0
097520,3330,20.942408376963353,188.5,10.449320794148065,M,deep,M-deep,True,50.0,0.9773520485584218,23900.0,20.920502092050206,1.3029120384268988,0.7175022515761033,3331,890234000.0
097780,2516,38.192234245703375,189.0,25.284450063211004,H,deep,H-deep,True,1.0,0.6981743814844373,790.0,12.658227848101266,6.024642289348172,0.2082670906200318,2516,188640000.0
097800,2506,48.07692307692308,1047.0,12.150668286755595,H,deep,H-deep,True,1.0,0.8913196539931604,413.0,24.213075060532688,1.835195530726257,0.4177972865123703,2506,182573000.0
097870,8733,15.420200462606013,242.0,14.760147601475815,L,deep,L-deep,True,10.0,0.9263597122302158,6735.0,14.847809948032664,1.745104774991412,0.505095614336425,8733,4091748000.0
097950,12493,10.080645161290322,169.0,0.0,L,deep,L-deep,True,100.0,0.6456045065417542,199850.0,5.003752814610958,3.076288824847903,0.4487672110150496,12492,10223760000.0
097955,2676,15.58846453624318,26.0,3.903200624510994,L,shallow,L-shallow,True,100.0,0.8841094075335983,128100.0,7.8064012490242,1.9876727680239075,0.39521852820321257,2677,787186000.0
098070,10653,23.837902264600714,77.0,11.848341232227888,M,shallow,M-shallow,True,50.0,0.8849595227950575,41675.0,11.997600479904019,2.0968832144198273,0.3969207660533233,10652,7991062000.0
098120,5446,35.46099290780142,151.0,17.590149516271136,H,deep,H-deep,True,50.0,0.9170595304122758,27925.0,17.905102954341988,2.0069775982372384,0.401946382666177,5446,3015573000.0
098460,44259,17.467248908296945,1192.0,0.0,L,deep,L-deep,True,50.0,0.9960938839423483,28675.0,17.436791630340018,1.0788540183917394,0.9259133735511421,44259,36775227000.0
098660,458,22.03452074917371,674.0,7.317965605562193,M,deep,M-deep,True,1.0,0.8479142526071842,1364.5,7.328691828508611,3.5655021834061134,0.3646288209606987,458,25042000.0
099190,4467,10.152284263959391,135.0,5.064573309698783,L,shallow,L-shallow,True,10.0,0.6571081478133123,19825.0,5.044136191677175,3.7301836094939542,0.2639946260635916,4466,2429309000.0
099220,3323,25.09410288582183,512.0,8.44238075137227,M,deep,M-deep,True,1.0,0.7478807145019679,1193.0,8.382229673093043,3.39422208847427,0.20523623232019259,3323,582903000.0
099320,18932,10.298661174047373,23.0,5.163955589981839,L,shallow,L-shallow,True,100.0,0.8071516300429872,194250.0,5.148005148005147,2.8225227128671033,0.3874920769068244,18932,21490340000.0
099390,1457,23.014959723820482,52.0,11.574074074074403,M,shallow,M-shallow,True,5.0,0.6965272978576365,4337.5,11.527377521613833,2.276595744680851,0.29581331503088537,1457,74255000.0
099410,2706,19.940179461615152,102.0,15.052684395383542,M,shallow,M-shallow,True,5.0,0.49201829723674384,4987.5,10.025062656641603,2.8027336534909493,0.33062430735131143,2707,503973000.0
099430,4089,10.303967027305513,393.0,5.133470225873182,L,deep,L-deep,True,5.0,0.9030308664931201,4882.5,10.240655401945725,1.5979457079970654,0.6285155294693079,4089,786660000.0
099440,11116,19.029495718363464,850.0,9.36329588014928,M,deep,M-deep,True,10.0,0.9928419335840166,5265.0,18.99335232668566,1.319330754700009,0.7320320230277952,11117,3142352000.0
099750,1144,35.067212156633545,97.0,11.70275014628408,H,shallow,H-shallow,True,10.0,0.6950435979807251,8550.0,11.695906432748538,3.742782152230971,0.14785651793525809,1143,121313000.0
100030,450,67.69070554543087,27.5,15.535991714137332,H,shallow,H-shallow,True,10.0,0.6786542923433875,19267.5,5.190086933956144,12.866666666666667,0.04888888888888889,450,28338000.0
100090,14797,5.3149083178315175,145.0,5.1988562516247505,L,shallow,L-shallow,True,10.0,0.8369380108991825,18885.0,5.295207836907599,1.7188619314725957,0.6495911333378388,14797,6592127000.0
100120,2664,19.249278152069298,119.0,9.615384615384581,M,shallow,M-shallow,True,50.0,0.9259312048650703,26125.0,19.138755980861244,1.5987237237237237,0.5664414414414415,2664,1398151000.0
100130,2521,23.781212841854934,398.0,11.876484560569,M,deep,M-deep,True,5.0,0.9873813850191803,2107.5,23.72479240806643,1.5628718762395875,0.5739785799285998,2521,357803000.0
100220,583,38.53564547206166,69.0,38.2043935052534,H,shallow,H-shallow,True,10.0,0.7661934338952973,5245.0,19.065776930409914,2.8130360205831906,0.2144082332761578,583,110128000.0
100250,1022,32.948929159802304,242.0,8.278145695364003,H,deep,H-deep,True,5.0,0.864484818317571,3027.5,16.515276630883566,2.025440313111546,0.4324853228962818,1022,162966000.0
100590,17594,20.14098690835851,481.0,9.823182711198308,M,deep,M-deep,True,10.0,0.7499641751690932,5065.0,19.743336623889437,1.6768216437421848,0.4160509264521996,17594,6246060000.0
100660,1434,45.76659038901602,108.0,11.341083985115796,H,deep,H-deep,True,5.0,0.7861853832442067,4370.0,11.441647597254004,4.225244072524407,0.08158995815899582,1434,63804000.0
100700,1145,20.34587995930824,337.0,10.070493454179541,M,deep,M-deep,True,5.0,0.8977222467934542,2465.0,20.28397565922921,1.6422338568935428,0.5602094240837696,1146,83700000.0
100790,35038,22.002200220022,800.0,0.0,M,deep,M-deep,True,50.0,0.9935740514075887,22750.0,21.978021978021978,1.1599406358810433,0.8530738055825104,35038,42798923000.0
100840,12263,22.271714922048996,61.0,5.854800936767601,M,shallow,M-shallow,True,50.0,0.8878426772042479,43275.0,11.554015020219525,1.8596591372421105,0.4776971377313871,12263,6983081000.0
101000,1429,59.347181008902076,506.0,24.570024570024216,H,deep,H-deep,True,1.0,0.6476190476190476,1017.5,9.828009828009828,6.581525542337299,0.028691392582225334,1429,361003000.0
101140,1241,42.598509052183175,13.0,21.085925144965767,H,shallow,H-shallow,True,10.0,0.5431947840260799,9445.0,10.587612493382743,7.024979854955681,0.24415793714746173,1241,64882000.0
101160,8889,15.860428231562253,196.0,7.843137254901489,L,deep,L-deep,True,50.0,0.9822709163346613,31950.0,15.64945226917058,1.4156823039712003,0.6639667004162448,8889,4928386000.0
101170,5029,21.794406102433708,125.0,7.31261425959806,M,shallow,M-shallow,True,10.0,0.811020264847512,13700.0,7.299270072992701,3.360906740902764,0.26903957049115135,5029,1733864000.0
101240,1045,38.98635477582846,73.0,13.114754098360049,H,shallow,H-shallow,True,5.0,0.7533816425120773,3837.5,13.029315960912053,3.495693779904306,0.3043062200956938,1045,79258000.0
101330,3621,39.92015968063872,177.0,10.085728693898233,H,deep,H-deep,True,5.0,0.6820500279485746,4950.0,10.1010101010101,3.7251381215469612,0.1287292817679558,3620,856196000.0
101360,5504,11.22334455667789,85.0,5.689900426743,L,shallow,L-shallow,True,10.0,0.7415792379900608,17635.0,5.670541536716756,2.879905523255814,0.46348110465116277,5504,1434756000.0
101400,4983,42.918454935622314,999.0,21.141649048626032,H,deep,H-deep,True,1.0,0.7717435275080906,467.5,21.390374331550802,2.277744330724463,0.30082279751153923,4983,626733000.0
101490,20155,11.968880909634949,68.0,5.955926146515855,L,shallow,L-shallow,True,100.0,0.9772233596324778,83850.0,11.926058437686343,1.4650955097990572,0.6937236417762341,20155,14524043000.0
101530,1249,30.48780487804878,24.0,15.232292460015673,M,shallow,M-shallow,True,10.0,0.8707773707773708,6560.0,15.24390243902439,2.534027221777422,0.27061649319455566,1249,107157000.0
101670,3034,31.562335612835348,290.0,10.570824524313016,M,deep,M-deep,True,1.0,0.6502076411960133,1893.0,5.282620179609086,6.425510876730389,0.07910349373764008,3034,570057000.0
101680,11781,28.449502133712663,318.0,16.488046166529546,M,deep,M-deep,True,5.0,0.857607829244531,3017.5,16.570008285004143,1.8791171477079796,0.48820033955857384,11780,8736954000.0
101730,3758,19.21229586935639,57.0,18.92147587511772,M,shallow,M-shallow,True,10.0,0.879070395892447,5260.0,19.011406844106464,2.014901543374135,0.5047897817988292,3758,219664000.0
101930,958,40.04008016032064,16.0,25.025025025025016,H,shallow,H-shallow,True,100.0,0.5320784729586426,50300.0,19.880715705765404,2.854384133611691,0.2766179540709812,958,324415000.0
101970,1910,48.115477145148354,15.0,20.21836157526935,H,shallow,H-shallow,True,10.0,0.7514631550944401,12250.0,8.16326530612245,6.406282722513089,0.08900523560209424,1910,194070000.0
102120,8475,17.421602787456447,109.0,8.631851532153734,L,shallow,L-shallow,True,10.0,0.8470525123681231,11565.0,8.646779074794638,2.8172055699787584,0.32286995515695066,8474,3944729000.0
102260,2578,24.63054187192118,586.0,6.157635467980427,M,deep,M-deep,True,5.0,0.9036832775260981,4052.5,12.338062924120914,2.149340574088441,0.3324282389449185,2578,365598000.0
102370,1672,29.585798816568047,48.0,14.695077149154967,M,shallow,M-shallow,True,5.0,0.8371109096403747,3405.0,14.684287812041115,2.805622009569378,0.2715311004784689,1672,152198000.0
102460,2011,19.37984496124031,62.0,9.657170449057784,M,shallow,M-shallow,True,10.0,0.7407898057027504,10335.0,9.675858732462506,2.61362506215813,0.382894082545997,2011,251302000.0
102710,9021,17.28608470181504,105.0,8.583690987125081,L,shallow,L-shallow,True,100.0,0.9642777218305919,58150.0,17.196904557179707,1.540073162620552,0.6116838487972509,9021,4042121000.0
102940,9679,32.84072249589491,60.0,15.974440894568342,H,shallow,H-shallow,True,100.0,0.8853879377634386,60900.0,16.420361247947454,2.087509040190102,0.32410372972414503,9679,6819612000.0
103140,38782,10.065425264217414,413.0,0.0,L,deep,L-deep,True,100.0,0.9958075789583496,99450.0,10.055304172951232,1.1122427930483214,0.920839564746532,38782,32510801000.0
103230,570,53.61930294906166,59.0,13.449899125757003,H,shallow,H-shallow,True,5.0,0.8100983020554066,3722.5,13.43183344526528,3.8210526315789473,0.11754385964912281,570,55302000.0
103590,25795,13.097576948264571,223.0,0.0,L,deep,L-deep,True,100.0,0.9787688269972775,76550.0,13.063357282821686,1.2358117537602729,0.8159792215847418,25796,21039986000.0
103840,1748,33.61344537815126,197.0,8.453085376162184,H,deep,H-deep,True,5.0,0.8351402139346632,2967.5,16.849199663016005,1.9422196796338673,0.38844393592677345,1748,256771000.0
104040,1084,58.910162002945505,495.0,7.518796992480592,H,deep,H-deep,True,1.0,0.7481369352585002,671.0,14.903129657228018,4.056221198156682,0.11428571428571428,1085,85259000.0
104200,2782,37.174721189591075,180.0,18.43317972350267,H,deep,H-deep,True,10.0,0.9076923076923077,5425.0,18.433179723502302,2.7580877066858376,0.30050323508267435,2782,1042453000.0
104460,3399,12.861736334405146,63.0,6.462035541195954,L,shallow,L-shallow,True,10.0,0.8600652238363474,15595.0,6.412311638345623,2.7984701382759636,0.35834068843777583,3399,839487000.0
104480,4170,26.77376171352075,52.0,10.607265977193858,M,shallow,M-shallow,True,1.0,0.5326152364905524,1876.0,5.330490405117271,6.930695443645084,0.05347721822541966,4170,381011000.0
104540,935,34.66204506065858,83.0,25.35925612848655,H,shallow,H-shallow,True,10.0,0.7204756697648989,5825.0,17.167381974248926,2.786324786324786,0.23931623931623933,936,180676000.0
104620,1914,22.05071664829107,142.0,11.04362230811784,M,deep,M-deep,True,5.0,0.7605960264900662,4527.5,11.043622308117063,2.633228840125392,0.428944618599791,1914,381078000.0
104700,4142,21.299254526091588,12.0,10.723860589811895,M,shallow,M-shallow,True,10.0,0.6060330177227482,9360.0,10.683760683760685,2.0388701110574603,0.38918396909705455,4142,212513000.0
104830,7058,22.650056625141563,76.0,5.807200929152101,M,shallow,M-shallow,True,50.0,0.8824464285714285,43650.0,11.45475372279496,1.8352224426183055,0.49603287050155853,7058,2661586000.0
105330,2726,25.641025641025642,65.0,19.05972045743276,M,shallow,M-shallow,True,10.0,0.8686087439792516,7850.0,12.738853503184712,2.9930300807043286,0.31511371973587676,2726,586433000.0
105550,2881,30.69838833461243,230.0,7.7459333849727585,M,deep,M-deep,True,1.0,0.716922674114156,1296.0,7.716049382716049,4.631030892051371,0.1586254772648386,2881,320596000.0
105560,54608,6.642311524410495,261.0,0.0,L,deep,L-deep,True,100.0,0.9794373394444547,150850.0,6.629101756711965,1.176402724875476,0.8937884559038969,54608,143927399000.0
105630,4730,8.200082000820007,59.0,4.076640847940904,L,shallow,L-shallow,True,10.0,0.9061601533383026,12220.0,8.183306055646481,1.5625792811839323,0.6570824524312896,4730,361622000.0
105740,6258,30.943785456420837,88.0,10.335917312661591,M,shallow,M-shallow,True,10.0,0.8197552729029142,9760.0,10.245901639344263,3.588686481303931,0.21380632790028764,6258,2794962000.0
105760,2552,35.77817531305904,105.0,8.984725965857088,H,shallow,H-shallow,True,10.0,0.9363301473516528,5595.0,17.873100983020553,2.1942812377594985,0.3258911084998041,2553,363572000.0
105840,52712,18.467220683287163,533.0,0.0,M,deep,M-deep,True,50.0,0.9899691801144739,27300.0,18.315018315018314,1.194737441189862,0.828881469115192,52712,73550579000.0
106190,1611,30.441400304414003,43.0,21.21855107608317,M,shallow,M-shallow,True,10.0,0.6416379580331977,16335.0,6.1218243036424855,6.69106699751861,0.11972704714640199,1612,935639000.0
106240,1808,30.410542321338067,157.0,10.101010101009056,M,deep,M-deep,True,1.0,0.7203151378728193,1982.0,5.045408678102927,8.055309734513274,0.11117256637168142,1808,274874000.0
107600,2149,57.306590257879655,43.0,19.157088122605526,H,shallow,H-shallow,True,50.0,0.8321133412042503,26125.0,19.138755980861244,2.8892508143322475,0.16379711493718008,2149,369714000.0
107640,15202,16.9061707523246,102.0,8.347245409014992,L,shallow,L-shallow,True,100.0,0.9647571978240679,59450.0,16.82085786375105,1.281391830559758,0.7870814970729462,15203,12621411000.0
108230,2309,23.612750885478157,62.0,11.855364552459946,M,shallow,M-shallow,True,5.0,0.6793513867656693,4232.5,11.813349084465445,2.8834993503681248,0.42399307059333047,2309,306493000.0
108320,8157,19.90049751243781,177.0,0.0,M,deep,M-deep,True,100.0,0.8174615480029769,50350.0,19.860973187686195,1.144170650974623,0.8688243226676474,8157,3405709000.0
108380,3118,35.39823008849557,75.0,8.992805755395628,H,shallow,H-shallow,True,50.0,0.9053812388229556,27900.0,17.921146953405017,1.7577799165864614,0.46102021174205965,3117,860126000.0
108490,24198,20.181634712411707,193.0,0.0,M,deep,M-deep,True,500.0,0.9953372042022599,248250.0,20.14098690835851,1.1117860980246301,0.8996198032895281,24198,28875422000.0
108670,2573,17.6522506619594,73.0,8.787346221441616,L,shallow,L-shallow,True,50.0,0.881467637222113,28475.0,17.559262510974538,1.5876408861251456,0.5297318305479984,2573,318312000.0
108675,741,12.746972594008922,50.0,6.355258976802336,L,shallow,L-shallow,True,10.0,0.6859236537150648,15690.0,6.373486297004461,2.3508771929824563,0.4426450742240216,741,49831000.0
108860,38131,8.550662676357417,332.0,4.258943781941804,L,deep,L-deep,True,10.0,0.929607929397963,11760.0,8.503401360544217,1.477301932810574,0.716346279929716,38131,22569705000.0
109070,2153,22.753128555176335,208.0,17.035775127767216,M,deep,M-deep,True,1.0,0.7687573964497041,883.0,11.325028312570781,2.9043195541105433,0.3311658151416628,2153,253753000.0
109080,4308,38.167938931297705,91.0,9.638554216867545,H,shallow,H-shallow,True,10.0,0.7994370161857847,10485.0,9.537434430138292,4.2432683379758585,0.1745589600742804,4308,1352617000.0
109610,2614,36.03603603603604,284.0,9.04159132007254,H,deep,H-deep,True,5.0,0.9249273959341723,2775.0,18.01801801801802,2.1005736137667306,0.3422562141491396,2615,488063000.0
109670,1032,92.50693802035153,25.0,27.84223337347069,H,shallow,H-shallow,True,10.0,0.6433823529411765,5415.0,18.467220683287163,6.591085271317829,0.10368217054263566,1032,26016000.0
109740,2067,32.948929159802304,85.0,16.420361247948545,H,shallow,H-shallow,True,10.0,0.8647871819960861,6120.0,16.33986928104575,3.3283365570599615,0.3104448742746615,2068,750624000.0
109820,1273,23.55712603062426,110.0,23.446658851113966,M,shallow,M-shallow,True,5.0,0.776640826873385,2147.5,23.28288707799767,4.148468185388845,0.5074626865671642,1273,140329000.0
109860,371,68.54009595613434,26.0,6.877579092159358,H,shallow,H-shallow,True,10.0,0.7973066298342542,7265.0,13.764624913971094,4.587601078167116,0.0,371,6147000.0
109960,868,62.69592476489028,12128.0,31.055900621117516,H,deep,H-deep,True,1.0,0.976335656213705,160.0,62.5,1.5172811059907834,0.6036866359447005,868,63176000.0
110020,3049,70.01166861143524,116.0,46.296296296296504,H,deep,H-deep,True,5.0,0.5791739094445824,2102.5,23.781212841854934,3.212659888488029,0.18760249262053133,3049,948065000.0
110790,1832,47.44958481613286,62.5,17.49271137026276,H,shallow,H-shallow,True,5.0,0.6453954646017699,4185.0,11.947431302270012,3.8324235807860263,0.24017467248908297,1832,236116000.0
110990,11588,22.05071664829107,146.0,10.917030567685337,M,deep,M-deep,True,50.0,0.9722040762999739,23025.0,21.71552660152009,1.5137210907835692,0.598550224370038,11588,6730523000.0
111110,1224,26.881720430107528,58.0,13.306719893546592,M,shallow,M-shallow,True,10.0,0.7593052109181141,7440.0,13.440860215053764,2.5718954248366015,0.3545751633986928,1224,198607000.0
111380,732,14.114326040931546,15.0,10.565240686812306,L,shallow,L-shallow,True,10.0,0.6110526315789474,14245.0,7.02000702000702,3.7953615279672577,0.2673942701227831,733,38555000.0
111710,441,63.81620931716656,7.0,19.096117122852085,H,shallow,H-shallow,True,5.0,0.6812645011600929,3910.0,12.787723785166241,5.680272108843537,0.06575963718820861,441,8402000.0
111770,22710,11.716461628588167,39.0,11.422044545973398,L,shallow,L-shallow,True,100.0,0.9208842511477301,85650.0,11.675423234092236,1.4750330250990753,0.6830030823425803,22710,12185596000.0
112040,6808,22.002200220022,309.0,0.0,M,deep,M-deep,True,50.0,0.9541997477183349,22775.0,21.953896816684964,1.1414512338425382,0.8644242068155111,6808,2056651000.0
112290,10401,18.709073900841908,245.0,9.025270758122872,M,deep,M-deep,True,50.0,0.9820795923319583,26850.0,18.6219739292365,1.4015960003845784,0.6909912508412652,10401,8469871000.0
112610,30304,18.13236627379873,194.0,0.0,L,deep,L-deep,True,100.0,0.9943814141010262,55350.0,18.066847335140018,1.2113982113982114,0.831963831963832,30303,31323051000.0
113810,2567,38.04692454026633,818.0,12.886597938144284,H,deep,H-deep,True,1.0,0.8971571906354515,776.5,12.8783000643915,2.855083755356447,0.2403583950136346,2567,571398000.0
114090,10035,8.36470096194061,360.0,4.1407867494824835,L,deep,L-deep,True,10.0,0.9212359776648725,11980.0,8.347245409015025,1.3824232762056596,0.7753088880031885,10036,2698628000.0
114190,3563,7.707129094412331,100.0,3.843197540354115,L,shallow,L-shallow,True,10.0,0.9362507138777841,13025.0,7.677543186180422,2.051922537187763,0.564412012349144,3563,782595000.0
114450,2391,35.97122302158274,424.0,17.889087656528524,H,deep,H-deep,True,5.0,0.8948899703766399,2790.0,17.921146953405017,2.405269761606023,0.2902551233793392,2391,592089000.0
114630,3076,39.37007874015748,1293.0,9.980039920159944,H,deep,H-deep,True,1.0,0.9365763546798029,505.5,19.782393669634025,1.849154746423927,0.41514954486345906,3076,594859000.0
114810,10563,13.927576601671309,334.0,7.005253940455258,L,deep,L-deep,True,10.0,0.7181574069673494,14285.0,7.000350017500875,2.164331692540704,0.401836425596365,10564,3640484000.0
114840,3788,26.350461133069828,82.0,8.92060837594244,M,shallow,M-shallow,True,10.0,0.7689151321056845,11270.0,8.873114463176575,3.6768743400211195,0.2589757127771911,3788,707125000.0
115160,1444,43.891733723482076,423.0,14.513788098693414,H,deep,H-deep,True,1.0,0.7312961011591148,685.0,14.598540145985401,3.711018711018711,0.27442827442827444,1443,51957000.0
115180,19108,10.554089709762533,93.0,10.389610389609505,L,shallow,L-shallow,True,50.0,0.8690639239339426,48025.0,10.41124414367517,1.7028469750889679,0.5273184006698765,19108,26066183000.0
115310,2724,39.49967083607637,12.0,13.297872340425343,H,shallow,H-shallow,True,100.0,0.7330680977054034,75850.0,13.183915622940011,3.326358296622614,0.17657856093979443,2724,785757000.0
115440,3470,26.7022696929239,192.0,13.245033112583293,M,deep,M-deep,True,10.0,0.8661414464130119,7535.0,13.271400132714001,2.750720461095101,0.3017291066282421,3470,1338772000.0
115450,4310,17.10863986313088,680.0,8.467400508044287,L,deep,L-deep,True,5.0,0.9367829548115195,2932.5,17.050298380221655,1.3273022500579912,0.7234980282996984,4311,540962000.0
115480,1353,38.91050583657588,431.0,19.474196689386325,H,deep,H-deep,True,1.0,0.919210722263589,513.0,19.49317738791423,2.44419807834442,0.37398373983739835,1353,93804000.0
115500,1820,22.42152466367713,45.0,5.632216723766015,M,shallow,M-shallow,True,10.0,0.8271372876636035,8910.0,11.22334455667789,2.3373626373626375,0.39175824175824175,1820,250856000.0
115530,3406,34.542314335060446,1818.0,32.67973856209139,H,deep,H-deep,True,1.0,0.9038119252447345,297.5,33.61344537815126,1.6547269524368762,0.5883734586024663,3406,740946000.0
115570,394,34.78260869565217,241.0,17.316017316018062,H,deep,H-deep,True,5.0,0.7077922077922078,2877.5,17.37619461337967,2.098984771573604,0.4035532994923858,394,17378000.0
115610,2775,61.06870229007634,458.0,19.1497510532368,H,deep,H-deep,True,1.0,0.6632107931908728,1309.5,7.636502481863307,9.32072072072072,0.07531531531531531,2775,425886000.0
117580,31185,18.814675446848543,201.0,4.830917874396601,M,deep,M-deep,True,10.0,0.8879551255128744,10390.0,9.624639076034649,1.8956870290203625,0.4870610870610871,31185,14166829000.0
117670,2587,24.906600249066003,62.0,17.552657973921583,M,shallow,M-shallow,True,50.0,0.502050380785003,20075.0,24.906600249066003,1.3080433101314772,0.3499613302397525,2586,1248961000.0
117730,7512,10.121457489878543,80.0,5.059448520110532,L,shallow,L-shallow,True,10.0,0.6885554733230169,19730.0,5.06842372022301,2.832401490947817,0.43570287539936103,7512,2619938000.0
118000,2743,43.01075268817204,1894.0,21.413276231263545,H,deep,H-deep,True,1.0,0.9917796767601709,237.5,42.10526315789473,1.4209183673469388,0.6319241982507289,2744,349904000.0
118990,4167,12.277470841006751,157.0,6.0606060606061,L,shallow,L-shallow,True,10.0,0.8655691896488884,8200.0,12.195121951219512,1.8821694264458844,0.5149988000959923,4167,561909000.0
119500,2421,24.183796856106408,346.0,12.113870381587066,M,deep,M-deep,True,5.0,0.7730729166666667,4147.5,12.055455093429776,2.574555968608013,0.325485336637753,2421,835888000.0
119610,1747,22.234574763757642,22.0,8.344923504868262,M,shallow,M-shallow,True,10.0,0.6653155761436016,18135.0,5.514199062586159,5.348597595878649,0.2220950200343446,1747,623499000.0
119830,7669,26.385224274406333,502.0,13.23626737260053,M,deep,M-deep,True,10.0,0.7841988913818134,7580.0,13.192612137203167,2.212413613248142,0.34306950058677793,7669,4751248000.0
119850,7646,14.440433212996389,138.0,0.0,L,shallow,L-shallow,True,50.0,0.8982848817959076,34725.0,14.398848092152628,1.2110631620243233,0.8267294363802798,7647,3179590000.0
120030,1050,39.0625,8.0,9.751340809360798,H,shallow,H-shallow,True,100.0,0.7757191613846904,103350.0,9.675858732462506,4.740705433746425,0.09818875119161107,1049,251238000.0
120110,20005,13.917884481558804,80.0,6.934812760055475,L,shallow,L-shallow,True,100.0,0.957312929450555,72300.0,13.831258644536653,1.279680079980005,0.7775056235941015,20005,22588346000.0
120115,1060,36.16636528028933,57.0,17.985611510791255,H,shallow,H-shallow,True,50.0,0.8410945751320211,27650.0,18.083182640144663,2.1830188679245284,0.19622641509433963,1060,334199000.0
120240,2432,14.836795252225519,62.0,3.7411148522259463,L,shallow,L-shallow,True,10.0,0.9113254511512134,13515.0,7.3991860895301516,2.4786184210526314,0.3026315789473684,2432,390466000.0
121440,2526,10.443864229765012,413.0,5.186721991701226,L,deep,L-deep,True,5.0,0.8602882305844676,4827.5,10.357327809425167,1.6405384006334125,0.6175771971496437,2526,516306000.0
121600,11640,16.963528413910094,96.0,8.368200836820217,L,shallow,L-shallow,True,100.0,0.9334150681364465,59350.0,16.849199663016005,1.615893470790378,0.5760309278350515,11640,4052500000.0
121850,1561,21.344717182497334,581.0,10.626992561104665,M,deep,M-deep,True,5.0,0.9799447872685937,2347.5,21.299254526091588,1.3805253042921204,0.7078795643818065,1561,201467000.0
121890,437,36.24501631025734,314.0,21.857923497268228,H,deep,H-deep,True,1.0,0.4588719153936545,1373.0,7.283321194464676,6.2654462242562925,0.13501144164759726,437,47191000.0
122310,677,92.80742459396751,104.0,23.255813953488857,H,shallow,H-shallow,True,5.0,0.6833584337349398,4295.0,11.641443538998836,9.231905465288035,0.029542097488921712,677,31737000.0
122350,1978,39.76143141153081,150.5,9.917355371901193,H,deep,H-deep,True,1.0,0.6337327893931668,1519.0,6.583278472679394,7.368554095045501,0.0717896865520728,1978,183656000.0
122450,1145,46.47560030983733,1259.0,15.637216575450363,H,deep,H-deep,True,5.0,0.8401330376940133,3200.0,15.625,2.8471615720524017,0.14847161572052403,1145,186069000.0
122640,10373,20.14098690835851,199.0,10.050251256281673,M,deep,M-deep,True,50.0,0.9572170452339351,24925.0,20.060180541624874,1.4338185674346862,0.6500530222693531,10373,7168642000.0
122690,1268,39.52569169960474,143.0,19.82160555004997,H,deep,H-deep,True,5.0,0.869343211854225,2542.5,19.665683382497544,2.3012618296529967,0.30441640378548895,1268,270760000.0
122870,15215,16.142050040355123,263.0,0.0,L,deep,L-deep,True,100.0,0.986238913065143,61950.0,16.142050040355123,1.0918830101873152,0.9148866250410779,15215,8276210000.0
122900,2042,13.114754098360656,222.0,6.540222367561466,L,deep,L-deep,True,10.0,0.9486684917869587,7645.0,13.080444735120995,1.5254652301665035,0.6131243878550441,2042,367330000.0
122990,5392,26.31578947368421,354.0,6.605019815060231,M,deep,M-deep,True,10.0,0.921180425849832,7570.0,13.21003963011889,1.9163575667655786,0.4579005934718101,5392,1735506000.0
123010,7376,42.49893752656183,500.0,16.60784792355374,H,deep,H-deep,True,1.0,0.656354686538593,1238.5,8.074283407347597,5.714789209705843,0.123627490849939,7377,3000794000.0
123040,4867,19.550342130987293,782.0,9.718172983479434,M,deep,M-deep,True,5.0,0.9078129853991923,2572.5,19.43634596695821,1.4653790836244094,0.696938565851654,4867,637216000.0
123330,10214,36.42987249544627,138.0,9.29800293939631,H,deep,H-deep,True,50.0,0.937999014292755,27525.0,18.1653042688465,2.1788721362835326,0.35950655962404543,10214,6375554000.0
123410,4394,26.99055330634278,124.0,6.854009595613775,M,shallow,M-shallow,True,10.0,0.8655641350697245,7325.0,13.651877133105803,1.8022303140646336,0.48725534820209376,4394,918011000.0
123420,1125,29.282576866764277,58.0,21.865889212827618,M,shallow,M-shallow,True,10.0,0.8718849116447667,6835.0,14.63057790782736,2.5653333333333332,0.3342222222222222,1125,168935000.0
123570,683,55.65393372122439,42.0,5.095541401274328,H,shallow,H-shallow,True,1.0,0.5914360508601346,1968.5,5.080010160020319,13.448023426061493,0.043923865300146414,683,15943000.0
123690,2751,35.23194362889019,99.0,5.970149253731183,H,shallow,H-shallow,True,10.0,0.8156924211690946,8420.0,11.876484560570072,2.8687749909123954,0.2311886586695747,2751,393351000.0
123700,1018,28.011204481792717,191.0,7.0175438596487005,M,deep,M-deep,True,5.0,0.8170244633050424,3570.0,14.005602240896359,2.165029469548134,0.25245579567779963,1018,63545000.0
123750,1363,43.7636761487965,70.0,32.75109170305712,H,shallow,H-shallow,True,5.0,0.7429111531190926,2277.5,21.953896816684964,2.102714600146735,0.359501100513573,1363,139980000.0
123840,1463,96.6183574879227,62.0,40.38772213247221,H,shallow,H-shallow,True,1.0,0.7001636958894143,620.0,16.129032258064516,7.655502392344498,0.02734107997265892,1463,175431000.0
123860,2410,12.961762799740765,21.0,9.558706631004332,L,shallow,L-shallow,True,10.0,0.6730810121199234,15485.0,6.457862447529867,3.8605809128630706,0.38464730290456434,2410,339542000.0
123890,3553,17.559262510974538,1089.0,0.0,L,deep,L-deep,True,5.0,0.9707367373062153,2855.0,17.513134851138354,1.3962848297213621,0.6512806079369546,3553,606781000.0
124500,13032,28.694404591104735,76.0,7.288629737609575,M,shallow,M-shallow,True,100.0,0.8934776720068106,69100.0,14.47178002894356,1.9683087783916513,0.45311540822590546,13032,15280082000.0
124560,5261,17.937219730941703,556.0,8.968609865470656,L,deep,L-deep,True,5.0,0.9616583541147132,2800.0,17.857142857142858,1.575746055882912,0.5804980041817145,5261,1809564000.0
125020,25572,16.488046166529266,765.0,8.077544426494665,L,deep,L-deep,True,10.0,0.9780115009084919,6115.0,16.35322976287817,1.3556624432973565,0.7191068356014391,25572,19813378000.0
125210,2133,27.51031636863824,128.0,13.651877133106227,M,shallow,M-shallow,True,10.0,0.8283075089392133,7310.0,13.679890560875513,2.5595126522961573,0.267572633552015,2134,546441000.0
125490,23832,12.048192771084338,190.0,6.000600060005468,L,deep,L-deep,True,10.0,0.859684065934066,16310.0,6.131207847946045,2.3690835850956695,0.472809667673716,23832,16118884000.0
126340,25856,7.334066740007334,44.0,7.114905727498844,L,shallow,L-shallow,True,100.0,0.8354807561008915,137450.0,7.275372862859221,1.941906787855347,0.6249081415586927,25855,28643909000.0
126560,1231,30.76923076923077,895.0,7.698229407235857,M,deep,M-deep,True,5.0,0.9016494845360825,3250.0,15.384615384615385,1.908204711616572,0.36799350121852153,1231,226299000.0
126600,1590,27.624309392265193,123.0,13.78359751895264,M,shallow,M-shallow,True,5.0,0.8256791720569211,3617.5,13.8217000691085,2.3477987421383646,0.36981132075471695,1590,229408000.0
126640,2959,45.558086560364465,367.0,9.715025906735786,H,deep,H-deep,True,1.0,0.800728987993139,1535.5,6.512536633018561,7.069932432432433,0.08716216216216216,2960,945643000.0
126700,8510,11.500862564692351,74.0,5.743825387708457,L,shallow,L-shallow,True,10.0,0.7332198875406926,17515.0,5.709391949757351,3.2493537015276144,0.3655699177438308,8510,3296665000.0
126720,4612,35.52397868561279,72.0,9.124087591241281,H,shallow,H-shallow,True,50.0,0.8721000549752611,27875.0,17.937219730941703,2.0366435385949697,0.3764093668690373,4612,2990365000.0
126730,4164,21.470746108427267,42.0,8.207934336526002,M,shallow,M-shallow,True,10.0,0.6383768561187916,18455.0,5.41858574911948,4.639682920970454,0.25630554888301704,4163,1165544000.0
126880,2900,27.210884353741495,65.5,13.577732518669228,M,shallow,M-shallow,True,5.0,0.8910670625218302,3660.0,13.66120218579235,2.0606896551724136,0.46206896551724136,2900,234884000.0
127120,21230,23.837902264600714,74.0,11.494252873562871,M,shallow,M-shallow,True,50.0,0.8388947927736451,42300.0,11.82033096926714,2.2409683952710657,0.3464273939051387,21231,12211077000.0
127710,3426,14.947683109118087,452.0,7.560007830058613,L,deep,L-deep,True,1.0,0.8082478005865102,1324.0,7.552870090634441,3.3260361938120258,0.4929947460595447,3426,231142000.0
127980,228,39.37007874015748,321.0,19.474196689386325,H,deep,H-deep,True,10.0,0.5827702702702703,5125.0,19.51219512195122,2.789473684210526,0.21929824561403508,228,27469000.0
128540,2558,45.537697775690106,119.0,8.078632164768562,H,deep,H-deep,True,1.0,0.7555951673598732,1865.5,5.3604931653712145,8.967552775605942,0.1075058639562158,2558,197813000.0
128660,4465,30.257186081694403,540.0,15.048908954100604,M,deep,M-deep,True,5.0,0.8032407407407407,3302.5,15.14004542013626,2.286962365591398,0.3573028673835125,4464,1812295000.0
128820,11633,12.65022137887413,393.0,6.157635467980427,L,deep,L-deep,True,10.0,0.9291820351486223,8055.0,12.414649286157665,1.50661853188929,0.6776689014956163,11634,5200415000.0
128940,21832,19.940179461615152,30.0,5.08130081300795,M,shallow,M-shallow,True,500.0,0.7360896355957629,497750.0,10.045203415369162,1.883473799926713,0.43152253572737265,21832,38255846000.0
129260,1392,39.96007984031936,74.0,10.1626016260159,H,shallow,H-shallow,True,5.0,0.9281021897810219,2472.5,20.222446916076848,1.7341954022988506,0.43462643678160917,1392,246106000.0
129890,2103,32.171581769437,854.0,5.390835579515141,M,deep,M-deep,True,1.0,0.7648574167265756,933.5,10.712372790573111,3.7993342843556825,0.20019020446980504,2103,90736000.0
129920,15569,26.797677534613666,134.0,13.374944271065115,M,shallow,M-shallow,True,10.0,0.7470167857736414,11260.0,8.880994671403197,3.6670520231213874,0.26608863198458577,15570,12426808000.0
130500,1064,40.16064257028112,99.0,10.172939979654627,H,shallow,H-shallow,True,5.0,0.7133941430628901,2475.0,20.2020202020202,2.112781954887218,0.3693609022556391,1064,81254000.0
130580,473,51.41388174807197,366.0,0.0,H,deep,H-deep,True,10.0,0.6984978540772532,5835.0,17.13796058269066,2.587737843551797,0.2219873150105708,473,16108000.0
130660,27462,23.612750885478157,749.0,0.0,M,deep,M-deep,True,50.0,0.9943613168875572,21450.0,23.31002331002331,1.1845526382870253,0.8281198791012709,27461,27745158000.0
130740,1299,46.72897196261682,228.0,23.31002331002363,H,deep,H-deep,True,5.0,0.855525185474424,2150.0,23.25581395348837,2.511162432640493,0.270977675134719,1299,172265000.0
131030,3673,19.53125,124.0,14.258555133079831,M,shallow,M-shallow,True,10.0,0.7560674619498149,10245.0,9.760858955588091,2.8127381600435495,0.39765922700054435,3674,1382749000.0
131090,746,39.76143141153081,24.0,25.906746618510333,H,shallow,H-shallow,True,5.0,0.7339655172413793,3807.5,13.131976362442547,5.563002680965147,0.08310991957104558,746,21173000.0
131100,1306,15.32567049808429,774.0,7.698229407235857,L,deep,L-deep,True,1.0,0.6736729949631926,1304.5,7.6657723265619016,3.586523736600306,0.4326186830015314,1306,30426000.0
131180,1131,21.69197396963124,500.0,5.428881650380024,M,deep,M-deep,True,1.0,0.8648190045248869,922.0,10.84598698481562,3.032714412024757,0.27586206896551724,1131,24653000.0
131220,734,33.24099722991689,122.5,11.142061281337323,H,deep,H-deep,True,5.0,0.7537826685006878,4487.5,11.142061281337048,3.2288828337874658,0.17983651226158037,734,25757000.0
131290,22593,17.5284837861525,42.0,4.570383912247955,L,shallow,L-shallow,True,100.0,0.8947471033868093,112500.0,8.88888888888889,2.045279511353074,0.4535475589784447,22593,12601222000.0
131370,1535,45.662100456621005,958.0,11.415525114155667,H,deep,H-deep,True,5.0,0.8771018793273986,2182.5,22.90950744558992,1.8221498371335505,0.4553745928338762,1535,147871000.0
131400,5237,14.164305949008499,701.0,6.971070059254014,L,deep,L-deep,True,1.0,0.761357269870655,1415.5,7.064641469445426,4.900515562344854,0.3685316020622494,5237,840392000.0
131760,1146,30.257186081694403,459.0,7.558578987150177,M,deep,M-deep,True,1.0,0.860366398570152,662.0,15.105740181268882,2.722513089005236,0.2844677137870855,1146,76103000.0
131970,31990,14.17434443656981,162.0,7.0621468926557185,L,deep,L-deep,True,100.0,0.9750492188492316,71000.0,14.084507042253522,1.3610503282275712,0.7210690840887778,31990,44078097000.0
133750,895,21.31060202450719,431.0,7.978723404254984,M,deep,M-deep,True,1.0,0.6411997736276174,1874.5,5.334755934915977,7.754189944134078,0.18659217877094972,895,78764000.0
133820,903,52.5328330206379,175.0,18.73360809291902,H,deep,H-deep,True,1.0,0.5973463687150838,1329.5,7.5216246709289205,7.72093023255814,0.08416389811738649,903,99818000.0
134060,3427,53.69127516778523,41.0,19.933554817275212,H,shallow,H-shallow,True,5.0,0.8579502351691701,3770.0,13.26259946949602,5.791070907499271,0.2319813247738547,3427,271654000.0
134580,523,166.14150673159554,384.0,22.727272727273153,H,deep,H-deep,True,1.0,0.49121951219512194,1759.5,5.683432793407218,28.736137667304014,0.0019120458891013384,523,24284000.0
134790,544,97.16185118895423,98.0,5.1137816415236514,H,shallow,H-shallow,True,10.0,0.7263797942001871,19660.0,5.08646998982706,22.707720588235293,0.001838235294117647,544,11674000.0
136150,2433,42.257772411711436,25.0,9.06892382103952,H,shallow,H-shallow,True,10.0,0.6775497512437811,16715.0,5.982650314089142,7.268803945745993,0.05055487053020962,2433,484000000.0
136410,936,51.54639175257732,20.0,13.037809647978849,H,shallow,H-shallow,True,10.0,0.8167298321602598,7670.0,13.03780964797914,3.8514957264957266,0.11538461538461539,936,95308000.0
136480,4034,16.142050040355123,1666.0,0.0,L,deep,L-deep,True,5.0,0.9867098152570064,3105.0,16.10305958132045,1.5520575111551809,0.5872583044124938,4034,907473000.0
136490,4903,9.905894006934126,92.0,4.943153732082095,L,shallow,L-shallow,True,10.0,0.8590993500464252,10155.0,9.847365829640571,1.905568019579849,0.5315113196002448,4903,1327194000.0
136540,2585,17.391304347826086,9.0,8.691873098651826,L,shallow,L-shallow,True,10.0,0.8417203042715038,11500.0,8.695652173913043,2.713733075435203,0.39574468085106385,2585,195032000.0
137080,699,65.93406593406593,19.0,21.9780219780219,H,shallow,H-shallow,True,5.0,0.7548771676300579,4547.5,10.995052226498077,6.0629470672389125,0.058655221745350504,699,66671000.0
137310,8583,12.99545159194282,447.0,0.0,L,deep,L-deep,True,10.0,0.9030918727915195,7705.0,12.978585334198572,1.19524697110904,0.8863000931966449,8584,1361384000.0
137400,13651,10.712372790573111,92.0,5.344735435596215,L,shallow,L-shallow,True,50.0,0.964771034996277,46775.0,10.689470871191876,1.3265455610899501,0.752124230881922,13652,5361329000.0
137940,693,94.7867298578199,2371.0,23.866348448686736,H,deep,H-deep,True,1.0,0.8265567765567765,209.5,47.7326968973747,2.0216450216450217,0.2611832611832612,693,21618000.0
137950,8446,25.03128911138924,264.0,12.437810945273853,M,deep,M-deep,True,5.0,0.827952332596619,4082.5,12.24739742804654,2.7041553214158873,0.3426068426660353,8447,3954685000.0
138040,17726,9.03750564844103,171.0,0.0,L,deep,L-deep,True,100.0,0.9367222285649047,110750.0,9.029345372460496,1.2316935574861785,0.8549024032494641,17726,28033688000.0
138070,909,123.3183856502242,11.0,17.1477565018574,H,shallow,H-shallow,True,1.0,0.6430355160932297,1772.5,5.6417489421720735,23.45214521452145,0.011001100110011002,909,53497000.0
138080,37362,14.609203798392988,150.0,7.0621468926557185,L,shallow,L-shallow,True,50.0,0.921299617003424,34475.0,14.5032632342277,1.3756323438880116,0.7748186611707395,37361,40421987000.0
138360,3207,40.852057192880075,399.0,14.615609470916002,H,deep,H-deep,True,1.0,0.5851808176100629,1709.0,5.851375073142188,7.3417524165887125,0.0832553788587465,3207,706265000.0
138490,3118,22.197558268590456,15.0,14.958863126401933,M,shallow,M-shallow,True,10.0,0.6453253673502342,13545.0,7.382798080472499,4.448685054522129,0.24919820397690828,3118,1117395000.0
138610,3665,33.11258278145695,50.0,16.515276630884035,H,shallow,H-shallow,True,50.0,0.9183744115203545,30050.0,16.638935108153078,2.094952251023192,0.40463847203274217,3665,1513430000.0
138930,18486,5.502063273727647,793.0,0.0,L,deep,L-deep,True,10.0,0.8151505208760561,18205.0,5.492996429552321,1.8864005193119118,0.690252082657146,18486,10929093000.0
139130,14535,6.033182503770739,389.0,0.0,L,deep,L-deep,True,10.0,0.7493749782978576,16595.0,6.0259114191021395,1.8055727554179566,0.704437564499484,14535,6367581000.0
139480,17327,10.655301012253595,203.0,0.0,L,deep,L-deep,True,100.0,0.8808122596433982,93950.0,10.643959552953698,1.1842788711259884,0.8494257517169735,17327,22892630000.0
139670,797,36.524915210018264,167.0,18.21493624772352,H,deep,H-deep,True,1.0,0.6137532133676092,1924.0,5.197505197505198,14.365119196988708,0.030112923462986198,797,24930000.0
139990,1455,32.84072249589491,661.0,8.244023083263663,H,deep,H-deep,True,5.0,0.8912816950329976,3030.0,16.501650165016503,1.5890034364261167,0.4652920962199313,1455,86907000.0
140070,1098,15.232292460015232,1021.0,7.658922644880883,L,deep,L-deep,True,1.0,0.6342936802973977,1959.0,5.104645227156713,3.4153005464480874,0.17395264116575593,1098,71736000.0
140410,25725,9.203865623561896,28.0,9.033423667570428,L,shallow,L-shallow,True,100.0,0.8685043678789892,110650.0,9.03750564844103,1.985072886297376,0.5402137998056366,25725,36044032000.0
140430,1305,45.76659038901602,490.0,15.467904098993568,H,deep,H-deep,True,1.0,0.8270501360279829,647.0,15.455950540958268,2.7302681992337163,0.23754789272030652,1305,70396000.0
140520,480,24.539877300613497,355.0,12.23990208078396,M,deep,M-deep,True,5.0,0.8458686440677966,2037.5,24.539877300613497,1.2604166666666667,0.7916666666666666,480,20174000.0
140670,9043,11.179429849077698,100.0,5.499037668408313,L,shallow,L-shallow,True,10.0,0.7885954649284083,18190.0,5.497526113249038,3.0576136237974123,0.29746765453942275,9043,4286751000.0
140860,16151,19.98001998001998,27.0,0.0,M,shallow,M-shallow,True,500.0,0.9821646103389037,251250.0,19.90049751243781,1.160661218424963,0.8527736503219415,16152,12102021000.0
141000,1538,34.14911781445646,29.0,22.707921216469362,H,shallow,H-shallow,True,10.0,0.75,8795.0,11.370096645821489,3.4310793237971393,0.23472041612483746,1538,323575000.0
141080,40649,5.111167901865576,59.0,2.541296060991627,L,shallow,L-shallow,True,100.0,0.6713210733488135,197850.0,5.0543340914834465,2.551231272602032,0.5315751925016605,40649,75953657000.0
142210,5648,35.90664272890485,361.0,9.01713255184955,H,deep,H-deep,True,10.0,0.9015504570711597,5545.0,18.034265103697024,2.043555240793201,0.3638456090651558,5648,1476792000.0
142280,1107,28.089887640449437,185.0,7.032348804500987,M,deep,M-deep,True,5.0,0.7547814207650273,3565.0,14.025245441795231,2.6820234869015356,0.3568202348690154,1107,124893000.0
142760,2043,61.25574272588055,204.0,15.420200462605838,H,deep,H-deep,True,1.0,0.7974691358024691,645.0,15.503875968992247,3.5981399902104747,0.09495839451786588,2043,73756000.0
143160,1174,22.29654403567447,14.0,11.220196353436407,M,shallow,M-shallow,True,10.0,0.531021111589832,17870.0,5.595970900951316,5.436115843270869,0.05706984667802385,1174,118607000.0
143210,524,48.899755501222494,12.0,14.655593551539114,H,shallow,H-shallow,True,1.0,0.6650294695481336,1026.0,9.746588693957115,5.729007633587786,0.08778625954198473,524,19037000.0
143240,2109,21.652832912306025,31.0,3.6192544335866828,M,shallow,M-shallow,True,10.0,0.722706641184902,13835.0,7.228044813877847,3.100521574205785,0.20815552394499762,2109,110922000.0
143540,1711,26.607538802660756,207.0,13.20422535211252,M,deep,M-deep,True,1.0,0.8043123888559573,1143.0,8.748906386701663,4.203974284044419,0.1858562244301578,1711,114156000.0
144510,5559,19.249278152069298,112.0,9.596928982725794,M,shallow,M-shallow,True,50.0,0.8610783334846147,26225.0,19.065776930409914,1.6346465191581219,0.535887749595251,5559,2611207000.0
144960,2804,35.650623885918,181.0,8.96057347670176,H,deep,H-deep,True,10.0,0.9047769550297995,5590.0,17.88908765652952,2.0263814616755793,0.3700534759358289,2805,540983000.0
145020,11658,20.72538860103627,102.0,0.0,M,shallow,M-shallow,True,500.0,0.9907892458221491,242250.0,20.639834881320947,1.2765482930176704,0.7691713844570253,11658,9958077000.0
145170,1081,26.7379679144385,64.0,13.333333333334085,M,shallow,M-shallow,True,5.0,0.861592505854801,3737.5,13.377926421404682,2.240518038852914,0.40888066604995377,1081,95289000.0
145210,2951,73.80073800738008,1260.0,38.83495145631022,H,deep,H-deep,True,1.0,0.8859748647233374,257.5,38.83495145631068,2.124703490342257,0.4689935615045747,2951,335094000.0
145720,4760,18.921475875118258,48.0,9.372071227741197,M,shallow,M-shallow,True,100.0,0.958760136577038,53250.0,18.779342723004696,1.428781512605042,0.6796218487394958,4760,1503637000.0
145990,2687,21.85792349726776,9.0,10.79913606911398,M,shallow,M-shallow,True,50.0,0.7058933933933934,45875.0,10.899182561307903,2.583922590249349,0.19166356531447712,2687,599680000.0
146060,1175,50.5369551484523,82.0,12.578616352201255,H,shallow,H-shallow,True,1.0,0.7425838349097162,1589.0,6.293266205160479,8.834893617021276,0.07829787234042553,1175,125784000.0
146320,2494,41.594499049405904,27.0,17.55617977528101,H,shallow,H-shallow,True,10.0,0.6259168704156479,14165.0,7.059654076950229,6.733466933867735,0.10501002004008016,2495,440268000.0
147760,920,38.6349001931745,77.0,19.023462270133518,H,shallow,H-shallow,True,5.0,0.6339434276206323,3945.0,12.674271229404308,4.430434782608696,0.18043478260869567,920,62785000.0
147830,5410,26.385224274406333,209.5,12.974376973194923,M,deep,M-deep,True,10.0,0.9295475746268657,7595.0,13.166556945358789,2.2632162661737523,0.31386321626617375,5410,2143723000.0
148150,3283,11.117287381878821,325.0,5.549389567147678,L,deep,L-deep,True,5.0,0.8996535796766744,4505.0,11.098779134295228,1.561072190070058,0.7398720682302772,3283,455834000.0
148250,4359,28.571428571428573,127.0,14.892032762472418,M,shallow,M-shallow,True,5.0,0.7432063639530833,3450.0,14.492753623188406,2.075934847442074,0.4530855700848819,4359,1060661000.0
148780,1605,42.68032437046522,496.0,12.831479897348341,H,deep,H-deep,True,1.0,0.7164308176100629,1169.0,8.55431993156544,5.200623052959502,0.09781931464174455,1605,204866000.0
148930,276,17.590149516270888,100.0,17.621145374449032,L,shallow,L-shallow,True,5.0,0.8675373134328358,2847.5,17.559262510974538,2.0579710144927534,0.6340579710144928,276,10965000.0
149950,1968,31.201248049921997,54.0,15.487867836860847,M,shallow,M-shallow,True,10.0,0.7135003835336231,9595.0,10.422094841063053,3.1280487804878048,0.1991869918699187,1968,330132000.0
150900,724,28.40909090909091,336.0,7.142857142856673,M,deep,M-deep,True,5.0,0.6049929178470255,3502.5,14.275517487508923,2.117403314917127,0.4281767955801105,724,40529000.0
151860,2999,33.00330033003301,366.0,8.285004142501995,H,deep,H-deep,True,10.0,0.9650533085124386,6050.0,16.52892561983471,2.1083333333333334,0.372,3000,637525000.0
153460,633,61.06870229007634,14.0,54.179566563467006,H,shallow,H-shallow,True,10.0,0.7107287449392713,6395.0,15.63721657544957,4.088467614533966,0.2401263823064771,633,113090000.0
153490,1080,50.76142131979695,18.0,19.292604501608412,H,shallow,H-shallow,True,1.0,0.7575400565504241,780.0,12.820512820512821,4.17037037037037,0.19907407407407407,1080,29463000.0
153710,731,58.88125613346418,59.0,29.469548133596035,H,shallow,H-shallow,True,10.0,0.7696251768033946,5100.0,19.607843137254903,5.170998632010944,0.17373461012311903,731,44265000.0
154030,2111,23.28288707799767,558.0,11.560693641619046,M,deep,M-deep,True,5.0,0.8875299760191847,2172.5,23.014959723820482,1.45781990521327,0.6417061611374407,2110,350386000.0
154040,701,46.62004662004662,399.0,18.49283402681423,H,deep,H-deep,True,1.0,0.6843267108167771,1075.5,9.298000929800093,9.196861626248216,0.1768901569186876,701,46191000.0
155650,873,27.972027972027973,108.0,13.86962552011095,M,shallow,M-shallow,True,5.0,0.8263929618768329,3600.0,13.88888888888889,2.6368843069873997,0.16265750286368844,873,112130000.0
155660,976,24.449877750611247,315.5,6.165228113439447,M,deep,M-deep,True,5.0,0.8415841584158416,4092.5,12.217470983506415,2.2735655737704916,0.25922131147540983,976,110456000.0
156100,5654,20.811654526534863,207.0,10.432968179446833,M,deep,M-deep,True,10.0,0.7682655513037288,9610.0,10.405827263267431,2.270074283692961,0.30014149274849666,5654,2293467000.0
158430,4280,15.186028853454822,208.0,14.82579688658281,L,deep,L-deep,True,10.0,0.9488522068394273,6615.0,15.117157974300833,1.7069408740359897,0.5389109605047908,4279,1646569000.0
159010,2216,20.70393374741201,40.0,15.535991714137332,M,shallow,M-shallow,True,5.0,0.5945761166818596,4887.5,10.23017902813299,3.18456678700361,0.2901624548736462,2216,305397000.0
159580,933,54.42176870748299,54.0,13.670539986330166,H,shallow,H-shallow,True,5.0,0.7436847885777046,3660.0,13.66120218579235,3.9817792068595925,0.1489817792068596,933,58555000.0
159910,1222,71.07320540156361,299.0,28.388928317956143,H,deep,H-deep,True,1.0,0.697265625,698.0,14.326647564469914,6.4500818330605565,0.12029459901800327,1222,139940000.0
160190,13860,18.814675446848543,219.0,0.0,M,deep,M-deep,True,100.0,0.9398634837202511,53250.0,18.779342723004696,1.1466089466089466,0.8787878787878788,13860,5556606000.0
160550,1303,39.62637984715539,136.0,13.974287311346867,H,deep,H-deep,True,1.0,0.6974961180124224,1781.5,5.613247263541959,7.980046047582502,0.09746738296239447,1303,59003000.0
160980,5441,24.30133657351154,301.0,11.961722488038617,M,deep,M-deep,True,50.0,0.972875938108033,20950.0,23.86634844868735,1.6423451571402317,0.5113030692887337,5441,3942325000.0
161000,4153,20.66115702479339,66.0,10.055304172951196,M,shallow,M-shallow,True,10.0,0.7329351535836177,9690.0,10.319917440660474,2.3960992053936914,0.32482542740187814,4153,874842000.0
161390,20423,18.501387604070306,735.0,0.0,M,deep,M-deep,True,100.0,0.9893806079586409,54100.0,18.484288354898336,1.1686906277543825,0.8618646557633924,20422,16950851000.0
161580,11368,11.092623405435386,94.0,5.5340343110121815,L,shallow,L-shallow,True,50.0,0.9368192209422206,45325.0,11.031439602868176,1.4212702322308233,0.7133180858550316,11368,5958141000.0
161890,10771,14.378145219266715,161.0,7.102272727272929,L,deep,L-deep,True,100.0,0.9926722720653859,69650.0,14.357501794687725,1.2968808020794653,0.7671741552172299,10772,7274753000.0
162300,508,30.53435114503817,210.0,12.236157846436392,M,deep,M-deep,True,1.0,0.552710843373494,1632.5,6.125574272588055,8.789370078740157,0.2283464566929134,508,20975000.0
163280,3035,31.496062992125985,96.0,7.949125596184992,M,shallow,M-shallow,True,10.0,0.8616464528991526,6340.0,15.772870662460567,2.1354200988467875,0.4154859967051071,3035,556644000.0
163560,1341,29.76190476190476,100.0,14.63057790782707,M,shallow,M-shallow,True,10.0,0.8939135381114903,6750.0,14.814814814814815,2.604772557792692,0.23639075316927666,1341,534163000.0
163730,1804,41.23711340206186,71.0,10.341261633919352,H,shallow,H-shallow,True,10.0,0.8276685393258427,9705.0,10.303967027305513,4.234478935698448,0.09866962305986696,1804,338453000.0
166090,26007,16.380016380016382,97.0,8.143322475570036,L,shallow,L-shallow,True,100.0,0.9633296609841896,61450.0,16.273393002441008,1.366016841619564,0.695581958703426,26007,14996562000.0
166480,2940,38.095238095238095,245.0,18.92147587511772,H,deep,H-deep,True,5.0,0.8143958868894602,2637.5,18.95734597156398,2.396938775510204,0.3268707482993197,2940,787937000.0
168330,1676,38.98635477582846,45.0,19.28640308582419,H,shallow,H-shallow,True,5.0,0.7062443710597418,2565.0,19.49317738791423,2.2130071599045347,0.3287589498806683,1676,64218000.0
168360,6232,21.85792349726776,141.0,10.893246187364536,M,deep,M-deep,True,50.0,0.9589433870180576,23075.0,21.668472372697725,1.5580872913992299,0.5576059050064185,6232,5185659000.0
169330,1389,197.8136387298282,141.0,23.455824863174435,H,deep,H-deep,True,1.0,0.4963751699139103,1923.0,5.200208008320334,82.85313174946005,0.01511879049676026,1389,130327000.0
170030,1921,17.40644038294169,272.0,8.650519031141446,L,deep,L-deep,True,10.0,0.9011090573012939,5800.0,17.241379310344826,1.9078604893284747,0.5080687142113482,1921,368300000.0
170790,1359,34.66204506065858,40.0,17.361111111111605,H,shallow,H-shallow,True,10.0,0.7797307404637247,8565.0,11.675423234092236,2.7159676232523915,0.3237674760853569,1359,127203000.0
170900,2297,11.487650775416428,45.0,5.730659025788842,L,shallow,L-shallow,True,50.0,0.8728606356968215,43675.0,11.448196908986834,1.4250871080139373,0.6655052264808362,2296,664662000.0
170920,6852,41.40786749482402,215.0,20.59732234809486,H,deep,H-deep,True,50.0,0.9182087342709104,24125.0,20.72538860103627,2.0842089900758904,0.3504086398131932,6852,9393825000.0
171010,979,59.25925925925926,84.0,22.25519287833766,H,shallow,H-shallow,True,5.0,0.6277980218636127,3360.0,14.88095238095238,4.5801838610827375,0.07150153217568948,979,84901000.0
171090,19672,8.94854586129754,52.0,8.661758336941938,L,shallow,L-shallow,True,100.0,0.8775737268844157,112750.0,8.869179600886918,1.8006811712078081,0.5380235868239122,19672,16672416000.0
171120,1409,47.39336492890995,439.0,11.918951132301459,H,deep,H-deep,True,5.0,0.9182657494569153,2100.0,23.80952380952381,1.9332860184528033,0.45138396025550037,1409,143744000.0
172670,2451,36.56307129798903,56.0,17.55155770074568,H,shallow,H-shallow,True,10.0,0.684693036670787,11070.0,9.033423667570009,4.996736026111791,0.127702978376173,2451,786665000.0
173130,1738,27.3224043715847,93.0,13.66120218579181,M,shallow,M-shallow,True,10.0,0.862351406204697,7345.0,13.614703880190605,2.440736478711162,0.32163406214039125,1738,484395000.0
173940,469,27.100271002710027,30.0,20.053475935828402,M,shallow,M-shallow,True,5.0,0.7557692307692307,3747.5,13.3422281521014,2.961620469083156,0.21535181236673773,469,39207000.0
174900,29003,11.54068090017311,130.0,10.970927043335577,L,shallow,L-shallow,True,100.0,0.8744170726210495,91450.0,10.934937124111535,2.0003103127262696,0.510912664207151,29003,79874417000.0
175140,2592,38.33865814696486,176.5,19.206145966709776,H,deep,H-deep,True,5.0,0.7469357976653697,3905.0,12.804097311139564,3.2457561728395063,0.2179783950617284,2592,895497000.0
175330,16243,16.93480101608806,1151.0,0.0,L,deep,L-deep,True,50.0,0.9766602202189713,29575.0,16.9061707523246,1.165117281290402,0.9028504586591147,16243,12711498000.0
176750,1087,31.104199066874028,30.0,15.756302521008347,M,shallow,M-shallow,True,10.0,0.702048417132216,9480.0,10.548523206751055,3.606255749770009,0.26494940202391903,1087,148868000.0
177350,2232,46.49000464900047,112.0,9.310986964619072,H,deep,H-deep,True,1.0,0.5739238224025243,1076.0,9.293680297397769,5.860663082437276,0.1057347670250896,2232,135303000.0
177830,878,36.29764065335753,56.0,18.16530426884677,H,shallow,H-shallow,True,5.0,0.9213386727688787,2747.5,18.198362147406733,2.2699316628701594,0.42596810933940776,878,36706000.0
177900,1620,33.50083752093802,81.0,16.849199663016012,H,shallow,H-shallow,True,10.0,0.8285580815945188,5945.0,16.82085786375105,2.1703703703703705,0.40555555555555556,1620,193527000.0
178320,47870,10.887316276537835,320.0,0.0,L,deep,L-deep,True,50.0,0.992222327610737,45975.0,10.87547580206634,1.197514100689367,0.8409024441194903,47870,75380530000.0
178780,362,116.0541586073501,202.0,19.45525291828787,H,deep,H-deep,True,5.0,0.6864525139664804,2575.0,19.41747572815534,5.502762430939226,0.06906077348066299,362,26039000.0
178920,12943,10.41124414367517,92.0,5.142710208280166,L,shallow,L-shallow,True,10.0,0.7357781231785506,19360.0,5.1652892561983474,2.6494359449853193,0.33611497450162264,12942,4260493000.0
179290,2490,29.940119760479043,88.0,7.490636704119424,M,shallow,M-shallow,True,10.0,0.9224778213327831,6685.0,14.958863126402393,2.3180722891566266,0.3429718875502008,2490,278066000.0
179530,3691,49.35563476830271,70.0,18.711574445335888,H,shallow,H-shallow,True,1.0,0.6534626417156126,1750.5,5.712653527563553,9.166350582497968,0.12679490652939582,3691,827576000.0
179900,4205,23.33722287047841,127.0,11.587485515642815,M,shallow,M-shallow,True,50.0,0.8892267854992172,21750.0,22.988505747126435,1.6154577883472057,0.6009512485136742,4205,1820030000.0
180400,2031,33.802816901408455,85.0,17.094017094017033,H,shallow,H-shallow,True,5.0,0.7273690773067332,4420.0,11.312217194570136,3.4918759231905465,0.26637124569177745,2031,547771000.0
180640,9711,8.707009142359599,54.0,8.514261387824185,L,shallow,L-shallow,True,100.0,0.789210815333926,116950.0,8.550662676357417,2.154654036243822,0.5112232289950577,9712,7067638000.0
181710,8258,12.911555842479018,81.0,6.455777921239303,L,shallow,L-shallow,True,50.0,0.8848206660973527,38875.0,12.861736334405146,1.532937757326229,0.6306611770404457,8258,2768665000.0
182360,2236,18.115942028985508,53.0,9.086778736937529,L,shallow,L-shallow,True,10.0,0.6866395847438501,11030.0,9.066183136899365,2.8121645796064403,0.4271019677996422,2236,231827000.0
183190,4541,16.680567139282736,30.0,8.43525938422518,L,shallow,L-shallow,True,10.0,0.6615478434416232,11850.0,8.438818565400844,2.1389561770535126,0.49680687073331864,4541,616909000.0
183300,14085,18.050541516245488,28.0,9.033423667570428,L,shallow,L-shallow,True,100.0,0.80638761795825,111100.0,9.000900090009,2.4966986155484556,0.37607383741569045,14085,8742939000.0
183490,5551,18.76172607879925,728.0,9.14076782449813,M,deep,M-deep,True,1.0,0.8546919086192774,1076.5,9.289363678588018,2.8371464600972796,0.2896775355791749,5551,684588000.0
184230,1092,35.1493848857645,1285.0,17.436791630340842,H,deep,H-deep,True,1.0,0.9368347987043035,572.5,17.467248908296945,2.4661172161172162,0.23717948717948717,1092,107424000.0
185490,1761,62.047569803516026,72.0,20.611473720371087,H,shallow,H-shallow,True,1.0,0.5991404011461318,1476.0,6.775067750677507,9.675184554230551,0.027825099375354913,1761,206758000.0
185750,8647,11.554015020219525,43.0,5.760368663594306,L,shallow,L-shallow,True,100.0,0.9033811475409836,86700.0,11.534025374855824,1.483113578533426,0.6991672449687717,8646,3238840000.0
186230,3278,10.643959552953698,291.0,5.339028296849069,L,deep,L-deep,True,5.0,0.7828835774865073,4712.5,10.610079575596815,1.4380719951189749,0.6924954240390482,3278,249147000.0
187220,23598,32.62642740619902,690.0,8.250825082507518,H,deep,H-deep,True,5.0,0.8894545880149812,3045.0,16.420361247947454,2.0761081447580305,0.4083396898042207,23598,6966472000.0
187270,726,28.81844380403458,241.0,14.357501794688421,M,deep,M-deep,True,5.0,0.8114898102600141,3477.5,14.378145219266715,2.78099173553719,0.2066115702479339,726,58429000.0
187420,2211,37.80718336483932,425.0,18.885741265344258,H,deep,H-deep,True,5.0,0.8067897015265436,2622.5,19.065776930409914,2.0551786521935775,0.40117593848937133,2211,299549000.0
187660,99918,5.84966364434045,391.0,5.349023803156161,L,deep,L-deep,True,10.0,0.8885193006857125,17325.0,5.772005772005772,1.629646309974179,0.6869432935006705,99918,157607184000.0
187790,4022,44.79283314669653,277.0,11.45147531589119,H,deep,H-deep,True,5.0,0.7266232138380546,4412.5,11.331444759206798,4.221531576330184,0.15589259075087022,4022,1372784000.0
187870,3128,28.368794326241137,57.0,14.208581983518043,M,shallow,M-shallow,True,10.0,0.5406911028580655,17555.0,5.696382796923953,4.898017902813299,0.09462915601023018,3128,473699000.0
188040,625,48.661800486618006,28.0,24.252223120453387,H,shallow,H-shallow,True,10.0,0.7883211678832117,6210.0,16.10305958132045,3.6304,0.1824,625,65622000.0
188260,25481,24.72187886279357,356.0,14.396775122372807,M,deep,M-deep,True,5.0,0.5215236498120892,2042.5,24.479804161566705,1.6249126800361053,0.31235037871355126,25481,7592512000.0
189300,24530,7.499062617172854,71.0,3.645643456069436,L,shallow,L-shallow,True,100.0,0.8752899517602382,137850.0,7.254261878853827,1.5942111699959234,0.6659192825112108,24530,23042271000.0
189330,2266,56.27462014631401,46.0,23.161551823971394,H,shallow,H-shallow,True,5.0,0.6833147942157953,4427.5,11.29305477131564,5.367166813768756,0.10723742277140336,2266,434157000.0
189690,966,25.8732212160414,152.5,10.343935867598297,M,deep,M-deep,True,1.0,0.5260169043845747,1929.5,5.182689816014512,5.090062111801243,0.19358178053830227,966,25830000.0
189860,8588,30.441400304414003,190.0,15.098137896326635,M,deep,M-deep,True,5.0,0.7602780242531796,4792.5,10.432968179447052,3.076618537494178,0.2555891942244993,8588,3443892000.0
189980,3337,23.894862604540023,36.0,6.000600060005468,M,shallow,M-shallow,True,1.0,0.8072403335860501,1674.5,5.971931919976113,4.920287683548097,0.30116871441414444,3337,210608000.0
190510,5724,5.430355688297583,4.0,5.412719891745299,L,shallow,L-shallow,True,10.0,0.7601874669952473,18550.0,5.3908355795148255,2.317959468902865,0.5110062893081762,5724,871690000.0
190650,1388,23.752969121140143,39.0,17.730496453900457,M,shallow,M-shallow,True,10.0,0.7477106227106227,8370.0,11.947431302270012,2.329971181556196,0.3926512968299712,1388,210265000.0
191410,2159,56.12722170252572,125.0,19.66568338249708,H,deep,H-deep,True,5.0,0.8722391917293233,2580.0,19.37984496124031,2.729504400185271,0.24502084298286245,2159,521949000.0
191420,2252,15.08295625942685,7.0,15.068751711874718,L,shallow,L-shallow,True,10.0,0.6445207020702071,13285.0,7.527286413248024,3.831261101243339,0.411190053285968,2252,232982000.0
192080,6238,19.940179461615152,64.0,5.012531328321135,M,shallow,M-shallow,True,100.0,0.488724853990915,50025.0,19.99000499750125,1.1468419365181148,0.40990702148124397,6238,2047483000.0
192250,1612,29.688273132112815,34.0,9.903442052972,M,shallow,M-shallow,True,10.0,0.8129118293065579,10150.0,9.852216748768472,3.970223325062035,0.22518610421836227,1612,171022000.0
192390,424,48.661800486618006,67.0,36.58536585365857,H,shallow,H-shallow,True,5.0,0.7533333333333333,2050.0,24.390243902439025,2.5872641509433962,0.33254716981132076,424,26490000.0
192400,1552,52.67778753292362,127.5,8.841732979664174,H,deep,H-deep,True,50.0,0.8563603662524526,28300.0,17.6678445229682,2.494201030927835,0.18363402061855671,1552,385671000.0
192440,728,40.81632653061225,59.0,10.214504596527396,H,shallow,H-shallow,True,50.0,0.802713987473904,24500.0,20.408163265306126,2.2362637362637363,0.30494505494505497,728,223543000.0
192650,8956,14.48225923244026,257.0,7.204610951008217,L,deep,L-deep,True,10.0,0.9523314022160977,6930.0,14.43001443001443,1.4311076373380973,0.6576596694953104,8956,2015177000.0
192820,11813,5.832604257801108,193.0,0.0,L,deep,L-deep,True,100.0,0.8119546621043627,171650.0,5.825808330905913,1.5366122068907135,0.8011512740201473,11813,7898361000.0
193250,1650,78.43137254901961,188.0,39.55176405560701,H,deep,H-deep,True,1.0,0.7738476312419974,382.0,26.17801047120419,3.681212121212121,0.22484848484848485,1650,94120000.0
194370,4070,16.488046166529266,46.5,8.206811653672652,L,shallow,L-shallow,True,10.0,0.8269663623858947,12160.0,8.223684210526315,2.685580938344387,0.3991648243674773,4071,582360000.0
194480,13637,11.940298507462687,93.0,6.009615384615641,L,shallow,L-shallow,True,50.0,0.9281903068030236,42575.0,11.743981209630064,1.7710640170125393,0.5141893378309013,13637,10384107000.0
194700,3809,15.037593984962406,56.0,7.515971439309155,L,shallow,L-shallow,True,10.0,0.7366207444694661,13290.0,7.524454477050414,2.574954056182725,0.3927540036755054,3809,897779000.0
195500,691,18.63932898415657,544.0,9.302325581395099,M,deep,M-deep,True,5.0,0.7950483991064781,2687.5,18.6046511627907,1.5716353111432706,0.573082489146165,691,67864000.0
195870,10950,37.174721189591075,32.0,9.50570342205248,H,shallow,H-shallow,True,100.0,0.955416283348666,52850.0,18.921475875118258,1.7657534246575342,0.4477625570776256,10950,4631384000.0
195940,8028,19.743336623889437,172.0,5.037783375314575,M,deep,M-deep,True,50.0,0.7172415971695729,49775.0,10.045203415369162,1.7665670154459392,0.4928998505231689,8028,5411749000.0
195990,246,27.839749380251682,630.5,88.82521489971373,M,deep,M-deep,True,1.0,0.3553530751708428,1745.0,5.730659025787965,8.707317073170731,0.2967479674796748,246,2986550000.0
196170,37289,14.134275618374557,410.0,0.0,L,deep,L-deep,True,500.0,0.9995080891998251,353750.0,14.134275618374557,1.0286411542277885,0.9732897101021749,37289,67078794000.0
196300,1495,57.55395683453238,31.0,28.797696184306165,H,shallow,H-shallow,True,10.0,0.722849915682968,6925.0,14.440433212996389,4.128428093645485,0.16789297658862876,1495,349973000.0
196450,25149,39.603960396039604,255.0,2.8433323855558967,H,deep,H-deep,True,1.0,0.7093162734906038,1786.0,5.599104143337066,7.664996620143942,0.08052010020279136,25149,5133040000.0
196700,1613,43.47826086956522,128.0,21.39037433155133,H,deep,H-deep,True,5.0,0.8259055118110237,2312.5,21.62162162162162,2.416615003099814,0.2975821450712957,1613,275048000.0
197140,423,283.37061894108876,91.0,19.622271277901504,H,shallow,H-shallow,True,5.0,0.325,2011.5,24.85707183693761,14.367848699763595,0.0,423,4694000.0
198080,1623,21.436227224008576,210.0,10.570824524311906,M,deep,M-deep,True,5.0,0.8942879499217528,2365.0,21.141649048625794,1.578558225508318,0.5064695009242144,1623,180145000.0
198440,1035,38.167938931297705,90.0,4.755111745126106,H,shallow,H-shallow,True,1.0,0.8173837784371909,1052.0,9.505703422053232,4.647342995169082,0.12173913043478261,1035,72725000.0
198940,1026,43.891733723482076,84.0,14.63057790782707,H,shallow,H-shallow,True,1.0,0.8406418422341989,681.0,14.684287812041115,2.9707602339181287,0.35185185185185186,1026,72444000.0
199430,6687,20.222446916076848,148.0,9.910802775023875,M,deep,M-deep,True,50.0,0.9463390551420325,24775.0,20.181634712411707,1.3156871541797517,0.7453267534021235,6687,2539184000.0
199480,1117,32.59098316132537,23.0,16.286644951140072,H,shallow,H-shallow,True,5.0,0.664695177434031,4612.5,10.840108401084011,3.4261414503133394,0.170993733213966,1117,81707000.0
199550,759,57.63688760806916,26.0,19.398642095054264,H,shallow,H-shallow,True,10.0,0.7602006688963211,5170.0,19.342359767891683,2.932806324110672,0.16469038208168643,759,61967000.0
199730,971,37.80718336483932,43.0,12.812299807816174,H,shallow,H-shallow,True,5.0,0.8712754835337166,3902.5,12.812299807815503,3.624098867147271,0.32646755921730175,971,45074000.0
199800,2363,20.68252326783868,50.0,15.282730514518672,M,shallow,M-shallow,True,50.0,0.6239032741279692,48600.0,10.2880658436214,2.7782479898434196,0.2179432924248836,2363,899853000.0
199820,10713,19.21229586935639,143.0,9.306654257794644,M,deep,M-deep,True,10.0,0.900478344879589,10430.0,9.587727708533077,2.3830859703164378,0.3767385419583683,10713,5049582000.0
200130,6963,8.514261387824606,71.0,8.421052631578663,L,shallow,L-shallow,True,10.0,0.8015452698781196,11765.0,8.499787505312367,1.566422519029154,0.7175068217722246,6963,864740000.0
200230,2180,26.455026455026452,737.0,6.618133686300265,M,deep,M-deep,True,1.0,0.8091801385681293,762.5,13.114754098360656,2.4206422018348626,0.3119266055045872,2180,217621000.0
200350,3462,32.6619488296135,95.0,16.15944097821842,H,shallow,H-shallow,True,5.0,0.7734943264474833,4622.5,10.81665765278529,3.782206816868862,0.21779318313113807,3462,330746000.0
200470,14528,13.764624913971094,474.0,6.8166325835039565,L,deep,L-deep,True,10.0,0.9207389025786971,7525.0,13.289036544850498,1.7782901982378854,0.5289096916299559,14528,7954158000.0
200670,4488,27.548209366391184,103.0,6.901311249136732,M,shallow,M-shallow,True,50.0,0.8463374901696439,36275.0,13.783597518952446,2.071524064171123,0.35650623885918004,4488,989453000.0
200710,9931,20.768431983385256,74.0,10.368066355623817,M,shallow,M-shallow,True,50.0,0.8474811532192339,47575.0,10.509721492380452,1.8699023260497432,0.4769912395529151,9931,6627734000.0
200780,1334,30.53435114503817,107.0,10.147133434805777,M,shallow,M-shallow,True,5.0,0.5652173913043478,4940.0,10.121457489878543,3.5517241379310347,0.10269865067466268,1334,73826000.0
200880,7275,14.044943820224718,69.0,3.6062026685901305,L,shallow,L-shallow,True,10.0,0.8783948044731541,13975.0,7.155635062611807,2.1370446735395188,0.47917525773195874,7275,1584152000.0
201490,2627,46.11837048424289,350.0,15.37279016141424,H,deep,H-deep,True,5.0,0.788852332107606,3245.0,15.408320493066256,3.1537875904073087,0.1655881233346022,2627,747133000.0
203400,4515,32.948929159802304,598.0,16.40689089417502,H,deep,H-deep,True,5.0,0.870110330992979,3032.5,16.488046166529266,2.1408637873754155,0.36079734219269105,4515,1807662000.0
203450,887,48.661800486618006,244.0,16.207455429497752,H,deep,H-deep,True,5.0,0.8830409356725146,3072.5,16.273393002441008,3.2671927846674182,0.12852311161217586,887,50819000.0
203650,2547,25.641025641025642,395.0,6.4102564102563875,M,deep,M-deep,True,1.0,0.6887472831456234,1545.0,6.472491909385114,4.638005496662741,0.19159795838241067,2547,256915000.0
204020,958,65.31022356191912,307.0,5.022601707684871,H,deep,H-deep,True,1.0,0.476303317535545,1991.0,5.022601707684581,11.485386221294362,0.03549060542797495,958,74359000.0
204270,9999,11.254924029262803,71.0,5.676979846720442,L,shallow,L-shallow,True,10.0,0.7831624924257725,17660.0,5.662514156285391,2.666166616661666,0.46074607460746075,9999,4835644000.0
204320,23624,19.665683382497544,609.0,0.0,M,deep,M-deep,True,100.0,0.9945598576451419,50850.0,19.665683382497544,1.1049401007492698,0.910341616221479,23623,12360423000.0
204610,4737,19.21229586935639,484.0,9.680542110357404,M,deep,M-deep,True,5.0,0.8794862208929716,2700.0,18.51851851851852,1.8446274013088453,0.517627190204771,4737,1365599000.0
204620,8164,11.757789535567314,197.0,5.908420013432947,L,deep,L-deep,True,5.0,0.8841189155884165,4272.5,11.702750146284377,1.5981136697697207,0.6576433121019108,8164,1692042000.0
204840,1141,54.89478499542543,322.0,13.793103448276334,H,deep,H-deep,True,1.0,0.7484608619173263,1089.0,9.182736455463727,5.52410166520596,0.06485539000876424,1141,252656000.0
205100,5841,10.38961038961039,400.0,5.230125523012497,L,deep,L-deep,True,1.0,0.7959284791038346,1924.0,5.197505197505198,3.047252182845403,0.41191576784797124,5841,1594989000.0
205470,4725,14.074595355383533,1436.0,7.027406886859211,L,deep,L-deep,True,1.0,0.8556386958845538,712.0,14.044943820224718,1.8055026455026455,0.5508994708994709,4725,455767000.0
205500,2988,20.484807101399795,134.0,13.445378151260012,M,shallow,M-shallow,True,1.0,0.7111567419575633,1484.0,6.738544474393532,5.294511378848728,0.24899598393574296,2988,160897000.0
206400,1528,85.63648631305668,117.0,23.605931384930166,H,deep,H-deep,True,1.0,0.6791390728476822,1242.0,8.051529790660226,12.68717277486911,0.04581151832460733,1528,125425000.0
206560,1805,31.29890453834116,106.0,15.735641227379027,M,shallow,M-shallow,True,5.0,0.8902183039462637,3165.0,15.797788309636651,2.0537396121883655,0.49473684210526314,1805,118173000.0
206640,4260,7.9713033080908735,124.0,7.952286282306709,L,shallow,L-shallow,True,10.0,0.6895275870234431,12620.0,7.9239302694136295,2.225586854460094,0.5835680751173709,4260,1347648000.0
206650,7319,20.811654526534863,150.0,6.932409012131435,M,deep,M-deep,True,10.0,0.7950836675425252,14410.0,6.939625260235947,3.3270938652821425,0.20672222981281596,7319,3333481000.0
207760,3598,27.210884353741495,287.0,9.074410163338875,M,deep,M-deep,True,1.0,0.8825529230337866,1097.0,9.115770282588878,3.61284046692607,0.2979433018343524,3598,180175000.0
207940,20099,6.379585326953748,49.0,0.0,L,shallow,L-shallow,True,1000.0,0.9316005040957782,1568500.0,6.37551801083838,1.1953828548684013,0.9057664560425892,20099,46991273000.0
208140,1581,19.860973187686195,500.0,9.881422924901129,M,deep,M-deep,True,5.0,0.9979066022544283,2525.0,19.801980198019802,1.4104996837444654,0.6432637571157496,1581,134353000.0
208350,365,36.69724770642202,50.0,9.182736455464191,H,shallow,H-shallow,True,5.0,0.6539804469273743,2732.5,18.298261665141812,2.9753424657534246,0.29315068493150687,365,19089000.0
208370,6861,21.83406113537118,244.0,10.899182561308063,M,deep,M-deep,True,5.0,0.7923008718782326,4592.5,10.887316276537835,2.425448185395715,0.3518437545547296,6861,4305358000.0
208640,1115,102.0408163265306,1239.0,26.041666666666295,H,deep,H-deep,True,1.0,0.9455389492753623,192.5,51.94805194805195,1.6035874439461884,0.49955156950672647,1115,63565000.0
208710,726,31.03984276143801,19.0,12.981955301221703,M,shallow,M-shallow,True,1.0,0.5741127348643006,1925.0,5.194805194805195,8.473829201101928,0.11432506887052342,726,37835000.0
208860,921,28.530670470756064,46.0,10.721944245889459,M,shallow,M-shallow,True,1.0,0.6993688254665203,1411.5,7.0846617074034715,5.826275787187839,0.1563517915309446,921,48723000.0
209640,4981,36.92307692307692,250.0,12.40694789081953,H,deep,H-deep,True,5.0,0.8245614035087719,4012.5,12.461059190031154,2.9474001204577394,0.29190925516964467,4981,1340287000.0
210120,5388,49.20049200492005,300.0,20.570085218925005,H,deep,H-deep,True,1.0,0.6503315278296601,1687.0,5.927682276229993,9.843912397921306,0.07609502598366741,5388,2310419000.0
210540,2765,14.55604075691412,50.0,7.309941520468044,L,shallow,L-shallow,True,10.0,0.7159380692167577,13740.0,7.27802037845706,2.3435804701627485,0.28354430379746837,2765,625417000.0
210980,1581,22.279985146676566,102.0,11.131725417439231,M,shallow,M-shallow,True,10.0,0.8247117232543242,13455.0,7.432181345224824,3.739405439595193,0.275774826059456,1581,574496000.0
211050,10241,15.63721657544957,94.0,7.927070947284509,L,shallow,L-shallow,True,10.0,0.7279419005416051,12645.0,7.908264136022144,2.1369006932916705,0.48120300751879697,10241,2946404000.0
211270,8421,11.855364552459987,90.0,5.884083553986397,L,shallow,L-shallow,True,10.0,0.7618263473053892,17005.0,5.8806233460746835,3.2066262914143215,0.3808336302101888,8421,4075006000.0
212560,2572,25.412960609911057,118.0,12.586532410321372,M,shallow,M-shallow,True,10.0,0.8588551859099804,7937.5,12.598425196850393,2.8098755832037323,0.28032659409020216,2572,552047000.0
212710,2918,25.252525252525256,100.0,12.468827930174342,M,shallow,M-shallow,True,10.0,0.9008321775312067,7915.0,12.634238787113075,2.313228238519534,0.3999314599040439,2918,462903000.0
213420,33671,10.899182561307903,150.0,5.414185165133478,L,shallow,L-shallow,True,50.0,0.9709538114907998,46275.0,10.804970286331713,1.532535416233554,0.636660627839981,33671,29575270000.0
213500,2654,12.143290831815422,608.0,0.0,L,deep,L-deep,True,10.0,0.8991996951219512,8235.0,12.143290831815422,1.2312617702448212,0.8271186440677966,2655,436565000.0
214150,19086,19.175455417066154,306.0,0.0,M,deep,M-deep,True,100.0,0.9979683943035629,52250.0,19.138755980861244,1.1532012993817458,0.8579587131929163,19086,11137213000.0
214180,5718,23.952095808383234,299.0,11.820330969266601,M,deep,M-deep,True,50.0,0.9425350745610165,20975.0,23.837902264600714,1.3107729975515914,0.736446309898566,5718,2345841000.0
214260,1461,66.76204101096805,36.0,19.4836824159772,H,shallow,H-shallow,True,10.0,0.6646043917741373,10330.0,9.68054211035818,7.027378507871321,0.040383299110198494,1461,250971000.0
214270,4018,22.246941045606228,531.0,10.98901098901095,M,deep,M-deep,True,5.0,0.9606487301986422,2297.5,21.762785636561482,1.6485813837730214,0.5007466401194625,4018,1059126000.0
214320,7760,5.113781641523907,45.0,2.560819462228414,L,shallow,L-shallow,True,10.0,0.8329596412556054,19640.0,5.091649694501018,1.6590206185567011,0.5820876288659794,7760,1298601000.0
214330,2831,44.84304932735426,2034.0,22.62443438914019,H,deep,H-deep,True,1.0,0.9485923022095509,442.0,22.624434389140273,1.7975980219003886,0.4125750618156129,2831,513509000.0
214370,16194,8.707009142359599,29.0,8.587376556461468,L,shallow,L-shallow,True,100.0,0.8438403207259844,115550.0,8.654262224145391,1.869087316289984,0.5618747684327529,16194,10015823000.0
214390,917,36.63003663003663,35.0,9.208103130755596,H,shallow,H-shallow,True,10.0,0.792591564927858,5470.0,18.281535648994517,2.173391494002181,0.1984732824427481,917,93376000.0
214420,3258,28.735632183908045,61.0,14.388496655709515,M,shallow,M-shallow,True,10.0,0.8990032705186108,6915.0,14.461315979754158,1.8327707885854556,0.4710033752684873,3259,559782000.0
214430,5833,19.342359767891683,22.0,14.409221902016434,M,shallow,M-shallow,True,100.0,0.7549904530463462,102450.0,9.760858955588091,2.472312703583062,0.43596776958683353,5833,3214518000.0
214450,16627,16.299918500407497,158.0,0.0,L,deep,L-deep,True,500.0,0.9767597290154024,307750.0,16.246953696181965,1.239670415589102,0.7964756119564563,16627,18797237000.0
214610,749,38.98635477582846,40.0,9.842519685039353,H,shallow,H-shallow,True,5.0,0.745777027027027,2545.0,19.646365422396855,2.0253671562082776,0.47930574098798395,749,8167000.0
214680,3681,15.629070070330815,233.0,7.810466024472662,L,deep,L-deep,True,1.0,0.7434895833333334,1909.5,5.236973029588898,4.435479489269221,0.30752512904102147,3681,648967000.0
215000,5568,10.085728693898135,75.0,0.0,L,shallow,L-shallow,True,50.0,0.7131557414310392,49625.0,10.075566750629722,1.418103448275862,0.7702945402298851,5568,1014930000.0
215090,3084,33.222591362126245,233.0,16.488046166529546,H,deep,H-deep,True,5.0,0.8477011494252874,3002.5,16.65278934221482,2.002918287937743,0.4027237354085603,3084,833299000.0
215100,4896,26.666666666666664,255.0,6.761325219742931,M,deep,M-deep,True,10.0,0.9077101598762248,7415.0,13.486176668914363,1.9254493464052287,0.47487745098039214,4896,1050737000.0
215200,6837,22.753128555176335,27.0,5.8685446009398845,M,shallow,M-shallow,True,50.0,0.7820215196403567,42975.0,11.634671320535194,1.791575252303642,0.47842621032616645,6837,988977000.0
215360,1292,46.45760743321719,83.0,11.621150493899002,H,shallow,H-shallow,True,10.0,0.7751671254423909,8595.0,11.634671320535194,4.090557275541796,0.14318885448916407,1292,163154000.0
215380,16225,29.41176470588235,210.0,14.419610670511895,M,deep,M-deep,True,5.0,0.8136128572755705,3557.5,14.054813773717498,2.700893682588598,0.27975346687211095,16225,5953544000.0
215480,832,70.6713780918728,132.0,23.55712603062443,H,deep,H-deep,True,5.0,0.7889908256880734,2122.5,23.55712603062426,3.1177884615384617,0.24759615384615385,832,20244000.0
215600,6127,29.36857562408223,594.0,7.385524372230945,M,deep,M-deep,True,5.0,0.9276380670611439,3387.5,14.760147601476014,1.8276481149012567,0.4886567651379142,6127,1640425000.0
215790,5094,54.054054054054056,701.0,26.73796791443861,H,deep,H-deep,True,1.0,0.8283723245395719,375.5,26.63115845539281,2.6992540243423635,0.2640361209265803,5094,567765000.0
216050,1379,28.694404591104735,285.0,7.1787508973431,M,deep,M-deep,True,10.0,0.7657053637031594,6980.0,14.326647564469914,2.5786802030456855,0.3255982596084119,1379,145434000.0
216080,6360,11.940298507462687,281.0,11.813349084465186,L,deep,L-deep,True,10.0,0.7651820263760563,8455.0,11.827321111768185,1.8199685534591195,0.595125786163522,6360,2080821000.0
217190,2131,33.00330033003301,92.0,16.515276630884035,H,shallow,H-shallow,True,10.0,0.8726593979616023,6080.0,16.44736842105263,2.461285781323322,0.2970436414828719,2131,408710000.0
217270,2255,11.580775911986102,59.0,5.780346820809523,L,shallow,L-shallow,True,5.0,0.8354901511681173,4332.5,11.54068090017311,1.7104212860310422,0.6407982261640798,2255,231808000.0
217330,4865,21.459227467811157,250.0,10.700909577313622,M,deep,M-deep,True,5.0,0.7730191610564474,4657.5,10.735373054213634,2.3216855087358685,0.3897225077081192,4865,650456000.0
217500,2798,35.02626970227671,115.0,17.497812773403787,H,deep,H-deep,True,5.0,0.814312736443884,2857.5,17.497812773403325,2.1451036454610435,0.34667619728377413,2798,462509000.0
217590,25945,7.371913011426465,98.0,3.675119441381991,L,shallow,L-shallow,True,10.0,0.8687082167288557,13700.0,7.299270072992701,1.534304656182547,0.7220551958063521,25944,11565565000.0
217730,4504,39.8406374501992,638.0,19.94017946161497,H,deep,H-deep,True,5.0,0.8602150537634409,2502.5,19.98001998001998,2.1192273534635877,0.3812166962699822,4504,2492776000.0
217820,2894,30.441400304414003,364.0,7.633587786259888,M,deep,M-deep,True,5.0,0.9038461538461539,3302.5,15.14004542013626,2.2819626814098135,0.2926744989633725,2894,402837000.0
218150,17667,14.981273408239701,548.0,7.358351729213064,L,deep,L-deep,True,5.0,0.9453000455477112,3452.5,14.48225923244026,1.72366559121526,0.5381219222278825,17667,7706722000.0
218410,41811,12.523481527864746,217.0,0.0,L,deep,L-deep,True,100.0,0.9918103187564266,79950.0,12.507817385866167,1.1745712850685226,0.8508765635837459,41811,55613899000.0
219130,3439,32.2061191626409,53.0,15.071590052750938,M,shallow,M-shallow,True,50.0,0.8221676343605776,32675.0,15.30221882172915,2.6929339924396625,0.25210817097993604,3439,1877603000.0
219420,2586,30.565461029037188,76.0,10.193679918450993,M,shallow,M-shallow,True,5.0,0.7492654260528894,4905.0,10.193679918450561,3.203016241299304,0.24323279195668987,2586,236237000.0
219550,2562,53.51170568561873,400.0,21.38275124732747,H,deep,H-deep,True,1.0,0.6144151240645923,1466.5,6.818956699624957,9.46760343481655,0.08743169398907104,2562,672300000.0
219750,1441,34.62204270051933,86.0,23.255813953488857,H,shallow,H-shallow,True,1.0,0.6024561403508772,868.0,11.52073732718894,3.6849410131852878,0.17834836918806385,1441,86388000.0
220100,10777,23.228803716608596,266.0,11.520737327188613,M,deep,M-deep,True,50.0,0.9585126789557407,21650.0,23.094688221709006,1.3997401874362068,0.6632643592836597,10777,5657088000.0
220180,969,30.565461029037188,14.0,17.730496453900457,M,shallow,M-shallow,True,1.0,0.7514322916666667,1968.5,5.080010160020319,7.182662538699691,0.13622291021671826,969,60544000.0
220260,3434,37.59398496240601,340.0,9.48766603415585,H,deep,H-deep,True,10.0,0.9204077126876656,5285.0,18.921475875118258,1.8966220151426907,0.4140943506115317,3434,759428000.0
221800,14855,21.90580503833516,98.0,20.639834881321928,M,shallow,M-shallow,True,50.0,0.8719508040337967,23725.0,21.07481559536354,1.8922248401211714,0.5192191181420397,14855,8362342000.0
221840,1178,36.36363636363637,37.0,18.099547511312153,H,shallow,H-shallow,True,5.0,0.6122536418166238,2752.5,18.1653042688465,2.6179966044142615,0.2894736842105263,1178,102683000.0
221980,314,77.74538386783284,19.0,14.742014742015197,H,shallow,H-shallow,True,10.0,0.7099514563106796,10282.5,9.725261366399222,8.878980891719745,0.07006369426751592,314,10759000.0
222040,966,44.34589800443459,141.0,7.423904974016571,H,deep,H-deep,True,5.0,0.6296151846073843,3352.5,14.914243102162564,2.5538302277432714,0.31780538302277433,966,55320000.0
222080,41267,7.578628268283441,630.0,0.0,L,deep,L-deep,True,10.0,0.9492347845265957,13235.0,7.555723460521345,1.2448445489131752,0.8237817142026317,41267,40942700000.0
222110,513,72.42628039317124,14.0,41.450777202072246,H,shallow,H-shallow,True,5.0,0.5742031872509961,4820.0,10.37344398340249,7.645224171539961,0.07407407407407407,513,84190000.0
222420,2529,38.12428516965307,208.0,15.261350629531822,H,deep,H-deep,True,1.0,0.7269743385717128,1313.5,7.613247049866769,6.7141162514828,0.09845788849347568,2529,466840000.0
222800,45471,18.198362147406733,478.0,0.0,L,deep,L-deep,True,100.0,0.9976595268720989,55250.0,18.099547511312217,1.156363396450485,0.8652327857315651,45471,52748866000.0
222980,721,58.083252662149086,26.0,18.939393939394478,H,shallow,H-shallow,True,5.0,0.693502824858757,2602.5,19.21229586935639,4.170596393897365,0.26768377253814146,721,14949000.0
223250,3328,39.21568627450981,115.0,9.852216748769127,H,deep,H-deep,True,10.0,0.8826021180030257,5090.0,19.646365422396855,1.9894831730769231,0.4014423076923077,3328,399274000.0
223310,1491,47.70017035775128,36.0,16.722408026756952,H,shallow,H-shallow,True,1.0,0.5657671418873048,1484.0,6.738544474393532,7.898725687458082,0.1006036217303823,1491,75930000.0
224060,2926,72.85974499089254,40.0,27.700831024930483,H,shallow,H-shallow,True,10.0,0.7494840928632847,5325.0,18.779342723004696,3.67053998632946,0.1151742993848257,2926,627777000.0
224110,1097,33.46346904629113,84.0,11.242270938729426,H,shallow,H-shallow,True,10.0,0.8123540401681457,8915.0,11.217049915872126,3.3044667274384687,0.2479489516864175,1097,108566000.0
225190,12893,23.33722287047841,853.0,11.520737327188613,M,deep,M-deep,True,5.0,0.9464982062080799,2167.5,23.06805074971165,1.3608159466377103,0.6998371209183277,12893,4096378000.0
225220,1116,28.636886655415836,55.0,23.048344417035405,M,shallow,M-shallow,True,1.0,0.4650818926296633,1746.0,5.72737686139748,9.189068100358423,0.04838709677419355,1116,65119000.0
225430,2369,72.55139056831922,634.0,24.783147459727097,H,deep,H-deep,True,1.0,0.8410985253259243,407.5,24.539877300613497,3.00590966652596,0.1781342338539468,2369,303672000.0
225530,553,36.56307129798903,107.0,18.264840182649067,H,deep,H-deep,True,5.0,0.7758462946020128,2740.0,18.248175182481752,2.180831826401447,0.3960216998191682,553,54970000.0
225570,6295,8.98876404494382,152.0,4.492362982928544,L,shallow,L-shallow,True,10.0,0.9302658074909383,11165.0,8.956560680698612,1.839078633836378,0.6247815726767275,6295,1264944000.0
225590,834,46.349942062572424,63.0,17.502917152858455,H,shallow,H-shallow,True,1.0,0.7681818181818182,862.5,11.594202898550725,4.371702637889689,0.22422062350119903,834,18849000.0
226320,1070,19.743336623889437,21.0,9.866798223976403,M,shallow,M-shallow,True,10.0,0.7232270347453593,10140.0,9.861932938856016,2.4181478016838165,0.36108512628624884,1069,104527000.0
226330,3270,30.303030303030305,136.0,15.232292460015673,M,shallow,M-shallow,True,5.0,0.8431667437914546,3287.5,15.20912547528517,2.1611620795107034,0.43577981651376146,3270,680999000.0
226340,1082,71.51370679380214,413.0,23.781212841855748,H,deep,H-deep,True,1.0,0.8006329113924051,415.0,24.096385542168676,2.7088724584103514,0.2365988909426987,1082,51608000.0
226400,2389,47.05882352941176,188.0,15.576323987538387,H,deep,H-deep,True,10.0,0.8798219584569733,6400.0,15.625,3.4587693595646716,0.1297614064462118,2389,1013908000.0
226590,13770,18.570102135561747,198.0,9.103324598782603,M,deep,M-deep,True,50.0,0.9407337464706098,28075.0,17.809439002671414,1.726724763979666,0.5066811909949165,13770,15789611000.0
226950,37732,10.343936559329045,28.0,5.298013245033095,L,shallow,L-shallow,True,100.0,0.8180770464202678,187550.0,5.3319114902692615,2.1987172691614543,0.4968726810134634,37732,46685297000.0
227610,1786,74.34944237918215,322.0,32.867707477404196,H,deep,H-deep,True,1.0,0.5953139217470428,707.0,14.144271570014144,10.277155655095184,0.07054871220604703,1786,168684000.0
227840,1540,24.927295388450354,93.0,12.335526315789824,M,shallow,M-shallow,True,10.0,0.7877544320420223,12095.0,8.26787928896238,3.3798701298701297,0.08961038961038961,1540,378391000.0
227950,2835,39.76143141153081,1169.0,10.172939979653517,H,deep,H-deep,True,1.0,0.8734891574831141,497.5,20.100502512562816,1.8433862433862434,0.4945326278659612,2835,406359000.0
228340,901,43.66812227074236,212.0,22.148394241416902,H,deep,H-deep,True,5.0,0.7105411499436303,2292.5,21.810250817884405,2.4150943396226414,0.40732519422863483,901,93181000.0
228670,1921,19.860973187686195,74.0,9.881422924902239,M,shallow,M-shallow,True,10.0,0.8579037348763808,5070.0,19.723865877712033,1.6689224362311297,0.5939614783966684,1921,223420000.0
228760,4713,10.204081632653063,105.0,7.637474541750677,L,shallow,L-shallow,True,10.0,0.7105065866980829,19655.0,5.087763927753752,2.9732654360280075,0.2892000848716317,4713,1816896000.0
228850,1650,33.05785123966942,133.0,16.515276630884035,H,deep,H-deep,True,10.0,0.788530175210902,6040.0,16.556291390728475,2.4757575757575756,0.36848484848484847,1650,251008000.0
229000,15440,26.99055330634278,369.0,14.114326040930436,M,deep,M-deep,True,5.0,0.8350417928129524,3525.0,14.184397163120568,1.9520725388601037,0.4913860103626943,15440,7182476000.0
229640,24195,11.344299489506524,121.0,5.580357142856984,L,shallow,L-shallow,True,50.0,0.9270724522625663,44575.0,11.217049915872126,1.5516015705724324,0.632238065716057,24195,17790901000.0
230240,19547,18.63932898415657,140.0,9.33706816059754,M,shallow,M-shallow,True,50.0,0.9024194384001658,27225.0,18.365472910927455,1.5326137003120683,0.6874200644600195,19547,18599857000.0
230360,371,6.291286568103176,540.0,0.0,L,deep,L-deep,True,10.0,0.9548611111111112,15895.0,6.291286568103176,1.2938005390835579,0.7789757412398922,371,150588000.0
232140,20812,24.539877300613497,904.0,0.0,M,deep,M-deep,True,50.0,0.9118708984899124,20425.0,24.479804161566705,1.101095521814338,0.8632519700172977,20812,13253738000.0
232680,7902,13.568521031207597,120.0,6.734006734006037,L,shallow,L-shallow,True,10.0,0.7701344430217669,15015.0,6.66000666000666,3.3162490508731968,0.32978992660086054,7902,3574017000.0
232830,1531,34.18803418803419,128.0,25.337837837837718,H,deep,H-deep,True,5.0,0.697549513259483,2972.5,16.82085786375105,3.519268451992162,0.3324624428478119,1531,316832000.0
234030,3615,40.73319755600814,187.0,6.920415224913601,H,deep,H-deep,True,10.0,0.833193159517802,7280.0,13.736263736263737,2.6760719225449514,0.23042876901798062,3615,931720000.0
234080,2298,15.278838808250573,128.0,7.642338555597927,L,shallow,L-shallow,True,10.0,0.8878664315627066,13015.0,7.68344218209758,1.850739773716275,0.40339425587467365,2298,424099000.0
234100,9443,18.066847335140018,878.0,9.049773755656076,L,deep,L-deep,True,1.0,0.8114894071188431,1087.5,9.195402298850574,2.181404214762258,0.48893360160965793,9443,2235084000.0
234300,1139,29.325513196480937,173.0,14.74926253687281,M,deep,M-deep,True,5.0,0.8029764549089293,3417.5,14.63057790782736,2.671641791044776,0.3064091308165057,1139,181851000.0
234340,31697,12.746972594008922,199.0,6.277463904582614,L,deep,L-deep,True,50.0,0.9596225814157178,39825.0,12.554927809165099,1.5622614127519954,0.6418273022683535,31697,37391735000.0
234690,3122,21.88183807439825,51.0,10.946907498632363,M,shallow,M-shallow,True,10.0,0.8898655217109527,9125.0,10.95890410958904,2.35554131966688,0.4122357463164638,3122,908477000.0
235980,3981,36.496350364963504,263.0,9.319664492077884,H,deep,H-deep,True,10.0,0.9029973441254584,5450.0,18.34862385321101,1.9326802310977143,0.364230092941472,3981,1168517000.0
236200,2578,20.5761316872428,77.0,10.256410256410664,M,shallow,M-shallow,True,50.0,0.8246670583627105,48650.0,10.277492291880781,2.4588828549262995,0.3351435221101629,2578,1166948000.0
236810,1134,56.628056628056626,199.0,12.997140629060766,H,deep,H-deep,True,1.0,0.6442908117752008,1920.0,5.208333333333333,11.80599647266314,0.03527336860670194,1134,106084000.0
237690,21436,6.495615459564793,17.0,6.385696040869249,L,shallow,L-shallow,True,100.0,0.8774770221668508,155350.0,6.43707756678468,1.8815543944765813,0.5877962306400448,21436,20445554000.0
237750,2525,30.785017957927142,85.0,15.408320493066618,M,shallow,M-shallow,True,5.0,0.7223223223223223,4902.5,10.198878123406425,3.5746534653465347,0.22891089108910892,2525,530700000.0
237820,2991,22.197558268590456,101.0,16.62971175166339,M,shallow,M-shallow,True,5.0,0.7833220568335588,4495.0,11.123470522803114,2.5794048813105985,0.40722166499498497,2991,486433000.0
237880,2086,17.196904557179707,203.0,4.3029259896720795,L,deep,L-deep,True,10.0,0.7969170540738928,11625.0,8.602150537634408,2.3336529242569513,0.34707574304889743,2086,201178000.0
238090,4687,16.542597187758478,264.0,16.246953696181787,L,deep,L-deep,True,5.0,0.8543461869883671,3060.0,16.33986928104575,1.764668231278003,0.560273095796885,4687,838795000.0
238120,1696,44.493882091212456,38.0,22.026431718061843,H,shallow,H-shallow,True,5.0,0.7359165424739196,4497.5,11.117287381878821,4.615566037735849,0.1963443396226415,1696,281986000.0
238200,400,69.32409012131716,54.0,25.974025974025984,H,shallow,H-shallow,True,5.0,0.8060179257362355,2875.0,17.391304347826086,4.2425,0.1575,400,40922000.0
238490,855,35.77817531305904,83.0,17.90510295434089,H,shallow,H-shallow,True,5.0,0.7709821428571428,2812.5,17.77777777777778,2.688888888888889,0.34619883040935673,855,70032000.0
239340,2815,65.31678641410844,36.0,21.171489061397875,H,shallow,H-shallow,True,1.0,0.5977960162301734,1442.0,6.934812760055479,16.942095914742453,0.06856127886323268,2815,203981000.0
239610,328,26.99055330634278,16.0,6.761325219744041,M,shallow,M-shallow,True,10.0,0.5922712933753943,7400.0,13.513513513513514,2.326219512195122,0.375,328,11276000.0
239890,960,52.27391531625719,57.0,20.822488287350893,H,shallow,H-shallow,True,5.0,0.577431289640592,4767.5,10.48767697954903,5.330208333333333,0.13020833333333334,960,88250000.0
240550,2819,43.196544276457885,102.0,7.235890014472002,H,shallow,H-shallow,True,10.0,0.9746454855501705,6930.0,14.43001443001443,2.7172756296559064,0.1972330613692799,2819,403332000.0
240600,845,16.246953696181965,62.0,16.090104585679832,L,shallow,L-shallow,True,5.0,0.762371756185878,3087.5,16.194331983805668,2.003550295857988,0.5159763313609468,845,25995000.0
240810,27699,8.399832003359933,153.0,4.156275976724411,L,shallow,L-shallow,True,100.0,0.9556704518441311,119250.0,8.385744234800837,1.1741218094516048,0.8641828224845662,27699,43934315000.0
241520,18791,13.802622498274673,297.0,6.894174422612531,L,deep,L-deep,True,10.0,0.8559318593889536,14305.0,6.990562740300594,3.96945346176361,0.448938321536906,18791,13880426000.0
241560,21185,17.316017316017316,815.0,0.0,L,deep,L-deep,True,100.0,0.9956381125140225,57850.0,17.28608470181504,1.1320273778616945,0.9018645267878216,21185,28393969000.0
241590,2461,10.63264221158958,109.0,5.307855626326408,L,shallow,L-shallow,True,5.0,0.9245263591433278,4740.0,10.548523206751055,1.8110524177163754,0.5209264526615197,2461,268774000.0
241690,2859,25.641025641025642,182.0,12.90322580645209,M,deep,M-deep,True,5.0,0.8271675790217199,3882.5,12.8783000643915,2.097236796082546,0.4547044421126268,2859,589699000.0
241710,8130,13.97624039133473,22.0,13.745704467353903,L,shallow,L-shallow,True,100.0,0.9032958847992055,71950.0,13.89854065323141,1.8638376383763837,0.509840098400984,8130,3624206000.0
241770,6925,34.18803418803419,71.0,17.021276595745594,H,shallow,H-shallow,True,50.0,0.8654495412844037,29225.0,17.10863986313088,2.2141516245487365,0.3338628158844765,6925,4238868000.0
241790,1305,28.81844380403458,63.0,21.052631578947214,M,shallow,M-shallow,True,10.0,0.7568047337278107,6980.0,14.326647564469914,2.4283524904214557,0.26513409961685824,1305,310489000.0
241840,885,50.54759898904802,269.0,16.86340640809414,H,deep,H-deep,True,10.0,0.7809248554913295,5930.0,16.863406408094434,3.144632768361582,0.18418079096045198,885,84878000.0
242040,69450,16.680567139282736,1654.0,0.0,L,deep,L-deep,True,10.0,0.9887272138555039,6055.0,16.515276630883566,1.3107991360691145,0.7638444924406047,69450,84781387000.0
243070,1918,37.3134328358209,20.0,9.54198473282375,H,shallow,H-shallow,True,50.0,0.8094382321618744,26375.0,18.95734597156398,1.7612095933263816,0.49687174139728885,1918,304551000.0
243840,5406,17.196904557179707,349.0,8.583690987125081,L,deep,L-deep,True,10.0,0.9401970857463104,5845.0,17.10863986313088,1.3858675545689974,0.6648168701442841,5406,1548981000.0
244920,2069,24.620434961017644,77.0,12.442969722107344,M,shallow,M-shallow,True,10.0,0.6100487210718636,12390.0,8.071025020177562,3.530691155147414,0.18076365393910102,2069,461358000.0
246690,4758,28.034763106251752,372.5,5.691519635742104,M,deep,M-deep,True,1.0,0.7418041511442256,1778.5,5.62271577171774,5.353509878100042,0.16708701134930642,4758,969716000.0
246710,4373,31.695721077654518,290.0,15.785319652722452,M,deep,M-deep,True,5.0,0.765208141674333,3137.5,15.936254980079681,1.9929110450491654,0.3802881317173565,4373,1085453000.0
246720,1436,26.7379679144385,63.0,13.183915622939635,M,shallow,M-shallow,True,10.0,0.88342151675485,7425.0,13.468013468013469,2.2813370473537606,0.4338440111420613,1436,178178000.0
246960,1130,88.64097609585961,662.0,12.330456226880004,H,deep,H-deep,True,5.0,0.5630841121495327,2017.5,24.783147459727385,3.5477876106194692,0.061061946902654866,1130,53635000.0
247540,57810,5.41858574911948,151.0,0.0,L,shallow,L-shallow,True,100.0,0.9523798051652241,185050.0,5.403944879762226,1.1786715101193566,0.8965576889811452,57810,112533528000.0
247660,559,13.166556945358789,44.0,13.131976362442677,L,shallow,L-shallow,True,5.0,0.7143518518518519,3842.5,13.012361743656475,2.3917710196779964,0.5116279069767442,559,13533000.0
248070,19098,11.299435028248588,182.0,5.571806766418996,L,deep,L-deep,True,10.0,0.7916567813364966,17670.0,5.659309564233164,2.5344538695151324,0.42454707299193634,19098,8844700000.0
248170,1645,34.96503496503497,103.0,8.779631255487752,H,shallow,H-shallow,True,50.0,0.89340608668921,28500.0,17.54385964912281,2.078419452887538,0.3513677811550152,1645,389051000.0
249420,9651,15.63721657544957,224.0,0.0,L,deep,L-deep,True,50.0,0.9690378978224455,32075.0,15.58846453624318,1.2514504765851637,0.7993162038955657,9652,3927882000.0
250000,955,75.85335018963337,62.0,18.939393939394478,H,shallow,H-shallow,True,10.0,0.789622641509434,7910.0,12.642225031605564,6.21675392670157,0.10471204188481675,955,132382000.0
250060,16484,19.821605550049554,800.0,9.794319294809117,M,deep,M-deep,True,10.0,0.8092262086669519,5080.0,19.68503937007874,1.4157364717301626,0.5928172773598641,16484,8269139000.0
250930,5829,54.200542005420054,717.0,27.063599458727605,H,deep,H-deep,True,1.0,0.8667233337692342,373.5,26.77376171352075,2.7920741121976325,0.2902727740607308,5829,817803000.0
251120,2181,21.921812203142128,4.0,10.956902848795469,M,shallow,M-shallow,True,10.0,0.5606060606060606,13725.0,7.285974499089253,6.535534158642824,0.06327372764786796,2181,107599000.0
251270,15426,18.744142455482663,375.0,0.0,M,deep,M-deep,True,100.0,0.9783075460565135,53350.0,18.744142455482663,1.160842787682334,0.8539384116693679,15425,13642707000.0
251370,3502,16.366612111292962,65.5,8.169934640522847,L,shallow,L-shallow,True,10.0,0.7277184252890385,12365.0,8.087343307723412,3.060536836093661,0.2515705311250714,3502,938558000.0
251630,1960,34.01360544217687,96.5,16.87052176944759,H,shallow,H-shallow,True,10.0,0.8530741410488246,5855.0,17.079419299743808,2.159183673469388,0.386734693877551,1960,347936000.0
251970,7703,11.0803324099723,50.0,5.491488193301031,L,shallow,L-shallow,True,50.0,0.8843725464538079,45475.0,10.995052226498077,1.5760093470076593,0.6344281448786188,7703,1459209000.0
252500,684,38.387967349351385,487.0,6.443298969072142,H,deep,H-deep,True,1.0,0.8991261398176292,777.5,12.861736334405146,3.2748538011695905,0.22076023391812866,684,72120000.0
252990,8833,19.193857965451055,228.0,9.5011876484552,M,deep,M-deep,True,10.0,0.8495054913460985,10315.0,9.694619486185168,2.00373599003736,0.4492244990376995,8833,3319224000.0
253450,7880,37.10575139146568,57.0,6.2266500622665255,H,shallow,H-shallow,True,50.0,0.901632247306311,40250.0,12.422360248447205,2.6576142131979696,0.31256345177664974,7880,2255195000.0
253590,38250,10.035122930255895,317.0,2.5432349949139343,L,deep,L-deep,True,10.0,0.70767898079102,19815.0,5.046681806712087,2.8556078431372547,0.48826143790849674,38250,35568952000.0
253840,1985,40.0,240.0,10.030090270811698,H,deep,H-deep,True,5.0,0.4458545918367347,5005.0,9.99000999000999,4.530478589420655,0.09370277078085643,1985,311381000.0
254120,1065,41.58004158004158,498.0,12.49479383590213,H,deep,H-deep,True,1.0,0.7400095147478591,1197.5,8.350730688935283,4.997183098591549,0.11267605633802817,1065,96876000.0
254490,7429,15.507883173946757,72.0,7.8513478147090865,L,shallow,L-shallow,True,10.0,0.7273376402584155,19015.0,5.259006047856955,3.457531296271369,0.3093283079822318,7429,2751799000.0
255220,9835,18.034265103697024,2249.0,0.0,L,deep,L-deep,True,5.0,0.9922329846978206,2772.5,18.034265103697024,1.1855617691916625,0.8468734112862226,9835,4056344000.0
255440,4171,35.02626970227671,40.0,17.248814144028568,H,shallow,H-shallow,True,10.0,0.6138309417581093,11535.0,8.669267446900736,5.169983217453848,0.1356988731719012,4171,1239885000.0
256150,509,19.550342130987293,202.0,9.680542110357404,M,deep,M-deep,True,10.0,0.7986041874376869,5125.0,19.51219512195122,1.699410609037328,0.6247544204322201,509,67009000.0
256630,503,40.080160320641276,1665.0,10.02506265664227,H,deep,H-deep,True,1.0,0.6588114754098361,992.0,10.080645161290322,6.003976143141153,0.3836978131212724,503,12726000.0
256840,7086,12.60239445494644,513.5,6.218905472636926,L,deep,L-deep,True,5.0,0.9592732724157624,3992.5,12.523481527864746,1.4788314987298898,0.6895286480383855,7086,1502696000.0
256940,3049,24.783147459727385,70.0,12.322858903265343,M,shallow,M-shallow,True,10.0,0.7980209545983702,8145.0,12.277470841006751,2.7624671916010497,0.3113517060367454,3048,548656000.0
257370,1199,30.911901081916536,59.0,23.130300693908758,M,shallow,M-shallow,True,5.0,0.6613415150232755,3240.0,15.432098765432098,3.2101751459549623,0.38448707256046705,1199,116618000.0
257720,32370,14.214641080312722,1290.0,0.0,L,deep,L-deep,True,50.0,0.9923305699967214,35225.0,14.194464158977999,1.0624343527957987,0.9418288538770466,32370,17882307000.0
258610,17829,39.447731755424066,212.0,19.743336623889718,H,deep,H-deep,True,1.0,0.6258255800597289,1587.0,6.30119722747322,7.22934544842672,0.13730439172135286,17829,5774170000.0
258790,1048,100.50251256281408,62.0,25.526484881942537,H,shallow,H-shallow,True,1.0,0.5726156069364162,1184.0,8.445945945945946,13.21469465648855,0.04103053435114504,1048,66329000.0
259630,3376,16.207455429497568,95.0,8.05477245267805,L,shallow,L-shallow,True,10.0,0.8482557269052253,12410.0,8.058017727639001,3.175355450236967,0.27399289099526064,3376,1321833000.0
259960,15748,21.07481559536354,224.0,0.0,M,deep,M-deep,True,500.0,0.9787976729153199,237500.0,21.052631578947366,1.1527178054356109,0.8904622809245618,15748,28852902000.0
260660,1011,44.0852314474651,59.0,14.738393515105752,H,shallow,H-shallow,True,5.0,0.8490471414242728,3402.5,14.695077149155033,2.9970326409495547,0.18001978239366964,1011,86758000.0
260930,1138,38.095238095238095,91.0,19.25545571245135,H,shallow,H-shallow,True,5.0,0.7334599910594546,3917.5,12.763241863433313,3.6449912126537787,0.2609841827768014,1138,115562000.0
260970,1758,55.29953917050691,14.0,18.48428835489857,H,shallow,H-shallow,True,100.0,0.8980758101851852,53900.0,18.55287569573284,2.9146757679180886,0.19852104664391354,1758,524304000.0
261200,1084,37.151702786377705,85.0,18.529956763434498,H,shallow,H-shallow,True,5.0,0.6344714686623012,4035.0,12.391573729863692,3.183579335793358,0.22601476014760147,1084,107124000.0
261520,4052,30.1659125188537,99.0,10.139417635030568,M,shallow,M-shallow,True,10.0,0.8239630184907546,9940.0,10.06036217303823,3.3336623889437313,0.2539486673247779,4052,1294269000.0
261780,2609,33.11258278145695,100.0,24.772914946324942,H,shallow,H-shallow,True,5.0,0.8140703517587939,3052.5,16.380016380016382,2.7198160214641627,0.2786508240705251,2609,891558000.0
262260,1421,39.447731755424066,100.0,9.950248756218638,H,shallow,H-shallow,True,10.0,0.7747603833865815,5055.0,19.782393669634025,1.9113300492610839,0.4187192118226601,1421,138875000.0
262840,1274,95.7476767107857,68.0,11.294667395724822,H,shallow,H-shallow,True,1.0,0.6870274572224433,1767.0,5.659309564233164,15.51177394034537,0.047880690737833596,1274,86077000.0
263020,1657,49.62779156327544,159.0,8.298755186721962,H,deep,H-deep,True,5.0,0.9241684467500763,3017.5,16.570008285004143,3.0706095353047678,0.29692214846107423,1657,144250000.0
263600,1635,38.167938931297705,85.0,19.323671497584183,H,shallow,H-shallow,True,10.0,0.829499533727075,5210.0,19.193857965451055,2.1058103975535167,0.37920489296636084,1635,297969000.0
263690,1116,19.43634596695821,205.0,0.0,M,deep,M-deep,True,10.0,0.9172320217096337,5160.0,19.37984496124031,1.4695340501792116,0.5860215053763441,1116,22997000.0
263700,1140,39.138943248532286,148.0,28.763183125599667,H,deep,H-deep,True,5.0,0.8255788067675868,2547.5,19.62708537782139,2.2798245614035086,0.3456140350877193,1140,142089000.0
263720,2241,16.62510390689942,43.0,8.375209380233617,L,shallow,L-shallow,True,10.0,0.8467869222096956,11985.0,8.343763037129746,2.5858991521642123,0.3476126729138777,2241,345270000.0
263750,41672,14.63057790782736,337.0,0.0,L,deep,L-deep,True,100.0,0.9966461302905472,68350.0,14.63057790782736,1.1422537915146862,0.8787435208293338,41672,84991147000.0
263770,1328,20.253164556962027,57.0,7.6026355803349155,M,shallow,M-shallow,True,1.0,0.7150721336370539,1976.5,5.0594485201113075,9.096385542168674,0.25150602409638556,1328,108727000.0
263800,1594,42.46284501061571,54.0,16.034206306787535,H,shallow,H-shallow,True,5.0,0.6676809210526315,4655.0,10.741138560687432,4.340652446675032,0.13864491844416563,1594,217172000.0
263810,1026,33.557046979865774,148.0,8.417508417508657,H,deep,H-deep,True,5.0,0.9206349206349206,2972.5,16.82085786375105,2.086744639376218,0.361598440545809,1026,67781000.0
263860,2258,20.782819535850365,46.0,10.402219140084323,M,shallow,M-shallow,True,10.0,0.6788513210927004,14505.0,6.894174422612892,4.222320637732507,0.20814880425155005,2258,337833000.0
263920,572,70.17543859649123,5.0,28.985507246377384,H,shallow,H-shallow,True,5.0,0.698321554770318,4292.5,11.648223645894001,8.171328671328672,0.12412587412587413,572,24391000.0
264450,8205,20.597322348094746,90.0,7.077140835102247,M,shallow,M-shallow,True,10.0,0.7797290594581189,14275.0,7.005253940455342,3.2672760511882997,0.3157830591102986,8205,3862088000.0
264660,2992,34.06188182470362,78.5,11.248593925758943,H,shallow,H-shallow,True,10.0,0.6539467026480014,17730.0,5.640157924421884,7.061831550802139,0.08155080213903744,2992,1020782000.0
264850,7503,29.806259314456035,458.0,7.547169811321641,M,deep,M-deep,True,10.0,0.9229168065534143,6645.0,15.048908954100828,1.852858856457417,0.4655471144875383,7503,2210865000.0
264900,1712,23.80952380952381,3.0,11.820330969267712,M,shallow,M-shallow,True,10.0,0.7818975725281232,8395.0,11.911852293031567,2.9176401869158877,0.30257009345794394,1712,52764000.0
265520,10867,22.44668911335578,178.0,11.135857461024301,M,deep,M-deep,True,50.0,0.984666481507198,22375.0,22.3463687150838,1.3119536210545688,0.7170332198398822,10867,3060672000.0
265560,1062,35.77817531305904,106.0,11.897679952409534,H,shallow,H-shallow,True,10.0,0.8038700430004778,8420.0,11.876484560570072,3.337099811676083,0.1440677966101695,1062,194957000.0
265740,4956,24.570024570024568,155.0,12.330456226880004,M,deep,M-deep,True,10.0,0.8057284227708631,8145.0,12.277470841006751,2.406779661016949,0.3579499596448749,4956,2497580000.0
267250,22705,18.885741265344667,143.0,0.0,M,deep,M-deep,True,500.0,0.9969625960641464,265250.0,18.85014137606032,1.1352125082580928,0.8922704250165162,22705,34165223000.0
267260,35106,11.092623405435386,157.0,0.0,L,shallow,L-shallow,True,1000.0,0.9954734974175491,902500.0,11.0803324099723,1.0891015780778215,0.9376175012818322,35106,97969055000.0
267270,48757,8.14000814000814,67.0,4.006410256410797,L,shallow,L-shallow,True,100.0,0.9450474688437394,123550.0,8.093889113719142,1.3456253332786414,0.7873169531153862,48758,57131898000.0
267290,980,45.248868778280546,92.0,11.36363636363713,H,shallow,H-shallow,True,50.0,0.9319938176197836,21975.0,22.753128555176335,1.7581632653061225,0.4826530612244898,980,281611000.0
267320,7133,16.246953696181965,1117.0,7.993605115906854,L,deep,L-deep,True,5.0,0.9439474618388356,3092.5,16.16814874696847,1.4961446796579279,0.6753119304640404,7133,1891768000.0
267790,340,84.03361344537815,58.0,10.359751979863718,H,shallow,H-shallow,True,5.0,0.7820030120481928,3622.5,13.802622498274673,5.594117647058823,0.24411764705882352,340,11506000.0
267850,849,19.90049751243781,39.0,9.910802775024985,M,shallow,M-shallow,True,10.0,0.7113870381586918,10050.0,9.950248756218905,2.574793875147232,0.2921083627797409,849,64690000.0
267980,2000,13.745704467353953,23.0,6.854009595613775,L,shallow,L-shallow,True,50.0,0.8999363867684478,36575.0,13.67053998632946,1.721,0.541,2000,313821000.0
268280,1123,32.232070910556004,4.0,16.09657947686083,M,shallow,M-shallow,True,100.0,0.38239308462238397,124250.0,8.048289738430583,5.617097061442564,0.1219946571682992,1123,100087000.0
270520,3252,49.62779156327544,7274.5,0.0,H,deep,H-deep,True,1.0,0.9969616703022749,202.5,49.382716049382715,1.1233087330873308,0.8945264452644527,3252,163527000.0
270660,3770,10.76426264800861,39.0,5.511160099200829,L,shallow,L-shallow,True,10.0,0.7263463355378593,18295.0,5.4659743099207425,2.96763925729443,0.4477453580901857,3770,726525000.0
270870,407,45.81901489117984,53.0,11.461318051575464,H,shallow,H-shallow,True,5.0,0.6736641221374046,4362.5,11.46131805157593,5.525798525798526,0.21621621621621623,407,10677000.0
271560,17350,15.503875968992247,28.0,3.8789759503488064,L,shallow,L-shallow,True,100.0,0.9079294451852281,128950.0,7.754943776657619,2.416772334293948,0.41446685878962536,17350,14754945000.0
271830,2527,31.877590054191902,144.0,12.718600953895987,M,deep,M-deep,True,1.0,0.590872857712236,1574.5,6.351222610352493,6.256430550059359,0.13850415512465375,2527,133041000.0
271940,11560,5.925925925925926,98.0,2.9647198339755043,L,shallow,L-shallow,True,10.0,0.9142975494898404,16995.0,5.884083553986466,1.5910899653979238,0.6453287197231834,11560,2091679000.0
271980,2290,13.812154696132596,13.0,6.90846286701241,L,shallow,L-shallow,True,10.0,0.7618018617021277,14530.0,6.882312456985547,4.105676855895196,0.3650655021834061,2290,375363000.0
272110,8098,26.109660574412533,89.0,13.114754098360049,M,shallow,M-shallow,True,50.0,0.8510582174776564,38150.0,13.106159895150721,2.094961718942949,0.3873795999012102,8098,9338604000.0
272210,98547,7.029876977152901,397.0,0.0,L,deep,L-deep,True,100.0,0.9925180864439269,142350.0,7.024938531787846,1.0640297114096684,0.9475484028087835,98548,251605019000.0
272290,11599,15.39645881447267,189.0,7.616146230007281,L,deep,L-deep,True,50.0,0.9783291183395831,32575.0,15.349194167306216,1.3632209673247693,0.7037675661694973,11599,5173036000.0
272450,2908,15.735641227380016,787.0,7.788161993769194,L,deep,L-deep,True,10.0,0.8944048033414549,6395.0,15.63721657544957,1.6506189821182944,0.561554332874828,2908,1620051000.0
272550,1939,17.241379310344826,74.0,4.315925766076312,L,shallow,L-shallow,True,10.0,0.9395454545454546,11585.0,8.631851532153647,1.7338834450747809,0.45435791645177925,1939,98146000.0
273060,2038,36.26473254759746,362.0,18.621973929235924,H,deep,H-deep,True,1.0,0.7108538710480458,1076.0,9.293680297397769,4.694308145240432,0.19381746810598627,2038,328967000.0
273640,1038,41.69562195969423,44.0,14.015416958654825,H,shallow,H-shallow,True,10.0,0.735445205479452,7185.0,13.917884481558804,3.2678227360308285,0.23892100192678228,1038,119582000.0
274090,13918,23.391812865497077,276.0,11.210762331839152,M,deep,M-deep,True,50.0,0.985430535850704,21875.0,22.857142857142858,1.4019974134214686,0.6861618048570197,13918,11366361000.0
274400,772,29.11208151382824,84.0,21.551724137931494,M,shallow,M-shallow,True,5.0,0.7070822454308094,3452.5,14.48225923244026,3.0427461139896375,0.34196891191709844,772,41745000.0
275630,1096,81.13590263691684,9.0,50.99440387775877,H,shallow,H-shallow,True,5.0,0.6933179723502304,2412.5,20.72538860103627,3.957116788321168,0.15237226277372262,1096,56974000.0
276040,1308,48.95960832313341,185.0,18.220603760611965,H,deep,H-deep,True,1.0,0.8362635239567233,819.0,12.21001221001221,4.890672782874618,0.09250764525993883,1308,158073000.0
276730,2458,15.20912547528517,248.0,7.610350076103778,L,deep,L-deep,True,1.0,0.8948875255623722,661.0,15.128593040847202,2.2070789259560617,0.5748576078112286,2458,46839000.0
277070,833,60.06006006006006,29.0,18.28153564899404,H,shallow,H-shallow,True,5.0,0.7209302325581395,4090.0,12.224938875305623,5.387755102040816,0.11044417767106843,833,83720000.0
277410,1061,26.99055330634278,180.0,8.95656068069961,M,deep,M-deep,True,1.0,0.6980861244019139,1117.5,8.94854586129754,4.480678605089538,0.13383600377002827,1061,33855000.0
277810,46965,13.995801259622112,72.0,0.0,L,shallow,L-shallow,True,1000.0,0.998220994950963,714500.0,13.995801259622112,1.0991163632492282,0.9069945704247844,46965,103784950000.0
277880,14160,21.929824561403507,313.0,5.885815185403542,M,deep,M-deep,True,5.0,0.9295990314080194,4297.5,11.634671320535194,1.9616525423728814,0.4922316384180791,14160,5520363000.0
278280,6481,10.723860589812334,44.0,5.3763440860210565,L,shallow,L-shallow,True,50.0,0.8372947949894967,46725.0,10.700909577314071,1.4835673507174818,0.6867767319858047,6481,1386419000.0
278470,36837,15.30221882172915,210.0,0.0,L,deep,L-deep,True,500.0,0.9916024304603062,327250.0,15.278838808250573,1.0711222107606275,0.9356642597317987,36838,88130206000.0
278650,3027,8.26787928896238,45.0,12.269938650306678,L,shallow,L-shallow,True,1.0,0.6771007002334112,1218.5,8.206811653672547,3.036339610175091,0.5189957053187975,3027,194505000.0
279570,85749,14.461315979754158,9250.0,0.0,L,deep,L-deep,True,10.0,0.9996344274957694,6915.0,14.461315979754158,1.0164783262778574,0.9838132223116305,85749,54225071000.0
279600,742,35.08771929824562,22.5,51.83802948311278,H,shallow,H-shallow,True,10.0,0.8869565217391304,5815.0,17.196904557179707,5.272237196765499,0.3908355795148248,742,48445000.0
280360,4022,8.972633467922835,16.0,4.470272686634136,L,shallow,L-shallow,True,100.0,0.794647355163728,111850.0,8.940545373267769,1.5724583644046732,0.7136465324384788,4023,1360682000.0
281740,25772,5.155968032998196,179.0,2.577984016498558,L,deep,L-deep,True,10.0,0.8412732530873848,19545.0,5.116398055768739,2.045010088468105,0.586062393295049,25772,12968892000.0
281820,9561,11.092623405435386,107.0,5.5340343110121815,L,shallow,L-shallow,True,50.0,0.9171208593501958,45275.0,11.043622308117063,1.3682669176864344,0.7224139734337413,9561,4886982000.0
282330,15513,8.261049153242462,41.0,4.1476565740361515,L,shallow,L-shallow,True,100.0,0.8781612735879645,124400.0,8.038585209003216,1.7797189272821041,0.6178442496132027,15512,10827749000.0
282720,24311,13.360053440213761,135.0,6.668889629877217,L,shallow,L-shallow,True,10.0,0.8209737399759006,15235.0,6.563833278634722,2.9625272510386247,0.37341121303113817,24311,25348284000.0
282880,3832,13.679890560875513,26.0,6.80735194009463,L,shallow,L-shallow,True,10.0,0.8121708794102159,14630.0,6.83526999316473,2.8400313152400836,0.3836116910229645,3832,463147000.0
284740,2084,41.32231404958678,39.0,10.330578512396382,H,shallow,H-shallow,True,50.0,0.9028283563971837,24275.0,20.597322348094746,2.149232245681382,0.2595969289827255,2084,319071000.0
285130,5436,17.6522506619594,81.0,8.733624454149158,L,shallow,L-shallow,True,100.0,0.8870622205663189,56750.0,17.62114537444934,1.4064741585433143,0.7231929372815891,5437,1644288000.0
285490,3333,43.38394793926248,103.0,10.94091903719896,H,shallow,H-shallow,True,50.0,0.9373100303951368,22925.0,21.810250817884405,1.8796879687968797,0.42304230423042305,3333,1525574000.0
285800,650,52.45410266017235,16.0,15.060243098747318,H,shallow,H-shallow,True,1.0,0.6478790259230165,1328.0,7.530120481927711,8.301538461538462,0.04,650,51287000.0
286750,1216,80.0533689126084,30.0,20.236235009232217,H,shallow,H-shallow,True,1.0,0.5513626834381551,1497.0,6.680026720106881,13.400493421052632,0.005756578947368421,1216,123413000.0
286940,2307,43.956043956043956,66.0,11.173184357542443,H,shallow,H-shallow,True,50.0,0.9392395353933816,22425.0,22.29654403567447,1.6770697876029474,0.45817078456870397,2307,514347000.0
287840,8088,15.68955977761318,87.0,10.554089709762238,L,shallow,L-shallow,True,50.0,0.8394502552608641,46350.0,10.787486515641854,1.8125618199802176,0.5,8088,4914207000.0
288330,3197,59.347181008902076,315.0,22.975301550832718,H,deep,H-deep,True,1.0,0.7069143038175194,843.0,11.862396204033216,5.885517672818267,0.07944948389114795,3197,464580000.0
288620,1794,21.85792349726776,60.0,10.887316276537717,M,shallow,M-shallow,True,10.0,0.7412330316742082,9185.0,10.887316276537835,2.902452619843924,0.2993311036789298,1794,243872000.0
288980,1225,31.007751937984494,463.0,15.88562351072298,M,deep,M-deep,True,1.0,0.7964803312629399,633.5,15.785319652722968,2.073469387755102,0.4710204081632653,1225,86628000.0
289010,1071,19.499512512187195,407.0,6.5509335080249365,M,deep,M-deep,True,1.0,0.9047441629408842,1527.5,6.546644844517186,4.035480859010271,0.31746031746031744,1071,36097000.0
289080,7419,29.49852507374631,487.0,7.4626865671634235,M,deep,M-deep,True,5.0,0.8384780680810424,3407.5,14.67351430667645,2.3938536190861304,0.3024666397088556,7419,2241517000.0
289220,1402,28.653295128939828,113.0,14.430014430014682,M,shallow,M-shallow,True,5.0,0.7177681473456121,3500.0,14.285714285714286,2.9087018544935805,0.3288159771754636,1402,108824000.0
289930,9025,16.727069974909394,37.0,8.445945945946276,L,shallow,L-shallow,True,10.0,0.7094922245136838,18205.0,5.492996429552321,4.458725761772853,0.2600554016620499,9025,3446830000.0
290090,456,17.6522506619594,74.0,8.810572687225626,L,shallow,L-shallow,True,10.0,0.8088727678571429,5675.0,17.62114537444934,1.4714912280701755,0.7280701754385965,456,18259000.0
290120,1020,18.885741265344667,77.0,18.744142455482393,M,shallow,M-shallow,True,5.0,0.8405580468360737,2662.5,18.779342723004696,1.7176470588235293,0.5431372549019607,1020,84103000.0
290270,628,29.11208151382824,171.0,14.609203798392478,M,deep,M-deep,True,5.0,0.6816152597402597,3422.5,14.609203798392988,2.2404458598726116,0.4681528662420382,628,55838000.0
290520,553,82.06330597889801,505.0,2.936857562407802,H,deep,H-deep,True,1.0,0.625,1706.0,5.8616647127784285,16.737793851717903,0.014466546112115732,553,23893000.0
290550,18471,10.443864229765012,217.0,7.637474541750677,L,deep,L-deep,True,10.0,0.7160826900076112,19410.0,5.151983513652756,2.6047317416490716,0.3427535054951004,18471,14729798000.0
290560,5141,88.83624518803671,43.0,21.214531954387716,H,shallow,H-shallow,True,1.0,0.627156026962728,1807.5,5.532503457814661,22.880178953510992,0.0462944952343902,5141,651140000.0
290650,24770,25.67394094993581,79.0,6.472491909386147,M,shallow,M-shallow,True,100.0,0.9551523224599365,77150.0,12.961762799740765,1.9052079127977393,0.4704077513120711,24770,14804502000.0
290660,18409,29.717682020802375,950.0,10.005002501251026,M,deep,M-deep,True,1.0,0.8217220141832298,1005.0,9.950248756218905,3.2048454560269435,0.2485740670324298,18409,9597426000.0
290670,1183,35.273368606701936,10.0,17.660044150109577,H,shallow,H-shallow,True,10.0,0.6630667236954663,11285.0,8.861320336730172,4.080304311073542,0.14201183431952663,1183,145317000.0
290690,5356,31.545741324921135,273.0,15.467904098994678,M,deep,M-deep,True,5.0,0.8240086653480267,3220.0,15.527950310559005,2.4206497386109036,0.2783793876026886,5356,1810128000.0
290720,2476,37.243947858473,101.0,36.86635944700534,H,shallow,H-shallow,True,5.0,0.7577330077330078,2677.5,18.674136321195146,2.602988691437803,0.41518578352180935,2476,293861000.0
290740,8011,21.762785636561482,111.0,10.8108108108107,M,shallow,M-shallow,True,50.0,0.890311734020489,23525.0,21.253985122210413,1.916614654849582,0.5224066908001498,8011,5047788000.0
291230,1864,47.430830039525695,117.0,15.873015873015817,H,deep,H-deep,True,1.0,0.8039310344827586,631.5,15.83531274742676,4.833690987124464,0.2623390557939914,1864,69782000.0
291650,11513,36.16636528028933,198.0,16.207455429497752,H,deep,H-deep,True,1.0,0.6373933315738541,1554.5,6.43293663557414,6.097889342482411,0.13072179275601495,11513,3425488000.0
291810,1402,73.43941248470013,65.0,12.300123001229846,H,shallow,H-shallow,True,5.0,0.653770197486535,2042.5,24.479804161566705,3.2861626248216833,0.14835948644793154,1402,41930000.0
293480,3964,10.758472296933835,94.0,5.370569280344073,L,shallow,L-shallow,True,10.0,0.8161007249141549,9320.0,10.729613733905579,1.7737134207870837,0.5890514631685166,3964,455802000.0
293490,9734,7.437709185570844,152.0,3.707823507601571,L,shallow,L-shallow,True,10.0,0.924626126830285,13465.0,7.426661715558856,1.4576741319087734,0.7745017464557222,9734,2037554000.0
293580,5401,21.90580503833516,659.0,8.183306055646877,M,deep,M-deep,True,1.0,0.7483131852684847,1812.0,5.518763796909492,4.29346417330124,0.2223662284762081,5401,1767743000.0
293780,2912,42.43283593286969,55.0,14.336917562723928,H,shallow,H-shallow,True,10.0,0.8378460207612457,6980.0,14.326647564469914,2.7925824175824174,0.3231456043956044,2912,606696000.0
294140,2694,27.662517289073307,115.0,20.71823204419898,M,shallow,M-shallow,True,5.0,0.7797730682670667,3627.5,13.783597518952446,2.7739420935412027,0.32219747587230885,2694,424742000.0
294570,2423,33.840947546531304,40.0,8.576329331047017,H,shallow,H-shallow,True,50.0,0.9019515758714256,29625.0,16.877637130801688,2.3338836153528684,0.27775484936029715,2423,722630000.0
294630,6897,24.66091245376079,200.0,12.217470983506562,M,deep,M-deep,True,5.0,0.8367629889083479,4045.0,12.360939431396785,2.187037842540235,0.38712483688560245,6897,2288936000.0
294870,10946,23.612750885478157,1791.5,0.0,M,deep,M-deep,True,50.0,0.9971999446902655,21175.0,23.612750885478157,1.1063402156038735,0.9184176868262379,10946,5871649000.0
295310,23405,18.484288354898336,35.0,9.438414346389923,M,shallow,M-shallow,True,100.0,0.8587783380743039,106250.0,9.411764705882353,2.022986541337321,0.486733603930784,23405,29290455000.0
296640,1443,32.34501347708895,53.0,26.666666666667062,M,shallow,M-shallow,True,10.0,0.570954211814051,9265.0,10.793308148947652,4.043659043659043,0.27997227997227997,1443,446705000.0
297090,8271,26.385224274406333,363.0,6.835269993165083,M,deep,M-deep,True,10.0,0.9283147572933796,7370.0,13.568521031207597,1.8332728811510095,0.4749123443356305,8271,4164130000.0
297570,3252,56.100981767180926,168.5,10.604453870625141,H,deep,H-deep,True,1.0,0.7239607479524031,1426.5,7.010164738871364,8.464022140221402,0.06334563345633457,3252,482532000.0
297890,3685,10.020040080160319,942.0,2.5169896803434177,L,deep,L-deep,True,1.0,0.7157768651608487,1988.5,5.028916268544129,2.5791044776119403,0.45563093622795114,3685,362674000.0
298020,10765,14.936519790888724,11.0,7.468259895444529,L,shallow,L-shallow,True,500.0,0.8533772073633425,339500.0,14.727540500736376,1.6819617313765558,0.5958573286271596,10766,9314332000.0
298040,24730,3.996003996003996,10.0,3.9346842415899363,L,shallow,L-shallow,True,1000.0,0.8262771489752218,2517500.0,3.9721946375372394,1.6119692680954307,0.7167003639304489,24730,93966353000.0
298050,4311,23.72479240806643,38.0,11.66861143523934,M,shallow,M-shallow,True,500.0,0.9866470588235294,211750.0,23.612750885478157,1.2482022732544653,0.7647877522616562,4311,2394293000.0
298060,1004,49.32182490752158,200.0,37.12871287128716,H,deep,H-deep,True,1.0,0.6325528700906344,835.5,11.968880909634949,6.961155378486056,0.20916334661354583,1004,145053000.0
298380,43836,5.415651232060655,58.0,2.698327037237158,L,shallow,L-shallow,True,100.0,0.9527242942676188,185750.0,5.383580080753701,1.4304224838032666,0.7387079113057761,43836,65269726000.0
298540,3404,14.094432699083862,786.5,0.0,L,deep,L-deep,True,10.0,0.8054278511048495,7110.0,14.064697609001406,1.387485311398355,0.7561692126909518,3404,353345000.0
298690,6115,5.632216277105041,184.0,5.514199062586211,L,deep,L-deep,True,1.0,0.7850053318021492,1814.5,5.5111600992008825,2.5479967293540473,0.5020441537203598,6115,647590000.0
298830,8218,13.89854065323141,437.0,6.901311249136732,L,deep,L-deep,True,10.0,0.964226595549016,7240.0,13.812154696132596,1.7706254563154051,0.5191044049647117,8218,2682981000.0
299030,3470,37.5234521575985,40.0,9.478672985780978,H,shallow,H-shallow,True,50.0,0.8680748428592311,26375.0,18.95734597156398,1.8919308357348703,0.4377521613832853,3470,653385000.0
299170,6196,36.76470588235294,549.0,9.398496240601295,H,deep,H-deep,True,5.0,0.9748595391254784,2670.0,18.726591760299627,1.8252098127824403,0.4594899935442221,6196,1463395000.0
299660,2298,38.61003861003861,371.0,9.727626459143934,H,deep,H-deep,True,5.0,0.9325396825396826,2595.0,19.26782273603083,2.14621409921671,0.34899912967798086,2298,484975000.0
299900,3430,23.06805074971165,2457.0,11.376564277587597,M,deep,M-deep,True,1.0,0.9075014723203769,435.0,22.988505747126435,1.5810495626822156,0.6349854227405248,3430,146576000.0
300080,14107,15.625,81.0,7.889546351085297,L,shallow,L-shallow,True,10.0,0.7954235951834863,12685.0,7.883326763894363,2.2249946834904657,0.46048061246189836,14107,4907908000.0
300120,3814,28.530670470756064,181.0,14.423076923077428,M,deep,M-deep,True,1.0,0.7054243104130923,1040.5,9.610764055742433,3.3154168851599373,0.2611431567907708,3814,500291000.0
300720,6170,6.033182503770739,54.0,5.971931919976914,L,shallow,L-shallow,True,10.0,0.7557949053976575,16675.0,5.997001499250374,2.3791538336845517,0.5243961744204896,6169,831649000.0
301300,2662,38.02281368821293,96.0,28.517110266159662,H,shallow,H-shallow,True,5.0,0.7227375993941689,2642.5,18.921475875118258,2.5424492862509394,0.345229151014275,2662,260534000.0
302430,1784,46.8384074941452,29.0,15.66170712607673,H,shallow,H-shallow,True,10.0,0.6951928530913216,6380.0,15.67398119122257,2.85762331838565,0.3234304932735426,1784,223085000.0
302440,9189,11.634671320535194,175.0,0.0,L,deep,L-deep,True,50.0,0.9142683533116058,43075.0,11.607661056297156,1.1933623503808488,0.8622415669205659,9190,3245100000.0
302550,2134,47.50593824228029,67.0,23.455824863174435,H,shallow,H-shallow,True,5.0,0.7773233760075865,3185.0,15.698587127158557,3.668228678537957,0.19821930646672914,2134,306396000.0
303030,10267,60.27727546714889,334.0,26.954177897574596,H,deep,H-deep,True,1.0,0.7416509527590314,764.5,13.080444735120995,5.340800623356385,0.128567254309925,10267,2031729000.0
303360,771,61.98347107438017,48.0,15.633142261595179,H,shallow,H-shallow,True,5.0,0.7330480579328505,4832.5,10.346611484738748,6.876783398184177,0.13748378728923477,771,153458000.0
303530,988,23.80952380952381,29.0,11.890606420927874,M,shallow,M-shallow,True,5.0,0.6528277634961439,4225.0,11.834319526627219,3.8815789473684212,0.29959514170040485,988,49527000.0
303810,2357,14.781966001478196,330.0,0.0,L,deep,L-deep,True,5.0,0.7836445589182228,3387.5,14.760147601476014,1.495120916419177,0.6504030547305897,2357,335828000.0
304100,19209,19.286403085824496,162.0,9.36329588014928,M,deep,M-deep,True,50.0,0.974516103442805,26125.0,19.138755980861244,1.223957519912541,0.8075381331667447,19209,9623464000.0
304360,4128,28.129395218002813,60.0,14.13427561837377,M,shallow,M-shallow,True,50.0,0.828125,35225.0,14.194464158977999,1.9411337209302326,0.4273255813953488,4128,2285851000.0
304840,3643,42.643923240938165,162.0,20.586721564590515,H,deep,H-deep,True,1.0,0.6491022099447514,938.5,10.655301012253595,5.175130387043645,0.15069997255009607,3643,334266000.0
305090,3459,30.075187969924812,67.0,15.105740181269312,M,shallow,M-shallow,True,10.0,0.8402472929470296,6610.0,15.128593040847202,2.034403006649321,0.43104943625325237,3459,847175000.0
306040,3365,47.16981132075472,106.0,17.720023626697223,H,shallow,H-shallow,True,10.0,0.8055385087450138,8425.0,11.869436201780415,3.877860326894502,0.1812778603268945,3365,1255606000.0
306200,3180,21.668472372697725,13.0,10.783608914450848,M,shallow,M-shallow,True,100.0,0.7815479974570884,138900.0,7.199424046076314,3.5745283018867924,0.24025157232704403,3180,3546086000.0
306620,6981,17.5284837861525,846.0,8.779631255487752,L,deep,L-deep,True,5.0,0.9251338833405702,2885.0,17.33102253032929,1.5924652628563243,0.5928950007162298,6981,3169158000.0
307180,38645,13.271400132714001,500.0,12.277470841006721,L,deep,L-deep,True,5.0,0.7949286898839137,4107.5,12.172854534388314,2.1220856514426187,0.5135205071807478,38645,27525084000.0
307280,1932,28.61230329041488,119.0,7.158196134574579,M,shallow,M-shallow,True,10.0,0.7382475842256464,6980.0,14.326647564469914,1.9627329192546583,0.4601449275362319,1932,107324000.0
307750,18852,21.03049421661409,376.0,10.432968179447943,M,deep,M-deep,True,5.0,0.907318088993981,4675.0,10.695187165775401,2.188627201357946,0.4644069594737959,18852,10427062000.0
307870,26625,32.46753246753247,514.0,11.68224299065379,M,deep,M-deep,True,1.0,0.7496237091795908,1232.0,8.116883116883118,4.567098591549295,0.17603755868544602,26625,10089356000.0
307930,2633,43.69992716678805,137.0,14.524328249818641,H,deep,H-deep,True,10.0,0.8361489729314647,6855.0,14.587892049598834,3.1693885301936953,0.18837827573110522,2633,761220000.0
307950,22814,12.055455093429776,38.0,5.980861244019309,L,shallow,L-shallow,True,500.0,0.9736722171583557,416250.0,12.012012012012011,1.3402586017970632,0.7486302870918256,22815,35186894000.0
308080,5914,34.18803418803419,204.5,16.949152542372616,H,deep,H-deep,True,10.0,0.8696681453676847,5865.0,17.050298380221655,2.2314846127832264,0.294555292526209,5914,1879979000.0
308100,2685,41.88481675392671,314.0,10.45478306325176,H,deep,H-deep,True,1.0,0.7399476341873948,958.0,10.4384133611691,4.588454376163873,0.12141527001862197,2685,130085000.0
308170,2364,37.629384194950646,39.0,18.957345971564177,H,shallow,H-shallow,True,10.0,0.8796197960917587,5280.0,18.93939393939394,2.036379018612521,0.42554991539763115,2364,235845000.0
308430,3355,36.36363636363637,194.0,9.310986964619072,H,deep,H-deep,True,50.0,0.9162813992911081,27175.0,18.39926402943882,1.8369597615499256,0.43725782414307,3355,1904655000.0
309710,12935,14.154281670205238,95.0,13.540961408260443,L,shallow,L-shallow,True,50.0,0.9298904141642618,36325.0,13.764624913971094,1.7709315809818322,0.5176652493235407,12935,10433567000.0
309930,851,47.961630695443645,80.0,23.66863905325367,H,shallow,H-shallow,True,1.0,0.7623493975903615,837.0,11.947431302270012,5.225616921269095,0.14218566392479437,851,37527000.0
309960,2965,36.231884057971016,173.0,17.95332136445227,H,deep,H-deep,True,10.0,0.8483026270897305,5575.0,17.937219730941703,2.700168634064081,0.28735244519392916,2965,1476462000.0
310200,2469,31.545741324921135,368.0,7.930214115781098,M,deep,M-deep,True,5.0,0.8670190925887908,3177.5,15.735641227380016,2.439854191980559,0.3090319967598218,2469,497481000.0
310210,18198,14.566642388929353,46.0,7.199424046075986,L,shallow,L-shallow,True,500.0,0.9507665910223059,345250.0,14.48225923244026,1.4716452357401912,0.6640839652709088,18198,29474556000.0
310870,6373,46.592894583576005,201.0,14.560279557367384,H,deep,H-deep,True,1.0,0.7195338381448178,1655.0,6.042296072507553,8.219990585281657,0.09493174329201318,6373,1511376000.0
311320,628,29.154518950437318,21.0,14.57725947521915,M,shallow,M-shallow,True,10.0,0.8499594484995945,6885.0,14.524328249818446,2.7786624203821657,0.24363057324840764,628,63234000.0
311390,1635,54.43658138268917,68.0,10.8108108108107,H,shallow,H-shallow,True,5.0,0.7932108377452507,4627.5,10.804970286331713,5.248318042813455,0.03302752293577982,1635,191975000.0
311690,662,37.336652146857496,35.0,18.767596456170654,H,shallow,H-shallow,True,10.0,0.706646294881589,8020.0,12.468827930174564,3.6963746223564953,0.21601208459214502,662,66988000.0
312610,324,52.38344683080147,200.0,26.28121075085921,H,deep,H-deep,True,1.0,0.8197040498442367,948.75,10.54018445322793,4.1080246913580245,0.2839506172839506,324,9982000.0
313760,8374,31.201248049921997,600.5,16.064257028112205,M,deep,M-deep,True,1.0,0.7494857523141146,673.0,14.858841010401187,2.927991401958443,0.41736326725579176,8374,1072929000.0
314130,15267,11.554015020219525,332.0,10.781671159029171,L,deep,L-deep,True,10.0,0.8915133092343083,9075.0,11.019283746556473,1.8614004061046703,0.5071723324818236,15267,7726964000.0
314140,1020,61.06870229007634,108.0,15.36098310291889,H,deep,H-deep,True,10.0,0.7346115035317861,6525.0,15.32567049808429,4.281372549019608,0.17450980392156862,1020,72286000.0
314930,4833,16.542597187758478,47.0,8.281573498964967,L,shallow,L-shallow,True,10.0,0.7879166666666667,12145.0,8.233841086867024,2.708048830953859,0.31760811090420027,4833,976019000.0
315640,5006,14.114326040931546,506.0,7.012622720896644,L,deep,L-deep,True,5.0,0.9060228190630049,3565.0,14.025245441795231,1.8132241310427486,0.5531362365161806,5006,1209160000.0
316140,31219,15.661707126076742,3694.0,0.0,L,deep,L-deep,True,50.0,0.9922181221812219,31925.0,15.661707126076742,1.0694448893302155,0.9501265255133092,31219,54128703000.0
317120,1382,31.982942430703623,236.0,8.02568218298605,M,deep,M-deep,True,1.0,0.7250830564784053,1875.5,5.3319114902692615,6.998552821997106,0.14327062228654125,1382,92397000.0
317240,2320,32.733224222585925,1904.0,16.15508885298822,H,deep,H-deep,True,1.0,0.8448444637807265,309.0,32.36245954692557,1.555603448275862,0.5116379310344827,2320,286165000.0
317330,5154,12.165450121654501,191.0,6.163328197226203,L,deep,L-deep,True,10.0,0.7274130328270456,16202.5,6.171887054466903,2.0279394644935973,0.4831199068684517,5154,1169478000.0
317400,2723,22.701475595913735,116.0,5.668934240363743,M,shallow,M-shallow,True,5.0,0.7182187730968219,4382.5,11.409013120365088,2.1659933896437753,0.33896437752478886,2723,173974000.0
317450,5155,16.82085786375105,90.0,0.0,L,shallow,L-shallow,True,100.0,0.9706041523172292,59550.0,16.79261125104954,1.2936954413191077,0.7590688651794374,5155,1468298000.0
317530,748,72.46376811594203,53.0,29.726516052319685,H,shallow,H-shallow,True,5.0,0.6871621621621622,4197.5,11.911852293031567,6.629679144385027,0.0748663101604278,748,37102000.0
317690,2255,26.666666666666664,96.0,6.756756756756133,M,shallow,M-shallow,True,5.0,0.8126538375475498,3750.0,13.333333333333332,2.5534368070953435,0.3662971175166297,2255,221233000.0
317770,3364,31.695721077654518,257.0,7.968127490040056,M,deep,M-deep,True,5.0,0.8736668168844824,3157.5,15.83531274742676,2.156064209274673,0.36087990487514865,3364,816001000.0
317830,3112,29.16869227029655,56.0,9.823182711198308,M,shallow,M-shallow,True,10.0,0.7204397394136808,10205.0,9.799118079372857,3.337724935732648,0.3023778920308483,3112,459279000.0
317850,1932,24.009603841536613,247.5,6.002400960383736,M,deep,M-deep,True,10.0,0.912604821802935,8365.0,11.95457262402869,2.5476190476190474,0.265527950310559,1932,1025470000.0
317870,1118,35.714298368161266,29.0,28.985507246376272,H,shallow,H-shallow,True,10.0,0.6454834316840672,8465.0,11.813349084465445,4.6815742397137745,0.26028622540250446,1118,200460000.0
318000,640,36.87768899815612,48.0,12.277470841006721,H,shallow,H-shallow,True,5.0,0.6470588235294118,4067.5,12.292562999385371,3.240625,0.25625,640,33970000.0
318010,331,43.63636363636364,83.0,14.513788098693414,H,shallow,H-shallow,True,5.0,0.7596749226006192,3445.0,14.513788098693759,3.86404833836858,0.16314199395770393,331,21882000.0
318020,1327,28.90173410404624,40.0,14.587892049597873,M,shallow,M-shallow,True,5.0,0.7983594048073255,3457.5,14.461315979754158,2.506405425772419,0.3873398643556895,1327,64359000.0
318060,9213,22.396416573348265,133.0,11.117287381878782,M,shallow,M-shallow,True,50.0,0.8402451034029982,43850.0,11.402508551881414,2.14392705958971,0.4656463692608271,9213,8262153000.0
318160,1333,57.306590257879655,46.0,21.551724137931494,H,shallow,H-shallow,True,10.0,0.7995444191343963,6985.0,14.316392269148174,4.570892723180795,0.1342835708927232,1333,292631000.0
318410,5244,25.03128911138924,162.0,12.845215157353262,M,deep,M-deep,True,10.0,0.8491315866941419,7790.0,12.836970474967906,2.6060259344012207,0.47368421052631576,5244,1537112000.0
319400,37774,16.877637130801688,1222.0,0.0,L,deep,L-deep,True,50.0,0.9996880701942685,29675.0,16.849199663016005,1.0324297135595912,0.9689998411605867,37774,26512328000.0
319660,57523,14.194464158977999,159.0,6.821282401090478,L,deep,L-deep,True,100.0,0.9850204467369128,72150.0,13.86001386001386,1.2300818802913618,0.8038176033934252,57523,71738975000.0
320000,1147,41.38338752586462,234.0,14.76668635558287,H,deep,H-deep,True,1.0,0.6896857016378929,1692.0,5.91016548463357,8.001743679163035,0.15082824760244115,1147,126382000.0
321260,800,31.565659710829465,53.0,9.445843828714828,M,shallow,M-shallow,True,1.0,0.5910094637223975,1585.0,6.309148264984228,6.0875,0.05,800,34383000.0
321370,120309,11.204481792717086,2255.0,0.0,L,deep,L-deep,True,5.0,0.9819930749913331,4482.5,11.154489682097045,1.293103591585002,0.8009458976468926,120309,203427326000.0
321550,6393,27.359781121751027,198.0,13.586956521738358,M,deep,M-deep,True,10.0,0.8540404437799984,7350.0,13.605442176870747,2.442828093226967,0.2668543719693415,6393,2454521000.0
321820,1700,28.90173410404624,72.0,14.326647564470996,M,shallow,M-shallow,True,5.0,0.8002665087355642,3497.5,14.295925661186562,3.2094117647058824,0.3811764705882353,1700,102660000.0
322000,56943,8.521516829995738,88.0,4.161464835621409,L,shallow,L-shallow,True,100.0,0.9365212503209015,118650.0,8.428150021070376,1.38852887975695,0.7577928805998981,56943,86678011000.0
322180,4039,25.31645569620253,333.0,6.40204865556937,M,deep,M-deep,True,10.0,0.8113931154901471,7865.0,12.714558169103624,1.955929685565734,0.4161921267640505,4039,1033376000.0
322310,13797,16.01281024819856,185.0,7.961783439490722,L,deep,L-deep,True,50.0,0.9770939295254125,31325.0,15.961691939345572,1.3704428498949046,0.7142132347611799,13797,10706714000.0
322510,22489,11.730205278592376,413.0,5.830903790087216,L,deep,L-deep,True,10.0,0.9145242631401995,8675.0,11.527377521613833,1.7781137444973099,0.587665080706123,22489,14268359000.0
322780,2474,69.44444444444444,1195.5,17.513134851139256,H,deep,H-deep,True,1.0,0.9259259259259259,287.0,34.84320557491289,2.414308811641067,0.3565076798706548,2474,171922000.0
323280,23728,14.01541695865452,163.0,0.0,L,deep,L-deep,True,100.0,0.9672972396887989,71550.0,13.97624039133473,1.2731372218476062,0.8065155091031693,23728,26520731000.0
323350,18967,27.855153203342617,73.0,15.561780267662195,M,shallow,M-shallow,True,10.0,0.6787000480179267,15875.0,6.299212598425196,4.915010281014394,0.18569093689038857,18967,14468278000.0
323410,19443,21.119324181626187,1325.0,0.0,M,deep,M-deep,True,50.0,0.9969755167097802,23675.0,21.119324181626187,1.1104767782749576,0.927223165149411,19443,14485254000.0
323990,3653,24.691358024691358,108.0,6.172839506173311,M,shallow,M-shallow,True,10.0,0.8885116407982262,8125.0,12.307692307692308,2.6244182863399947,0.3534081576786203,3653,679309000.0
326030,24124,10.443864229765012,495.0,0.0,L,deep,L-deep,True,100.0,0.9940332753598894,95750.0,10.443864229765012,1.0917758249046592,0.9379456143259824,24124,14186339000.0
327260,17726,29.154518950437318,74.0,14.892032762472418,M,shallow,M-shallow,True,100.0,0.8671735368379245,66300.0,15.08295625942685,1.9085524088908947,0.4801421640528038,17726,16515158000.0
328130,8845,13.30671989354624,103.0,6.635700066357497,L,shallow,L-shallow,True,50.0,0.9448759997698372,37800.0,13.227513227513226,1.4933860938383268,0.6455624646693047,8845,4742814000.0
328380,1907,25.03128911138924,301.0,18.645121193288094,M,deep,M-deep,True,1.0,0.8499200639488409,801.0,12.484394506866417,2.9417933927635027,0.3219716832721552,1907,120285000.0
329180,30093,17.10863986313088,286.0,0.0,L,deep,L-deep,True,1000.0,0.9969063151523303,584500.0,17.10863986313088,1.0462566045259696,0.9583956401821021,30093,89726159000.0
330350,2391,35.90664272890485,121.0,11.933174224343368,H,deep,H-deep,True,10.0,0.8092541141269503,8340.0,11.990407673860911,3.2011710581346717,0.15307402760351319,2391,922034000.0
330730,1520,35.90664272890485,143.0,13.307710137197004,H,deep,H-deep,True,10.0,0.8963149078726969,5570.0,17.953321364452425,2.132236842105263,0.3092105263157895,1520,341591000.0
330860,5575,16.963528413910094,21.0,11.418783899515006,L,shallow,L-shallow,True,10.0,0.5614532685035116,17830.0,5.608524957936063,4.053273542600897,0.37004484304932733,5575,952417000.0
331380,2440,47.808764940239044,236.0,24.11575562700996,H,deep,H-deep,True,5.0,0.7873033940397351,3120.0,16.025641025641026,3.391642769356821,0.22531749283080704,2441,863360000.0
331520,822,36.16636528028933,994.0,9.033423667570428,H,deep,H-deep,True,1.0,0.8146896127842655,554.0,18.050541516245488,2.772506082725061,0.26034063260340634,822,34471000.0
331740,9035,10.471204188481677,96.0,7.808433107756585,L,shallow,L-shallow,True,10.0,0.6390346714309643,19250.0,5.194805194805195,3.697543160690571,0.36664453297919436,9036,4862345000.0
331920,5078,49.71002485501243,102.0,17.18213058419238,H,shallow,H-shallow,True,10.0,0.7690082225154806,5930.0,16.863406408094434,3.6606931862938166,0.24379677038204017,5078,1369237000.0
332290,11320,22.115739034279397,435.0,11.061946902655162,M,deep,M-deep,True,1.0,0.7519532984107253,1364.5,7.328691828508611,3.677766981715396,0.22268350852398197,11321,3876875000.0
332370,248,50.175614651279474,57.0,25.062656641604562,H,shallow,H-shallow,True,10.0,0.45483870967741935,4990.0,20.040080160320638,2.9556451612903225,0.12096774193548387,248,12220000.0
332570,6216,19.90049751243781,520.0,9.861932938856066,M,deep,M-deep,True,10.0,0.8522485690923958,5045.0,19.821605550049554,1.4626769626769627,0.6634491634491635,6216,1848745000.0
333050,954,43.01075268817204,30.0,12.95617041229602,H,shallow,H-shallow,True,1.0,0.6857981847303791,1166.5,8.572653236176597,5.772536687631027,0.18867924528301888,954,44431000.0
333430,5264,17.40644038294169,321.0,8.650519031141446,L,deep,L-deep,True,10.0,0.8904402576179948,5785.0,17.28608470181504,1.611322188449848,0.5925151975683891,5264,1863030000.0
333620,1125,33.78378378378378,58.0,16.792611251049692,H,shallow,H-shallow,True,10.0,0.6872735507246377,5945.0,16.82085786375105,2.32,0.34933333333333333,1125,74113000.0
334970,2655,19.821605550049554,448.0,9.83284169124854,M,deep,M-deep,True,5.0,0.8736742424242424,2542.5,19.665683382497544,1.7153614457831325,0.5188253012048193,2656,147352000.0
335810,637,23.446658851113714,57.0,23.33722287047868,M,shallow,M-shallow,True,5.0,0.8465503568596352,2147.5,23.28288707799767,1.6279434850863421,0.5777080062794349,637,27197000.0
335870,537,95.23809523809524,98.0,24.449877750611915,H,shallow,H-shallow,True,5.0,0.7652235965746907,2090.0,23.923444976076553,4.867783985102421,0.08193668528864059,537,36462000.0
336060,2031,20.512820512820515,85.0,15.282730514518672,M,shallow,M-shallow,True,1.0,0.7384213147410359,979.0,10.21450459652707,2.932545544066962,0.15755785327424915,2031,130638000.0
336260,43088,11.689070718877849,351.0,0.0,L,deep,L-deep,True,50.0,0.9947744193146857,42875.0,11.661807580174926,1.1959478277014481,0.839444857036762,43088,42889625000.0
336370,7470,12.277470841006751,180.0,6.071645415908211,L,deep,L-deep,True,10.0,0.8498711777069632,8240.0,12.135922330097086,1.6758602222519747,0.6000803320390949,7469,1302363000.0
336570,9707,14.63057790782736,600.0,0.0,L,deep,L-deep,True,10.0,0.9693661971830986,6845.0,14.609203798392988,1.2335187474248044,0.8186032138442522,9708,2100904000.0
336680,1925,27.3224043715847,285.0,13.522650439485862,M,deep,M-deep,True,5.0,0.768988173455979,3662.5,13.651877133105803,2.3335064935064933,0.2872727272727273,1925,254781000.0
337930,2939,11.357183418512209,378.0,5.636978579481866,L,deep,L-deep,True,5.0,0.8987859479938006,4447.5,11.242270938729623,1.8857142857142857,0.5037414965986394,2940,665759000.0
338220,5217,11.527377521613833,108.0,5.772005772005651,L,shallow,L-shallow,True,10.0,0.7416141541444499,17370.0,5.757052389176742,2.9735480161012076,0.39409622388345794,5217,1469255000.0
338840,39482,28.368794326241137,134.0,7.892659826361781,M,shallow,M-shallow,True,50.0,0.9531432083904263,33175.0,15.071590052750565,1.847655953195046,0.4820555682192336,39483,44038093000.0
339770,2027,23.31002331002331,290.0,5.89622641509413,M,deep,M-deep,True,5.0,0.8987230846269404,4252.5,11.757789535567314,1.648741983226443,0.47755303404045385,2027,309472000.0
339950,1793,43.196544276457885,937.0,10.917030567685337,H,deep,H-deep,True,5.0,0.9140602986756833,2312.5,21.62162162162162,2.2459564974902397,0.3786949247071946,1793,713104000.0
340360,6501,31.645569620253163,325.0,13.728720483250356,M,deep,M-deep,True,1.0,0.648128094059406,1853.0,5.396654074473826,6.187019378652722,0.1410335281451861,6502,2435419000.0
340440,1367,24.66091245376079,52.0,8.220304151254076,M,shallow,M-shallow,True,1.0,0.7064220183486238,1217.5,8.213552361396303,3.4542794440380393,0.21580102414045355,1367,46511000.0
340450,3492,25.839793281653748,52.0,13.097576948264411,M,shallow,M-shallow,True,10.0,0.9259715777262181,7575.0,13.201320132013201,2.02262313860252,0.4965635738831615,3492,1064890000.0
340570,2724,20.060180541624874,54.0,5.08130081300795,M,shallow,M-shallow,True,50.0,0.8054520037278659,49325.0,10.13684744044602,1.9438325991189427,0.4669603524229075,2724,908146000.0
340810,1942,38.75968992248062,143.0,19.36108422071703,H,deep,H-deep,True,5.0,0.8200520833333333,2580.0,19.37984496124031,2.1178589809572825,0.3530622748327329,1943,288454000.0
340930,5013,19.53125,799.0,9.779951100244988,M,deep,M-deep,True,1.0,0.8104298801973221,1021.5,9.789525208027412,2.5417913425094754,0.4615998404149212,5013,662772000.0
342870,679,59.25925925925926,44.0,22.156573116691725,H,shallow,H-shallow,True,10.0,0.6371814092953523,6815.0,14.67351430667645,4.829160530191458,0.061855670103092786,679,27857000.0
344820,7117,19.58863858961802,264.0,0.0,M,deep,M-deep,True,50.0,0.9989190530195634,25550.0,19.569471624266143,1.1027118167767318,0.9034705634396515,7117,1089686000.0
344860,810,67.98096532970769,26.0,10.21450459652684,H,shallow,H-shallow,True,1.0,0.6577233250620348,1468.0,6.8119891008174385,11.524691358024691,0.12469135802469136,810,23986000.0
347000,1613,44.943820224719104,545.0,22.371364653244186,H,deep,H-deep,True,5.0,0.8594930730478589,2225.0,22.471910112359552,2.1356877323420074,0.38413878562577447,1614,271576000.0
347700,36557,18.921475875118258,331.0,0.0,M,deep,M-deep,True,100.0,0.9896847761523905,52900.0,18.90359168241966,1.1451158464863092,0.8685614246245589,36557,43512401000.0
347740,1759,23.446658851113714,117.0,0.0,M,shallow,M-shallow,True,5.0,0.8820281124497992,2137.5,23.391812865497077,1.281978396816373,0.8010233086981239,1759,188866000.0
347770,2194,42.06983592763988,150.0,25.104606905447802,H,deep,H-deep,True,1.0,0.662734768666972,1186.0,8.431703204047217,6.1640838650865994,0.1440291704649043,2194,383497000.0
347850,47582,11.46131805157593,98.0,5.668934240362633,L,shallow,L-shallow,True,100.0,0.9852172206783903,87650.0,11.409013120365088,1.309900594750226,0.752411575562701,47583,66366435000.0
347860,3605,17.980221756068325,186.0,8.941877794337305,L,deep,L-deep,True,1.0,0.6892817216321968,1673.5,5.975500448162533,4.40998613037448,0.23245492371705964,3605,349682000.0
347890,642,35.714285714285715,26.0,26.71415850400649,H,shallow,H-shallow,True,10.0,0.7684085510688836,5620.0,17.793594306049823,2.783489096573209,0.19781931464174454,642,126187000.0
348030,387,21.119324181626187,664.0,10.548523206750371,M,deep,M-deep,True,5.0,0.835438829787234,2372.5,21.07481559536354,1.6666666666666667,0.5710594315245479,387,13702000.0
348080,2876,34.10059676044331,241.5,17.072129748185727,H,deep,H-deep,True,1.0,0.6804282692985548,1194.0,8.375209380234505,5.426138338547098,0.18004866180048662,2877,695056000.0
348150,1390,42.96455424274973,20.0,10.775862068965747,H,shallow,H-shallow,True,5.0,0.7519985465116279,4650.0,10.75268817204301,3.920863309352518,0.16330935251798562,1390,110268000.0
348210,13596,12.554927809165099,70.0,6.215040397763438,L,shallow,L-shallow,True,100.0,0.9203261070965351,80350.0,12.445550715619166,1.5261454732661617,0.6294035448996103,13597,5081866000.0
348340,29127,15.048908954100828,163.0,0.0,L,deep,L-deep,True,100.0,0.9790814735237039,66650.0,15.003750937734434,1.1935661070484431,0.859031139492567,29127,23806138000.0
348350,4315,29.542097488921716,59.0,14.851485148514865,M,shallow,M-shallow,True,10.0,0.7844147432878003,10095.0,9.905894006934126,3.3654692931633834,0.2354577056778679,4315,815401000.0
348370,17443,17.809439002671414,266.0,0.0,L,deep,L-deep,True,100.0,0.9813091574240752,56150.0,17.809439002671414,1.1154044602419309,0.9064381127099697,17443,7705257000.0
351320,2617,62.139369729249886,113.0,42.24757076468077,H,deep,H-deep,True,1.0,0.5186253421978881,1145.0,8.733624454148472,12.664119220481467,0.058463889950324796,2617,306329000.0
351330,1434,26.560424966799467,67.0,19.986675549632515,M,shallow,M-shallow,True,10.0,0.7095406360424028,7485.0,13.360053440213761,2.4651324965132497,0.48675034867503486,1434,144109000.0
351870,439,73.0816077953715,72.0,12.195121951219523,H,shallow,H-shallow,True,5.0,0.5802325581395349,4105.0,12.180267965895249,5.834090909090909,0.1340909090909091,440,14654000.0
352090,916,27.972027972027973,239.0,13.89854065323215,M,deep,M-deep,True,5.0,0.7096774193548387,3575.0,13.986013986013987,2.2903930131004366,0.3067685589519651,916,63154000.0
352480,3076,19.32367149758454,31.0,9.615384615384581,M,shallow,M-shallow,True,50.0,0.9032657100445324,26000.0,19.230769230769234,1.5544361390965227,0.647708807279818,3077,505740000.0
352700,1389,24.906600249066003,1006.0,5.028916268543515,M,deep,M-deep,True,1.0,0.4152480985150308,2004.5,4.9887752556747325,7.362131029517639,0.09215262778977681,1389,33122000.0
352820,45183,14.054813773717498,257.0,0.0,L,deep,L-deep,True,500.0,0.9943185651636118,355750.0,14.054813773717498,1.0321359803465906,0.9692804815970608,45183,92339829000.0
352910,1660,22.90950744558992,137.0,5.810575246949501,M,shallow,M-shallow,True,5.0,0.9123258631132647,4327.5,11.554015020219525,2.0903614457831323,0.4951807228915663,1660,89612000.0
352940,737,20.100502512562816,46.0,10.002500625155841,M,shallow,M-shallow,True,1.0,0.4157496561210454,1996.0,5.0100200400801596,5.052917232021709,0.33921302578018997,737,28860000.0
353190,1032,58.22416302765648,144.0,21.802325581394832,H,deep,H-deep,True,1.0,0.8154228855721393,684.0,14.619883040935672,3.511627906976744,0.21027131782945738,1032,23434000.0
353200,65535,15.20912547528517,608.0,0.0,L,deep,L-deep,True,100.0,0.9985722873459573,66050.0,15.14004542013626,1.1453749198889127,0.8671224097415082,65534,94815369000.0
353590,859,52.67778753292362,56.0,17.590149516271136,H,shallow,H-shallow,True,5.0,0.5523255813953488,2832.5,17.6522506619594,2.711292200232829,0.25145518044237486,859,32040000.0
353810,3426,28.653295128939828,300.0,7.158196134573469,M,deep,M-deep,True,10.0,0.8473699763593381,6985.0,14.316392269148174,2.46964389959136,0.340630472854641,3426,681462000.0
354200,2795,47.39336492890995,300.0,23.89486260453988,H,deep,H-deep,True,5.0,0.8878147482014388,2112.5,23.668639053254438,2.158855098389982,0.29481216457960646,2795,968898000.0
354320,20583,30.211480362537763,44.0,16.012810248198228,M,shallow,M-shallow,True,100.0,0.8981526702644624,61450.0,16.273393002441008,1.885925278142156,0.4736918816499053,20583,20216778000.0
355150,21887,39.138943248532286,140.0,20.44989775051187,H,deep,H-deep,True,50.0,0.8956228373702422,23725.0,21.07481559536354,1.8688779239766082,0.46884137426900585,21888,17745430000.0
355390,1441,37.66478342749529,80.0,27.649769585254003,H,shallow,H-shallow,True,5.0,0.7891830294530154,2690.0,18.587360594795538,2.582234559333796,0.26162387231089523,1441,172203000.0
355690,1833,36.63003663003663,90.0,27.247956403269047,H,shallow,H-shallow,True,10.0,0.7694995806541794,5460.0,18.315018315018314,2.590289143480633,0.35733769776322966,1833,358392000.0
356680,3536,14.545454545454545,222.0,7.241129616220032,L,deep,L-deep,True,10.0,0.9396415202994529,6945.0,14.398848092152628,1.7680995475113122,0.5325226244343891,3536,744383000.0
356860,12522,17.467248908296945,125.0,8.554319931566301,L,shallow,L-shallow,True,100.0,0.977919449504149,58050.0,17.22652885443583,1.3908321354416227,0.6799233349305223,12522,7424098000.0
356890,1613,30.959752321981426,26.0,15.396458814472824,M,shallow,M-shallow,True,5.0,0.8108791903858318,3237.5,15.444015444015443,2.515189088654681,0.3546187228766274,1613,97250000.0
357230,2150,20.42900919305414,165.5,10.193679918450993,M,deep,M-deep,True,5.0,0.831229546517064,2452.5,20.387359836901123,1.4804651162790698,0.6725581395348837,2150,152744000.0
357550,2436,36.16636528028933,16.0,9.208103130755596,H,shallow,H-shallow,True,100.0,0.8698026039479211,54350.0,18.39926402943882,1.9552545155993433,0.4540229885057471,2436,400367000.0
357580,37422,35.650623885918,146.0,21.95389681668547,H,deep,H-deep,True,50.0,0.9212371090087786,24575.0,20.34587995930824,2.077332121957085,0.46033188146327125,37423,41999598000.0
357780,14150,11.997600479904019,16.0,5.984440454818163,L,shallow,L-shallow,True,500.0,0.9751560549313358,418250.0,11.95457262402869,1.4009893992932863,0.7213427561837455,14150,11914356000.0
357880,93952,17.22652885443583,1221.0,9.380863039398779,L,deep,L-deep,True,5.0,0.4939662780308387,4907.5,10.188487009679063,2.146828733515694,0.2937319723691633,93953,175923901000.0
358570,15322,7.44324525493115,270.0,3.7439161362784468,L,deep,L-deep,True,10.0,0.8706210322028881,13555.0,7.377351530800443,1.588565461428012,0.661728233912022,15322,8254071000.0
359090,937,36.92307692307692,218.0,12.315270935960854,H,deep,H-deep,True,1.0,0.9172535211267606,812.0,12.31527093596059,2.975453575240128,0.17716115261472787,937,133174000.0
360070,3581,11.086474501108647,66.0,11.001100110010764,L,shallow,L-shallow,True,10.0,0.6293804317353519,18265.0,5.474952094169176,4.510471935213627,0.27478358000558506,3581,841379000.0
360350,4348,30.14318010550113,29.0,18.867924528301884,M,shallow,M-shallow,True,10.0,0.6105339524085897,13225.0,7.561436672967864,6.461821527138914,0.25597976080956764,4348,1586856000.0
361390,13879,17.590149516270888,189.0,8.510638297872797,L,deep,L-deep,True,50.0,0.9666757493188011,29425.0,16.99235344095157,1.5922616903235103,0.5893075870019454,13879,12374352000.0
361570,673,49.01960784313725,1085.0,0.0,H,deep,H-deep,True,5.0,0.7649621212121213,2040.0,24.509803921568626,1.811292719167905,0.3447251114413076,673,178915000.0
361610,12291,23.391812865497077,927.0,0.0,M,deep,M-deep,True,50.0,0.9968411925014452,21375.0,23.391812865497077,1.033599088838269,0.9665636186137325,12292,2950839000.0
361670,680,69.74721953651849,48.0,43.9947291488596,H,shallow,H-shallow,True,5.0,0.6656931464174455,2892.5,17.28608470181504,8.58529411764706,0.18529411764705883,680,49008000.0
362320,1692,39.29273084479371,83.0,19.50268625493301,H,shallow,H-shallow,True,10.0,0.8251941457586619,5090.0,19.646365422396855,2.1761229314420802,0.3622931442080378,1692,228256000.0
362990,746,71.91892775416802,15.0,21.026263550823487,H,shallow,H-shallow,True,1.0,0.5666441136671178,1537.0,6.506180871828238,14.627345844504022,0.030831099195710455,746,25645000.0
363250,4023,36.69724770642202,40.0,27.62430939226568,H,shallow,H-shallow,True,10.0,0.7830531861515304,5385.0,18.570102135561747,2.113099676858066,0.4628386776037783,4023,526781000.0
363260,2259,13.253810470510272,122.0,6.6291017567121635,L,shallow,L-shallow,True,1.0,0.8805853440571939,1507.5,6.633499170812604,2.818946436476317,0.43736166445329794,2259,98440000.0
363280,1602,35.77817531305904,109.5,17.69911504424737,H,deep,H-deep,True,5.0,0.8963857323232324,2792.5,17.905102954341988,2.212234706616729,0.35143570536828966,1602,257781000.0
364950,2037,32.414910858995135,152.0,16.012810248198228,M,deep,M-deep,True,10.0,0.8361749444032617,6225.0,16.06425702811245,2.7584683357879234,0.21993127147766323,2037,270413000.0
365270,14432,20.232675771370765,104.0,7.737941707506302,M,shallow,M-shallow,True,10.0,0.742739965095986,19440.0,5.1440329218107,4.379018847006652,0.21431541019955655,14432,10690089000.0
365330,4579,29.806259314456035,594.0,7.490636704119424,M,deep,M-deep,True,5.0,0.95940194561132,3342.5,14.958863126402393,1.8596069868995633,0.4661572052401747,4580,1682930000.0
365340,11107,18.814675446848543,57.0,9.199632014720294,M,shallow,M-shallow,True,100.0,0.9480771853266058,54150.0,18.467220683287163,1.721436931664716,0.5010353830917439,11107,2880645000.0
365590,1822,22.650056625141563,179.0,11.376564277588708,M,deep,M-deep,True,5.0,0.7519331676332505,2217.5,22.547914317925592,1.5779363336992316,0.6558726673984633,1822,105313000.0
365900,696,68.14310051107326,13.0,25.6191289496166,H,shallow,H-shallow,True,5.0,0.7392751479289941,2925.0,17.094017094017094,4.514367816091954,0.1867816091954023,696,34833000.0
366030,9341,34.542314335060446,427.0,8.77192982456032,H,deep,H-deep,True,10.0,0.8980776551199087,5705.0,17.5284837861525,1.8545123648431645,0.4894550904614067,9341,4644653000.0
367000,347,83.91608391608392,222.0,20.703933747412417,H,deep,H-deep,True,5.0,0.5472873900293255,3595.0,13.908205841446453,6.389048991354467,0.09221902017291066,347,17243000.0
368600,2442,47.789725209080046,92.0,24.585125998770607,H,shallow,H-shallow,True,1.0,0.6616463792036311,833.5,11.997600479904019,4.795659295659296,0.12735462735462735,2442,295656000.0
368770,43903,10.432968179447052,141.0,5.2465897166831255,L,shallow,L-shallow,True,10.0,0.823403656982817,19115.0,5.23149359142035,2.679247431838371,0.4244812427396761,43903,42734078000.0
368970,879,83.41353865896696,86.0,6.4082024991996,H,shallow,H-shallow,True,1.0,0.6878330373001776,1556.5,6.4246707356248,18.215017064846418,0.030716723549488054,879,23534000.0
369370,19746,14.094432699083862,352.0,10.427528675703845,L,deep,L-deep,True,1.0,0.7649637476217411,1428.5,7.000350017500875,2.7448597184239847,0.37820318039096523,19746,4844584000.0
370090,2159,23.139220979560356,48.0,11.560693641619046,M,shallow,M-shallow,True,10.0,0.6707758822154709,12985.0,7.701193685021178,3.9717461787864754,0.20055581287633165,2159,411320000.0
371950,9595,17.37619461337967,58.0,11.428571428571122,L,shallow,L-shallow,True,10.0,0.6925352633525279,17385.0,5.752085130859936,4.169984366857738,0.2915059927045336,9595,5828800000.0
372170,2454,34.24657534246575,25.0,8.643042350907626,H,shallow,H-shallow,True,50.0,0.8887179487179487,29050.0,17.21170395869191,1.7334963325183375,0.46291768541157297,2454,284503000.0
372320,7574,21.07481559536354,124.0,5.382131324004336,M,shallow,M-shallow,True,50.0,0.8863712207168124,46775.0,10.689470871191876,2.0607340903089515,0.4816477422762081,7574,4487206000.0
372800,939,46.72897196261682,21.0,17.62632197414904,H,shallow,H-shallow,True,5.0,0.5939189189189189,4307.5,11.607661056297156,6.697550585729499,0.11395101171458999,939,44694000.0
372910,2222,38.38771593090211,160.0,9.718172983479434,H,deep,H-deep,True,5.0,0.9624257651895843,2597.5,19.249278152069298,1.8667866786678669,0.34338433843384336,2222,307242000.0
373110,1485,59.040590405904055,22.0,18.477457501848704,H,shallow,H-shallow,True,1.0,0.6241062308478039,1376.0,7.267441860465116,9.352861952861954,0.03164983164983165,1485,141663000.0
373160,3425,33.65114974761637,29.0,26.08242044861764,H,shallow,H-shallow,True,5.0,0.7277669466106779,4607.5,10.851871947911015,3.9927028604786923,0.19030939871570343,3426,551167000.0
373170,2421,21.668472372697725,118.0,21.253985122210437,M,shallow,M-shallow,True,5.0,0.7366771159874608,2357.5,21.208907741251327,1.9512598099958696,0.5621643948781495,2421,304680000.0
373200,3163,39.76143141153081,253.0,32.67973856209139,H,deep,H-deep,True,1.0,0.7117240270183338,763.5,13.097576948264571,5.219095795131205,0.21340499525766676,3163,621696000.0
373220,33852,13.6332651670075,840.0,0.0,L,deep,L-deep,True,500.0,0.9987049735006138,366750.0,13.6332651670075,1.025050958612744,0.9824820537059467,33851,102937780000.0
375500,21910,10.520778537611783,251.0,5.020080321285203,L,deep,L-deep,True,50.0,0.9283919308357349,47775.0,10.465724751439037,1.3148934227942854,0.7773061299009539,21909,17237442000.0
376180,5136,55.81395348837209,201.0,18.850141376061114,H,deep,H-deep,True,5.0,0.8970956434651978,2645.0,18.90359168241966,2.684190031152648,0.22157320872274144,5136,1243449000.0
376270,3384,44.02054292002935,30.0,7.5301204819278045,H,shallow,H-shallow,True,100.0,0.8617916729295055,67750.0,14.760147601476014,3.0635155096011815,0.2070901033973412,3385,1427108000.0
376290,421,55.19779208831647,329.0,18.43317972350267,H,deep,H-deep,True,5.0,0.891941391941392,2717.5,18.39926402943882,2.6318289786223277,0.3254156769596199,421,33096000.0
376300,9061,13.271400132714001,46.0,12.928248222365823,L,shallow,L-shallow,True,50.0,0.823991218319253,37925.0,13.183915622940011,1.7194879717501654,0.5764731847274333,9062,3246397000.0
376900,23192,9.925558312655086,53.0,4.955401387511937,L,shallow,L-shallow,True,100.0,0.9181037305450656,102500.0,9.75609756097561,1.7387461193515006,0.5477319765436357,23192,33765635000.0
376930,2355,43.03719643406086,507.0,6.207324643079382,H,deep,H-deep,True,1.0,0.7379725085910653,1613.5,6.197706848466068,6.830573248407643,0.08662420382165605,2355,349920000.0
376980,1138,42.34297812279464,87.0,14.316392269149159,H,shallow,H-shallow,True,5.0,0.7961435577351761,3500.0,14.285714285714286,3.3339191564147628,0.20210896309314588,1138,83692000.0
377030,3617,30.045067601402103,273.0,14.992503748125774,M,deep,M-deep,True,1.0,0.736053144129104,1015.5,9.847365829640571,4.2592592592592595,0.20011055831951355,3618,523202000.0
377220,92325,16.680567139282736,900.0,5.543237250554833,L,deep,L-deep,True,1.0,0.7548130259908203,1823.5,5.483959418700302,4.10772813430815,0.27866774979691306,92325,39498559000.0
377300,19786,17.37619461337967,150.0,0.0,L,shallow,L-shallow,True,100.0,0.9868003277513187,57600.0,17.36111111111111,1.1809865561508137,0.8359446072980895,19786,12407498000.0
377330,531,33.44481605351171,31.0,16.792611251049692,H,shallow,H-shallow,True,5.0,0.6344678811121764,2987.5,16.736401673640167,2.7702448210922785,0.4067796610169492,531,20354000.0
377450,2902,15.898251192368841,39.0,7.895775759968471,L,shallow,L-shallow,True,10.0,0.8366938988353902,12595.0,7.939658594680428,2.996209510682288,0.32253618194348727,2902,353168000.0
377480,6397,12.658227848101266,66.0,9.285051067781103,L,shallow,L-shallow,True,10.0,0.7161308160202228,15985.0,6.255864873318736,3.526653118649367,0.3781460059402845,6397,2568802000.0
377740,1795,37.10575139146568,270.0,9.319664492077884,H,deep,H-deep,True,10.0,0.8673585442138186,5370.0,18.6219739292365,1.803342618384401,0.46016713091922007,1795,475221000.0
378340,2631,21.52852529601722,64.0,10.634526763559915,M,shallow,M-shallow,True,10.0,0.7090671569576157,14145.0,7.069635913750442,4.106762917933131,0.2169452887537994,2632,601082000.0
378800,6982,18.674136321195146,383.0,6.2266500622665255,M,deep,M-deep,True,1.0,0.7179875848130504,1621.0,6.169031462060457,4.050988255514179,0.19865368089372673,6982,1677148000.0
378850,1166,42.10526315789473,126.0,7.082152974504652,H,deep,H-deep,True,5.0,0.860806663743972,3560.0,14.044943820224718,3.095197255574614,0.11663807890222985,1166,173594000.0
380540,44786,10.368066355624675,930.0,5.154639175257714,L,deep,L-deep,True,5.0,0.8253128548780625,4895.0,10.21450459652707,1.6513943778328533,0.5917118806796615,44787,37564826000.0
380550,15225,20.986358866736623,204.0,10.141987829614951,M,deep,M-deep,True,50.0,0.9662983699973496,24025.0,20.811654526534863,1.3175697865353038,0.7178981937602628,15225,10634552000.0
381620,4146,19.98001998001998,126.0,9.675858732463016,M,shallow,M-shallow,True,10.0,0.818668870928239,10085.0,9.915716410510658,2.7612732095490715,0.3178201109235592,4147,1182412000.0
381970,4546,13.89854065323141,89.0,3.4891835310535413,L,shallow,L-shallow,True,10.0,0.9015521064301553,14350.0,6.968641114982578,1.836119665640123,0.4703035635723713,4546,591743000.0
382150,2378,28.449502133712663,93.0,13.976240391334604,M,shallow,M-shallow,True,10.0,0.8318220610198421,7120.0,14.044943820224718,2.5866274179983177,0.2750210260723297,2378,404296000.0
382480,2768,43.10344827586207,406.0,21.43622722400762,H,deep,H-deep,True,5.0,0.9073397845535878,2315.0,21.598272138228943,2.1058526011560694,0.37210982658959535,2768,665948000.0
382800,26818,25.03128911138924,439.0,11.383039271485318,M,deep,M-deep,True,5.0,0.8604182678308026,4352.5,11.487650775416428,2.7198523379819526,0.3129987321947945,26818,19891372000.0
382840,3018,23.28288707799767,67.0,5.8445353594382965,M,shallow,M-shallow,True,10.0,0.8330682959491128,8625.0,11.594202898550725,2.523683338853925,0.34779728386883074,3019,465511000.0
382900,13183,15.785319652722968,103.0,7.818608287725182,L,shallow,L-shallow,True,50.0,0.9187216716601367,31975.0,15.63721657544957,1.5353106273230677,0.6176135932640522,13183,6719962000.0
383220,10351,16.090104585679807,42.0,7.974481658692412,L,shallow,L-shallow,True,100.0,0.9593241857512574,62250.0,16.06425702811245,1.3166183574879227,0.738743961352657,10350,4113624000.0
383310,11852,16.46090534979424,200.0,0.0,L,deep,L-deep,True,50.0,0.9807266141061155,30425.0,16.433853738701725,1.2536066818526954,0.7814899181641779,11853,3695120000.0
383800,5492,12.307692307692308,94.0,6.157635467980427,L,shallow,L-shallow,True,10.0,0.8543825066471074,8145.0,12.277470841006751,1.5473415877640204,0.6021485797523671,5492,1185228000.0
383930,1606,32.948929159802304,105.5,24.301340559977348,H,shallow,H-shallow,True,5.0,0.6639135959339263,3032.5,16.488046166529266,2.5541718555417185,0.3816936488169365,1606,257911000.0
384470,2097,44.54342984409799,100.0,14.880952380953438,H,shallow,H-shallow,True,5.0,0.7717652717652718,3362.5,14.869888475836431,3.296614210777301,0.25560324272770624,2097,133130000.0
387570,916,88.36524300441826,70.5,21.96193265007418,H,shallow,H-shallow,True,10.0,0.6265345982142857,6855.0,14.587892049598834,7.554585152838428,0.03165938864628821,916,125982000.0
388050,27732,8.528784648187633,249.0,4.249893752656941,L,deep,L-deep,True,10.0,0.8971916339584242,12090.0,8.271298593879239,1.940107453214582,0.5141528143367108,27733,29013575000.0
388210,16587,14.684287812041115,26.0,7.366482504603811,L,shallow,L-shallow,True,100.0,0.8174777754179435,137150.0,7.291286912139992,2.697413637185748,0.35298727919455,16587,17746139000.0
388610,758,49.751256095457066,47.0,14.492757005474255,H,shallow,H-shallow,True,10.0,0.6070474281897128,10100.0,9.900990099009901,6.211081794195251,0.03562005277044855,758,135001000.0
388720,13942,9.64785335262904,28.0,4.823926676313928,L,shallow,L-shallow,True,100.0,0.8942747260721283,104650.0,9.555661729574773,1.5325634772629464,0.6815377994548846,13942,7649364000.0
388790,10140,18.570102135561747,3434.0,0.0,M,deep,M-deep,True,10.0,0.9607287249778128,5395.0,18.535681186283597,1.0700128192485947,0.9358051474213588,10141,3736136000.0
388870,24255,18.744142455482663,144.0,13.544018058690988,M,deep,M-deep,True,10.0,0.8400682358833104,10990.0,9.099181073703367,2.65417439703154,0.31803751803751806,24255,19426690000.0
389020,12979,17.84121320249777,108.0,8.88099467140302,L,shallow,L-shallow,True,100.0,0.8612931711145997,57250.0,17.467248908296945,1.7166409861325116,0.5677195685670262,12980,16313791000.0
389030,8128,37.735849056603776,367.0,18.31501831501825,H,deep,H-deep,True,10.0,0.8954824126826851,5325.0,18.779342723004696,2.327632874015748,0.28494094488188976,8128,6051251000.0
389140,6957,21.978021978021978,158.0,10.828370330264736,M,deep,M-deep,True,10.0,0.8057810801014861,9040.0,11.061946902654867,2.42296636964645,0.45099166427134235,6958,2105239000.0
389260,15263,24.72187886279357,198.0,7.656967840734552,M,deep,M-deep,True,50.0,0.5699103094158442,20125.0,24.84472049689441,0.9970123828867195,0.5155605057983359,15263,8633970000.0
389470,21907,11.229646266142618,77.0,5.57724484104849,L,shallow,L-shallow,True,100.0,0.9002754281236315,90550.0,11.043622308117063,1.9052400949424868,0.5157933175095856,21908,26013539000.0
389500,7478,20.26342451874367,86.0,5.117707267143778,M,shallow,M-shallow,True,50.0,0.7582837435758724,49175.0,10.167768174885612,2.262503343139877,0.39756619416956407,7478,3425383000.0
389650,7629,14.378145219266715,42.0,7.147962830593713,L,shallow,L-shallow,True,100.0,0.8591942626743341,70450.0,14.194464158977999,1.6968545216251638,0.5474442988204457,7630,4420453000.0
389680,2759,30.721966205837173,556.0,15.325670498085309,M,deep,M-deep,True,1.0,0.7821755027422304,655.0,15.267175572519085,2.5918811163465025,0.23667995650598042,2759,346488000.0
391710,2962,38.095238095238095,108.0,10.925976509150725,H,deep,H-deep,True,1.0,0.6382382892057027,1831.0,5.461496450027307,9.030722484807562,0.11647535449020932,2962,200326000.0
393210,1656,33.277870216306155,133.0,11.123470522803602,H,deep,H-deep,True,5.0,0.8518262737875998,4505.0,11.098779134295228,3.142512077294686,0.12439613526570048,1656,301975000.0
393890,12173,9.98502246630055,219.0,9.52834683182413,L,deep,L-deep,True,10.0,0.8848973607038123,10145.0,9.857072449482505,1.7245543415756182,0.5985377474739176,12173,5682905000.0
394280,10582,12.99545159194282,133.0,6.568144499179418,L,shallow,L-shallow,True,10.0,0.7512744163887566,15335.0,6.521030322791001,2.189360294812435,0.41538316167438344,10583,3221244000.0
394800,19427,13.577732518669382,138.0,6.768189509306355,L,shallow,L-shallow,True,10.0,0.8646703325206204,14705.0,6.800408024481469,2.339167138518557,0.39537756730323775,19427,7073000000.0
396270,5755,43.7636761487965,350.0,15.255530129671957,H,deep,H-deep,True,5.0,0.7983124053789296,3320.0,15.060240963855422,3.3130646282140375,0.2433981931897151,5756,2360263000.0
396300,3878,26.455026455026452,145.0,13.131976362441566,M,deep,M-deep,True,5.0,0.8714295116493352,3782.5,13.218770654329147,2.51031459515214,0.3720990201134605,3878,760286000.0
396470,2056,29.806259314456035,26.0,14.635933170605298,M,shallow,M-shallow,True,10.0,0.8061839193508729,6725.0,14.869888475836431,2.6712062256809337,0.28647859922178986,2056,226351000.0
397030,24012,15.49186676994578,121.0,7.462686567164534,L,shallow,L-shallow,True,100.0,0.9853767453561995,65450.0,15.278838808250573,1.3104281192736964,0.7733216724970848,24012,19797624000.0
397810,690,78.92659826361485,84.0,23.866348448686736,H,shallow,H-shallow,True,10.0,0.7935578330893118,6255.0,15.987210231814547,4.610144927536232,0.10869565217391304,690,45172000.0
398120,2444,61.38735420503376,118.0,19.05972045743276,H,deep,H-deep,True,5.0,0.6472297157086533,4017.5,12.445550715619166,5.811374795417349,0.0662847790507365,2444,522566000.0
399720,9373,16.680567139282736,61.0,8.244023083263663,L,shallow,L-shallow,True,100.0,0.9396663602444169,60550.0,16.515276630883566,1.5042671218263282,0.6408150202688286,9374,3912208000.0
402030,5123,24.30133657351154,37.0,12.716174974567451,M,shallow,M-shallow,True,10.0,0.5117443395521458,19570.0,5.10986203372509,7.133515518251024,0.20710521178996683,5123,1637726000.0
402340,52146,18.231540565177756,445.0,0.0,L,deep,L-deep,True,1000.0,0.9960105349090344,549500.0,18.198362147406733,1.0683452547605807,0.9413964369954168,52147,254137731000.0
402490,30711,7.6190476190476195,214.0,7.401924500369805,L,deep,L-deep,True,10.0,0.8711375240368676,13405.0,7.459903021260724,1.9862268820005209,0.5382912216723105,30712,25131573000.0
403490,1852,30.48780487804878,253.0,7.695267410543494,M,deep,M-deep,True,1.0,0.7595576187875478,1302.5,7.677543186180422,4.611231101511879,0.2203023758099352,1852,122604000.0
403550,4519,17.969451931716083,12.0,4.593477262287982,L,shallow,L-shallow,True,10.0,0.6965080071174378,11075.0,9.029345372460496,2.549236556760345,0.4556317769418013,4519,215559000.0
403850,4270,22.111663902708678,34.0,8.214676889375383,M,shallow,M-shallow,True,10.0,0.6818112887082588,18145.0,5.5111600992008825,12.856005619292906,0.14212128307188013,4271,637838000.0
403870,57328,11.554015020219525,1089.0,0.0,L,deep,L-deep,True,50.0,0.9979269470308388,43325.0,11.54068090017311,1.0350265140943344,0.9679039910689367,57328,66434085000.0
405000,1318,188.4422854072046,16.0,58.746736292427656,H,shallow,H-shallow,True,10.0,0.5712886799843322,7735.0,12.92824822236587,17.06980273141123,0.0629742033383915,1318,97730000.0
405100,4800,17.610801291458763,58.0,11.283497884344573,L,shallow,L-shallow,True,10.0,0.681030851847952,17005.0,5.8806233460746835,3.8766666666666665,0.30604166666666666,4800,1323707000.0
405920,392,82.47422680412372,6.0,40.60913705583813,H,shallow,H-shallow,True,5.0,0.6073298429319371,2422.5,20.639834881320947,4.224489795918367,0.18622448979591838,392,23099000.0
406820,2038,24.84472049689441,125.5,12.376237623761277,M,shallow,M-shallow,True,5.0,0.7369402985074627,2030.0,24.63054187192118,1.8032384690873404,0.5260058881256133,2038,137195000.0
407400,1336,59.20663114268798,59.0,11.86943620178127,H,shallow,H-shallow,True,5.0,0.719449715370019,4225.0,11.834319526627219,5.467065868263473,0.08682634730538923,1336,141624000.0
408900,2409,41.84100418410041,204.0,20.639834881320816,H,deep,H-deep,True,5.0,0.8863054607508533,2405.0,20.79002079002079,2.482772934827729,0.2146118721461187,2409,461322000.0
408920,1762,30.959752321981426,83.5,15.29051987767538,M,shallow,M-shallow,True,5.0,0.8773435246610903,3267.5,15.30221882172915,2.486379114642452,0.32349602724177073,1762,235431000.0
411080,1705,32.414910858995135,113.0,8.103727714748876,M,shallow,M-shallow,True,10.0,0.9098871733966746,6205.0,16.116035455278002,2.563049853372434,0.2785923753665689,1705,250613000.0
412350,11104,20.2020202020202,374.0,10.116337885685,M,deep,M-deep,True,5.0,0.7605731270136589,4922.5,10.15744032503809,2.428545700135074,0.4026114362899595,11105,4433977000.0
413390,2720,37.290242386575514,136.0,12.610340479193294,H,deep,H-deep,True,10.0,0.7909942496753849,8015.0,12.476606363069244,3.113193678794561,0.16685042263873576,2721,825354000.0
413630,4630,25.348542458808616,332.0,6.459948320414188,M,deep,M-deep,True,5.0,0.9059610303830912,3890.0,12.853470437017993,1.9626349892008639,0.48552915766738663,4630,881107000.0
413640,1515,47.11425206124852,29.0,23.446658851113966,H,shallow,H-shallow,True,10.0,0.6822062269835956,8550.0,11.695906432748538,4.846965699208443,0.05343007915567282,1516,349749000.0
415380,731,48.426150121065376,100.0,24.47980416156681,H,shallow,H-shallow,True,5.0,0.9367132867132867,2032.5,24.600246002460025,1.9138166894664843,0.4801641586867305,731,53303000.0
416180,3193,28.490028490028493,51.0,13.917884481559062,M,shallow,M-shallow,True,50.0,0.809343635494663,35250.0,14.184397163120568,2.410898841215158,0.3025367992483558,3193,987418000.0
417010,6876,18.99335232668566,127.0,9.438414346389923,M,shallow,M-shallow,True,10.0,0.8057286321653716,10700.0,9.345794392523365,2.924520069808028,0.2873763816172193,6876,2248643000.0
417180,1007,49.68944099378882,34.0,6.216972334474047,H,shallow,H-shallow,True,1.0,0.5437310414560161,1616.5,6.186204763377668,9.131082423038729,0.05461767626613704,1007,56567000.0
417200,87863,23.28288707799767,3176.0,0.0,M,deep,M-deep,True,50.0,0.9999294110867811,21525.0,23.228803716608596,1.0263250742633419,0.9738115019974278,87863,156288071000.0
417500,38197,19.36108422071636,572.0,9.615384615384581,M,deep,M-deep,True,10.0,0.8758897450621653,5265.0,18.99335232668566,1.4652206921828368,0.6041415780930939,38198,25692737000.0
417790,1309,39.656311962987445,60.0,6.61375661375696,H,shallow,H-shallow,True,10.0,0.8607656432180334,7605.0,13.149243918474689,5.073338426279602,0.22841864018334607,1309,134841000.0
417840,12605,14.825796886582653,568.0,7.331378299120228,L,deep,L-deep,True,10.0,0.9200024089613361,6815.0,14.67351430667645,1.5795319317731058,0.6308607695358984,12605,7307393000.0
417860,1118,43.29004329004329,14.0,21.633315305571443,H,shallow,H-shallow,True,10.0,0.8109452736318408,9155.0,10.922992900054615,4.438282647584973,0.18246869409660108,1118,92882000.0
417970,2388,27.64722145424385,25.0,8.275862068964912,M,shallow,M-shallow,True,10.0,0.6390532544378699,18140.0,5.512679162072767,5.71608040201005,0.12311557788944724,2388,534440000.0
418420,4632,33.222591362126245,244.0,16.064257028112205,H,deep,H-deep,True,10.0,0.8928960557855742,6075.0,16.46090534979424,2.4601769911504423,0.3073602417440104,4633,1664171000.0
418470,1805,24.281667341157423,43.0,8.045052292839916,M,shallow,M-shallow,True,10.0,0.7694086322869955,12420.0,8.051529790660226,3.5639889196675902,0.2409972299168975,1805,203638000.0
418550,3509,26.350461133069828,136.0,13.029315960912946,M,shallow,M-shallow,True,10.0,0.9087256027554536,7575.0,13.201320132013201,2.2222855514391564,0.35651182673126247,3509,593416000.0
418620,1781,46.54771140418929,76.0,15.503875968991832,H,shallow,H-shallow,True,1.0,0.6171158256880734,1293.0,7.733952049497294,8.456485120718698,0.13756316676024705,1781,90694000.0
419050,1691,37.87878787878788,178.0,9.52986022871638,H,deep,H-deep,True,1.0,0.6202053760193295,1565.0,6.389776357827476,6.331756357185098,0.12123004139562389,1691,238107000.0
419080,1789,37.38317757009346,47.0,18.7090739008422,H,shallow,H-shallow,True,10.0,0.8489819004524887,5355.0,18.674136321195146,2.518725544997205,0.3359418669647848,1789,166901000.0
419120,1534,24.84472049689441,208.0,12.315270935960854,M,deep,M-deep,True,5.0,0.8262796922047507,4065.0,12.300123001230013,2.9368078175895764,0.2944625407166124,1535,360110000.0
419530,5928,14.958863126402393,50.0,7.479431563200967,L,shallow,L-shallow,True,50.0,0.8282458974576992,33675.0,14.847809948032664,1.793353576248313,0.5382928475033738,5928,1991909000.0
419540,970,73.22177735141666,156.0,16.11170784103111,H,deep,H-deep,True,1.0,0.6717527386541471,938.5,10.655301012253595,8.219587628865979,0.023711340206185566,970,40790000.0
420570,745,65.83278472679395,17.0,19.633507853402676,H,shallow,H-shallow,True,10.0,0.5318243703199456,7630.0,13.106159895150721,6.94496644295302,0.12751677852348994,745,77352000.0
420770,10709,28.735632183908045,45.0,7.490636704119424,M,shallow,M-shallow,True,100.0,0.8673090481786134,69000.0,14.492753623188406,1.980765639589169,0.4174603174603175,10710,7237717000.0
424760,597,76.99711260827719,90.0,33.914728682170605,H,shallow,H-shallow,True,1.0,0.7010178117048346,1039.0,9.624639076034649,9.641541038525963,0.04355108877721943,597,46032000.0
424870,14216,11.95457262402869,330.0,5.934718100890635,L,deep,L-deep,True,10.0,0.9183660802950773,8395.0,11.911852293031567,1.3268148564997186,0.75583849184018,14216,6351736000.0
424960,2439,43.956043956043956,85.0,14.705882352941124,H,shallow,H-shallow,True,10.0,0.8759589467136637,6765.0,14.781966001478196,2.8585485854858548,0.24149241492414925,2439,332775000.0
424980,2240,43.44677769732078,44.5,17.652251212006977,H,shallow,H-shallow,True,10.0,0.6550583221175414,14015.0,7.135212272565108,7.191964285714286,0.049553571428571426,2240,659466000.0
425040,37338,20.964360587002098,163.0,10.31459515213995,M,deep,M-deep,True,10.0,0.8951612903225806,9660.0,10.351966873706004,2.6826021747281588,0.3258342707161605,37338,33480721000.0
425420,27057,34.36426116838488,110.0,8.650519031141446,H,deep,H-deep,True,100.0,0.9872367343901168,57850.0,17.28608470181504,1.9281886387995713,0.38840226189156224,27057,20986840000.0
429270,6732,43.956043956043956,92.0,22.014309301046087,H,shallow,H-shallow,True,5.0,0.730423620025674,4360.0,11.46788990825688,4.09194890077243,0.21390374331550802,6732,1725404000.0
430690,2277,26.143790849673202,44.0,13.22751322751392,M,shallow,M-shallow,True,5.0,0.7001767565178966,3815.0,13.106159895150721,3.0816505706760315,0.38279192273924495,2278,107607000.0
431190,12542,34.32495402557288,112.0,16.997167138810276,H,deep,H-deep,True,5.0,0.71646732607706,4437.5,11.267605633802818,4.006059639610907,0.2200605963961091,12542,5593041000.0
432430,2016,30.075187969924812,85.0,14.94768310911776,M,shallow,M-shallow,True,5.0,0.8611460165870822,3357.5,14.892032762472077,2.8081308874566187,0.2771442736737729,2017,169598000.0
432470,3590,27.45367192862045,43.0,10.384215991692258,M,shallow,M-shallow,True,10.0,0.6961729270021262,14550.0,6.872852233676976,4.7259052924791085,0.2203342618384401,3590,1114539000.0
432720,25520,13.531799729364007,157.0,6.798096532971698,L,shallow,L-shallow,True,10.0,0.8590681441754081,14685.0,6.809669731018045,2.396888836644332,0.4367775557384115,25521,18194037000.0
432980,346,83.56545961002786,108.0,28.03083391730854,H,deep,H-deep,True,5.0,0.8414264036418816,3582.5,13.956734124214933,6.410404624277457,0.17052023121387283,346,24836000.0
434480,2045,53.90835579514825,43.0,13.633265167007913,H,shallow,H-shallow,True,5.0,0.8187684365781711,3672.5,13.614703880190605,3.819559902200489,0.1823960880195599,2045,128511000.0
435570,1596,55.60704355885079,35.0,13.755158184318717,H,shallow,H-shallow,True,10.0,0.7476220672162334,10875.0,9.195402298850574,6.319548872180451,0.10338345864661654,1596,274999000.0
437730,14339,10.38961038961039,246.0,0.0,L,deep,L-deep,True,50.0,0.9523860133914337,48275.0,10.357327809425167,1.208089260808926,0.8375871687587169,14340,8947739000.0
438700,1212,48.97959183673469,62.5,24.232633279483995,H,shallow,H-shallow,True,5.0,0.6190725975660931,3107.5,16.090104585679807,4.0272277227722775,0.19884488448844884,1212,133692000.0
439090,1961,16.736401673640167,60.0,8.37170364169082,L,shallow,L-shallow,True,10.0,0.7820231958762887,11905.0,8.399832003359933,2.534931157572667,0.4140744518103009,1961,226337000.0
439260,21934,10.251153254741158,86.0,5.015045135405849,L,shallow,L-shallow,True,100.0,0.9498996493494509,99150.0,10.085728693898135,1.5817717594492318,0.6099940728582501,21933,20366473000.0
439580,6479,27.51031636863824,354.0,0.0,M,deep,M-deep,True,5.0,0.9371905187109343,3650.0,13.698630136986301,2.729433554560889,0.26238617070535575,6479,628871000.0
440110,33182,14.524328249818446,464.0,0.0,L,deep,L-deep,True,100.0,0.9938015274129632,68900.0,14.513788098693759,1.2286713075972637,0.8141216888165627,33183,70144120000.0
440290,1486,24.1254523522316,495.0,11.862396204033177,M,deep,M-deep,True,5.0,0.9453524004085802,2110.0,23.696682464454977,1.8795423956931359,0.5195154777927322,1486,107690000.0
440320,828,43.07250538406317,63.0,14.367816091953589,H,shallow,H-shallow,True,5.0,0.7313731527093597,3472.5,14.398848092152628,3.143719806763285,0.20652173913043478,828,65570000.0
441270,19261,18.214936247723134,213.0,8.944543828264262,L,deep,L-deep,True,10.0,0.8927879581151833,10965.0,9.119927040583676,2.4723015419760137,0.37697938840143297,19261,10092722000.0
443060,17165,5.957700327673518,131.0,0.0,L,shallow,L-shallow,True,100.0,0.8755081001472754,168350.0,5.94000594000594,1.452199242644917,0.7683076026798719,17165,20169939000.0
443250,6032,10.0150225338007,117.0,9.779951100243878,L,shallow,L-shallow,True,10.0,0.9178760313094986,10035.0,9.965122072745391,2.3775899220951433,0.5610807226918614,6033,1359327000.0
443670,2170,21.36752136752137,88.0,10.655301012254537,M,shallow,M-shallow,True,5.0,0.7083528037383178,4702.5,10.63264221158958,3.108294930875576,0.30737327188940095,2170,324892000.0
444530,6095,60.86427267194157,42.0,12.610340479193294,H,shallow,H-shallow,True,10.0,0.7506795156906351,8135.0,12.292562999385371,4.983100902378999,0.09138638228055783,6095,1301975000.0
445090,2956,17.873100983020553,74.0,8.912655971480277,L,shallow,L-shallow,True,50.0,0.8273147355810372,28150.0,17.761989342806395,1.6036523503550897,0.6323977003719986,2957,981530000.0
445180,3350,20.898641588296762,62.0,15.128593040847349,M,shallow,M-shallow,True,10.0,0.7723948122455135,9555.0,10.465724751439037,2.5671641791044775,0.4008955223880597,3350,924024000.0
445680,10209,22.05071664829107,43.0,5.649717514124575,M,shallow,M-shallow,True,100.0,0.8930298544288181,90050.0,11.10494169905608,2.0002938295788444,0.4484818805093046,10210,7975836000.0
446070,536,67.91171477079796,104.0,25.252525252524862,H,shallow,H-shallow,True,5.0,0.5865384615384616,2947.5,16.963528413910094,4.367537313432836,0.2798507462686567,536,21811000.0
446540,2430,26.350461133069828,92.0,13.127667971247202,M,shallow,M-shallow,True,5.0,0.8275434243176178,3805.0,13.140604467805518,2.9242798353909465,0.29876543209876544,2430,468923000.0
446840,1326,41.4651002073255,16.0,10.380622837370401,H,shallow,H-shallow,True,1.0,0.7435361216730038,1445.5,6.918021445866483,8.315987933634993,0.13197586726998492,1326,58388000.0
448280,3131,33.277870216306155,34.0,12.47401247401192,H,shallow,H-shallow,True,10.0,0.7735635894125242,12000.0,8.333333333333334,4.090386458000639,0.19610348131587352,3131,634359000.0
448710,12011,23.781212841854934,122.0,11.834319526626835,M,shallow,M-shallow,True,50.0,0.9747158018373254,21325.0,23.446658851113714,1.5373792873792873,0.5811688311688312,12012,8235238000.0
448900,30343,9.029345372460496,38.0,4.502476361998298,L,shallow,L-shallow,True,100.0,0.8881212252300218,111350.0,8.98069151324652,1.5716969317470257,0.7148930560590581,30343,29337810000.0
450080,46941,16.06425702811245,512.0,0.0,L,deep,L-deep,True,100.0,0.998929393789408,62250.0,16.06425702811245,1.04465179693658,0.9561364265780448,46941,44505077000.0
450330,726,32.2061191626409,35.0,24.02886928628667,M,shallow,M-shallow,True,10.0,0.7671378091872791,6240.0,16.025641025641026,2.9008264462809916,0.23829201101928374,726,52651000.0
450520,1269,35.39823008849557,124.0,25.79535683576939,H,deep,H-deep,True,5.0,0.7413312076524512,2872.5,17.40644038294169,2.7383766745468874,0.26635145784081954,1269,254722000.0
450950,2884,34.51251078515962,48.0,8.635578583764403,H,shallow,H-shallow,True,10.0,0.7196597685022799,11575.0,8.639308855291576,4.607625649913345,0.14280762564991334,2885,473108000.0
451220,2271,41.30524576621231,62.0,12.43265644426006,H,shallow,H-shallow,True,10.0,0.7198083778966132,12135.0,8.240626287597857,5.271686481726112,0.0977542932628798,2271,589915000.0
451250,1021,35.31489111241907,117.0,11.70275014628408,H,deep,H-deep,True,10.0,0.7999254843517138,8500.0,11.76470588235294,3.2135161606268365,0.19882468168462292,1021,109993000.0
451700,1166,22.547914317925592,1901.0,22.00220022002153,M,deep,M-deep,True,5.0,0.8733232366940719,2255.0,22.172949002217294,1.7744425385934819,0.5034305317324185,1166,317325000.0
451760,14336,10.95290251916758,65.0,5.575689991635935,L,shallow,L-shallow,True,10.0,0.8095267374042583,18075.0,5.532503457814661,2.6544363839285716,0.44168526785714285,14336,8071529000.0
452160,770,54.200542005420054,24.0,36.199095022624306,H,shallow,H-shallow,True,10.0,0.7033730158730159,5525.0,18.099547511312217,3.914285714285714,0.3077922077922078,770,71994000.0
452190,2818,23.752969121140143,238.0,11.785503830288313,M,deep,M-deep,True,5.0,0.7938675022381378,4212.5,11.869436201780415,2.377927608232789,0.37366926898509584,2818,416470000.0
452200,1316,42.82655246252677,310.0,10.71811361200492,H,deep,H-deep,True,5.0,0.9312992125984252,2332.5,21.436227224008576,2.204407294832827,0.33206686930091184,1316,45625000.0
452260,17998,19.10219675262655,2886.5,0.0,M,deep,M-deep,True,5.0,0.9704127090863243,2627.5,19.029495718363464,1.2299144349372153,0.81497944216024,17998,8981824000.0
452280,22430,12.391573729863692,162.0,6.14062020264039,L,deep,L-deep,True,10.0,0.7937826884325402,16475.0,6.0698027314112295,3.529044625741162,0.3611519771744461,22431,19954682000.0
452300,2417,31.645569620253163,187.0,7.993605115906854,M,deep,M-deep,True,5.0,0.8573076116586287,3160.0,15.822784810126581,2.370707488622259,0.32519652461729415,2417,419441000.0
452400,1265,44.84304932735426,66.0,5.614823133071045,H,shallow,H-shallow,True,10.0,0.6964499401675309,8940.0,11.185682326621924,4.464822134387352,0.09644268774703557,1265,131500000.0
452430,4854,30.03003003003003,46.0,14.641288433381305,M,shallow,M-shallow,True,50.0,0.7910576320735018,35125.0,14.234875444839858,3.0840543881334983,0.27894519983518745,4854,3167454000.0
452450,3604,35.97122302158274,130.0,9.165902841430373,H,deep,H-deep,True,10.0,0.864646110721794,5485.0,18.231540565177756,1.8743411927877947,0.4366158113730929,3605,591304000.0
453340,6405,6.31911532385466,56.0,6.267627702915002,L,shallow,L-shallow,True,10.0,0.872820452403393,15910.0,6.285355122564425,1.9686182669789227,0.5185011709601873,6405,1018091000.0
453450,3543,21.401819154628143,57.0,10.495932826030119,M,shallow,M-shallow,True,10.0,0.6944009118107992,18765.0,5.329070077271516,5.189669771380187,0.20462884561106406,3543,1545123000.0
453860,1002,88.28526991921268,9.0,17.421602787457413,H,shallow,H-shallow,True,10.0,0.6001272264631043,14605.0,6.846970215679561,13.042871385842473,0.03988035892323031,1003,74604000.0
454910,26435,11.409013120365088,298.0,0.0,L,deep,L-deep,True,100.0,0.9917346274599893,87650.0,11.409013120365088,1.0770161900438795,0.9392873354516569,26436,18018316000.0
455180,1296,48.97959183673469,81.0,24.42002846518576,H,shallow,H-shallow,True,5.0,0.7443623639191291,3067.5,16.299918500407497,3.2708333333333335,0.21450617283950618,1296,139228000.0
455900,6637,18.298261665141812,75.0,9.107468123861207,L,shallow,L-shallow,True,50.0,0.9038137540205238,27475.0,18.198362147406733,1.556727437095073,0.5909296368841344,6637,1615295000.0
456010,9161,6.7727734507280735,50.0,3.400204012240504,L,shallow,L-shallow,True,10.0,0.847086311159978,14820.0,6.747638326585695,1.9105992795546338,0.5822508459775134,9161,2208913000.0
456040,3983,23.4192037470726,28.0,5.903187721369996,M,shallow,M-shallow,True,100.0,0.874065627771443,84950.0,11.771630370806356,1.8413256339442632,0.48455937735375343,3983,1702882000.0
456070,4413,18.98133502056311,28.0,6.453694740238269,M,shallow,M-shallow,True,10.0,0.7731449771689498,15615.0,6.404098623118795,3.5084976206662133,0.27124405166553367,4413,1415108000.0
456160,135197,10.13684744044602,150.0,4.816955684008306,L,shallow,L-shallow,True,100.0,0.9784311665703717,100450.0,9.955201592832255,1.2609136229825886,0.802578440509475,135198,465979473000.0
457190,35360,11.29305477131564,154.0,0.0,L,shallow,L-shallow,True,100.0,0.9665543723413367,88650.0,11.280315848843768,1.1684671945701357,0.8582861990950226,35360,32602651000.0
457370,1583,34.82298316889147,80.0,11.709601873535203,H,shallow,H-shallow,True,10.0,0.8319528512265053,8560.0,11.682242990654204,3.0448515476942513,0.246367656348705,1583,274853000.0
457550,22483,17.196904557179707,219.0,8.298755186721962,L,deep,L-deep,True,50.0,0.9624381894256371,29575.0,16.9061707523246,1.466376089663761,0.662159758050169,22484,22892501000.0
457600,2587,45.04504504504504,109.0,33.78378378378288,H,deep,H-deep,True,5.0,0.7549930097862991,2232.5,22.396416573348265,2.436412833397758,0.3289524545805953,2587,536079000.0
458350,19724,12.39925604463732,30.0,8.979347500748247,L,shallow,L-shallow,True,10.0,0.7653053366532331,16475.0,6.0698027314112295,3.1108294463597645,0.33106874873250863,19724,8160202000.0
458650,2191,32.733224222585925,50.0,8.183306055646877,H,shallow,H-shallow,True,10.0,0.8397627821280516,12225.0,8.1799591002045,4.349155636695572,0.11364673664993154,2191,579446000.0
458870,19021,11.990407673860911,28.0,5.964807634953884,L,shallow,L-shallow,True,100.0,0.7644298048741848,168450.0,5.936479667557139,3.0485753338239934,0.34985805908947537,19022,23514603000.0
459100,1025,33.840947546531304,102.0,16.99235344095218,H,shallow,H-shallow,True,10.0,0.8319712729073799,5935.0,16.849199663016005,2.7736585365853657,0.26634146341463416,1025,173661000.0
459510,3663,22.246941045606228,81.0,11.049723756906271,M,shallow,M-shallow,True,50.0,0.9228012802671862,22675.0,22.05071664829107,1.6429156429156428,0.5495495495495496,3663,1096937000.0
459550,2288,31.796502384737682,233.0,15.835312747427,M,deep,M-deep,True,5.0,0.8971769694264673,3147.5,15.885623510722795,2.3435314685314683,0.3277972027972028,2288,588959000.0
460470,996,43.25883201153569,82.0,21.676300578035157,H,shallow,H-shallow,True,5.0,0.6707065497679217,3467.5,14.419610670511895,3.535606820461384,0.19257773319959878,997,168411000.0
460850,1805,17.559262510974538,204.0,8.718395815170421,L,deep,L-deep,True,10.0,0.8569627346595685,5735.0,17.436791630340018,1.5047091412742382,0.6803324099722992,1805,236542000.0
460860,6856,11.0803324099723,154.0,5.538632382670605,L,shallow,L-shallow,True,10.0,0.9280051622418879,9090.0,11.001100110011,1.8240956826137689,0.5081680280046674,6856,1506674000.0
460870,2304,30.581039755351682,86.0,15.19756838905817,M,shallow,M-shallow,True,5.0,0.821945602105725,3282.5,15.232292460015232,2.51171875,0.3667534722222222,2304,390228000.0
460930,6941,11.217049915872126,67.0,5.57724484104849,L,shallow,L-shallow,True,10.0,0.7891075732125904,17855.0,5.600672080649678,2.660279498631321,0.39893387120011525,6941,2679673000.0
460940,2210,36.51856360316494,130.0,6.180469715698633,H,deep,H-deep,True,10.0,0.8600459242250287,8185.0,12.217470983506415,2.841628959276018,0.21402714932126696,2210,358126000.0
461030,1631,29.455081001472752,33.0,7.396449704142327,M,shallow,M-shallow,True,10.0,0.7897392114250232,6795.0,14.716703458425313,2.483752299202943,0.36174126302881665,1631,257709000.0
461300,4044,17.958695001496558,37.0,9.003601440575881,L,shallow,L-shallow,True,10.0,0.6922718808193669,16805.0,5.950609937518595,4.873392680514343,0.318001978239367,4044,856204000.0
462020,3212,23.894862604540023,27.0,0.0,M,shallow,M-shallow,True,5.0,0.7361016371077762,2092.5,23.894862604540023,1.0168119551681196,0.9831880448318805,3212,155163000.0
462310,671,74.53416149068323,21.0,18.77346683354153,H,shallow,H-shallow,True,5.0,0.5613135914958238,3972.5,12.586532410320958,6.18628912071535,0.10283159463487332,671,58361000.0
462350,12392,16.150740242261104,84.0,5.414185165132368,L,shallow,L-shallow,True,10.0,0.7542811346021182,18465.0,5.415651232060655,3.40526145900581,0.32698515171078113,12392,5486910000.0
462510,3848,38.61003861003861,100.0,19.36108422071703,H,shallow,H-shallow,True,10.0,0.8731259863229879,5250.0,19.047619047619047,2.3500519750519753,0.3217255717255717,3848,552417000.0
462520,832,21.810250817884405,11.0,10.869565217390686,M,shallow,M-shallow,True,10.0,0.604633555420957,13810.0,7.24112961622013,5.907563025210084,0.1752701080432173,833,36218000.0
462860,5131,13.689253935660506,431.0,6.8166325835039565,L,deep,L-deep,True,5.0,0.9426519771788314,3665.0,13.642564802182811,1.725448168355417,0.5623538581449727,5132,740865000.0
462870,5917,16.59751037344398,110.0,8.064516129032695,L,shallow,L-shallow,True,50.0,0.9561580803302657,30275.0,16.515276630883566,1.3611017235552552,0.7411287597161204,5918,1675496000.0
462980,2671,22.753128555176335,100.0,11.376564277588708,M,shallow,M-shallow,True,5.0,0.9681395789872937,2240.0,22.32142857142857,1.526020217147136,0.5821789591913141,2671,273456000.0
463020,9343,7.312614259597806,127.0,7.26216412490821,L,shallow,L-shallow,True,10.0,0.7514832353581538,13815.0,7.238508867173362,2.2442470298619286,0.5885689821256556,9343,3356912000.0
463480,1556,41.06776180698152,61.0,13.87925052047212,H,shallow,H-shallow,True,10.0,0.7964680989583334,7280.0,13.736263736263737,3.038560411311054,0.2667095115681234,1556,120027000.0
464080,10853,13.03780964797914,109.0,6.424670735625249,L,shallow,L-shallow,True,10.0,0.8152791358197141,15400.0,6.4935064935064934,2.7535470794177264,0.33895338124193847,10854,3605604000.0
464280,1542,41.60167531655566,48.0,10.422094841062712,H,shallow,H-shallow,True,10.0,0.6791571006887505,9615.0,10.400416016640667,4.284695201037613,0.20363164721141375,1542,224149000.0
464490,7809,12.5,76.0,6.30119722747402,L,shallow,L-shallow,True,10.0,0.7808311855670103,15945.0,6.271558482282847,2.6310667178896145,0.44269432705852224,7809,4303262000.0
464500,1403,30.303030303030305,261.0,15.105740181269312,M,deep,M-deep,True,5.0,0.6940647482014388,3316.25,15.077271013946476,2.6396011396011394,0.29772079772079774,1404,224368000.0
464580,1504,46.403712296983755,130.5,23.06805074971163,H,deep,H-deep,True,5.0,0.8371428571428572,2155.0,23.201856148491878,2.434840425531915,0.4228723404255319,1504,133197000.0
465480,749,39.603960396039604,47.0,19.723865877712132,H,shallow,H-shallow,True,10.0,0.738014854827819,5055.0,19.782393669634025,2.3497997329773033,0.24833110814419226,749,36176000.0
465770,53461,25.09410288582183,262.0,12.682308180088642,M,deep,M-deep,True,10.0,0.9209514759671859,7770.0,12.87001287001287,2.0979387228311697,0.4622535632785904,53462,44628254000.0
466100,19734,18.298261665141812,225.0,0.0,L,deep,L-deep,True,100.0,0.9931412806364687,54850.0,18.231540565177756,1.1229350359785142,0.8838046011959055,19734,11122481000.0
466410,629,44.11116012351125,65.0,17.61338617349173,H,shallow,H-shallow,True,10.0,0.7733224222585925,11460.0,8.726003490401396,6.155802861685214,0.07472178060413355,629,147976000.0
466910,1250,13.726835964310226,68.0,13.596193065941176,L,shallow,L-shallow,True,5.0,0.8774979184013322,3677.5,13.596193065941536,2.0096,0.5584,1250,302077000.0
468530,31193,11.191941801902631,89.0,5.599104143336753,L,shallow,L-shallow,True,100.0,0.9533461669120145,89750.0,11.142061281337048,1.5048406744886837,0.6664422645380522,31194,41629234000.0
468760,292,23.894862604540023,3758.0,0.0,M,deep,M-deep,True,5.0,0.7075045207956601,2092.5,23.894862604540023,1.0410958904109588,0.9726027397260274,292,8089000.0
469610,5671,24.84472049689441,65.0,12.210012210012167,M,shallow,M-shallow,True,50.0,0.9204707560627675,20375.0,24.539877300613497,1.5543995767942163,0.548580497266796,5671,1331067000.0
469750,1770,44.26737494466578,313.0,13.169446883231073,H,deep,H-deep,True,1.0,0.7910234419668382,1129.5,8.853474988933156,5.640112994350282,0.09943502824858758,1770,104869000.0
469880,3301,24.067388688327316,929.0,0.0,M,deep,M-deep,True,5.0,0.44319387600424437,2077.5,24.067388688327316,1.001514692517419,0.998485307482581,3301,159637000.0
471820,969,49.92511233150275,93.0,15.082956259426794,H,shallow,H-shallow,True,5.0,0.5497121925693355,4977.5,10.045203415369162,5.57172342621259,0.06191950464396285,969,98463000.0
472220,3235,23.121387283236995,27.0,0.0,M,shallow,M-shallow,True,5.0,0.6281922303049063,2162.5,23.121387283236995,1.0445131375579597,0.9789799072642967,3235,64816000.0
472230,3264,24.30133657351154,39.0,0.0,M,shallow,M-shallow,True,5.0,0.8504157247404115,2057.5,24.30133657351154,1.0189950980392157,0.9886642156862745,3264,45549000.0
472850,1807,37.3134328358209,97.0,18.604651162790198,H,shallow,H-shallow,True,10.0,0.8465782122905028,5385.0,18.570102135561747,2.4875484228002214,0.19258439402324296,1807,229883000.0
473980,5470,27.255382938130282,50.0,10.699480122892124,M,shallow,M-shallow,True,10.0,0.7039600772698004,18295.0,5.4659743099207425,5.404496435752148,0.18150246755620544,5471,1027946000.0
474170,9552,18.87385970430953,97.0,6.3512226103523695,M,shallow,M-shallow,True,10.0,0.7717029922423347,15990.0,6.253908692933083,3.6777638190954773,0.25690954773869346,9552,4481101000.0
474610,99887,9.59232613908873,300.0,8.631851532152623,L,deep,L-deep,True,10.0,0.9062101618512437,11330.0,8.8261253309797,2.0099011883428273,0.5156727101624836,99887,157730329000.0
474650,10294,30.76923076923077,75.0,7.911392405063333,M,shallow,M-shallow,True,100.0,0.8913245583989823,64250.0,15.564202334630352,1.9707625060709082,0.4261291889266634,10295,6812669000.0
475150,82429,13.131976362442547,461.0,0.0,L,deep,L-deep,True,50.0,0.9961781874039939,38175.0,13.097576948264571,1.14155384092784,0.8834134032125006,82428,108870184000.0
475230,6033,22.396416573348265,149.0,11.148272017836858,M,deep,M-deep,True,50.0,0.8805199133477754,22675.0,22.05071664829107,1.618929222608984,0.5605834576495939,6033,3285046000.0
475400,16297,12.961762799740765,82.0,6.565988181220783,L,shallow,L-shallow,True,50.0,0.8719144860823628,39250.0,12.738853503184712,1.6013376695097257,0.6112781493526416,16297,12045232000.0
475430,2334,35.19061583577712,100.0,5.913660555884048,H,shallow,H-shallow,True,5.0,0.8410273081924577,4247.5,11.771630370806356,3.6469580119965723,0.22664952870608399,2334,133189000.0
475460,1663,49.75124378109452,55.0,12.523481527864089,H,shallow,H-shallow,True,10.0,0.784597875569044,7990.0,12.51564455569462,4.106434155141311,0.08298256163559832,1663,244763000.0
475560,1272,23.121387283236995,212.0,11.520737327188613,M,deep,M-deep,True,50.0,0.9850221149979895,21675.0,23.06805074971165,1.3294025157232705,0.7130503144654088,1272,178279000.0
475580,24080,16.474464579901152,208.0,8.233841086866533,L,deep,L-deep,True,10.0,0.8654915736210429,12070.0,8.285004142502071,2.3625830564784054,0.4045265780730897,24080,21676590000.0
475660,1024,51.150895140664964,105.0,25.79535683576939,H,shallow,H-shallow,True,10.0,0.8057759048091224,5870.0,17.035775127768314,3.4873046875,0.1279296875,1024,294601000.0
475830,25314,7.659900421294523,54.0,7.145409986725193,L,shallow,L-shallow,True,100.0,0.9056746632661193,132450.0,7.550018875047187,1.6746069368728767,0.6325748597613968,25314,39214726000.0
475960,9168,18.99335232668566,128.0,9.33706816059754,M,shallow,M-shallow,True,100.0,0.9453854178104755,53000.0,18.867924528301888,1.3663830715532286,0.6699389179755671,9168,4161939000.0
476040,6150,37.243947858473,84.0,9.3545369504211,H,shallow,H-shallow,True,50.0,0.9074498567335244,26925.0,18.570102135561747,2.1902439024390246,0.30634146341463414,6150,2689085000.0
476060,27931,20.42900919305414,344.0,10.010010010010895,M,deep,M-deep,True,50.0,0.981939597683299,24725.0,20.222446916076848,1.3731920378061004,0.7136975511957612,27932,31578104000.0
476080,11946,39.447731755424066,55.0,13.995801259623075,H,shallow,H-shallow,True,10.0,0.8578802039082413,7405.0,13.50438892640108,3.0349070818684076,0.26577934036497575,11946,5290254000.0
476830,43004,5.289605924358636,41.0,5.1746442432087925,L,shallow,L-shallow,True,100.0,0.8840145573415802,191750.0,5.215123859191656,1.8291594000697593,0.6082781071968376,43005,87361225000.0
477470,304,118.34319526627219,44.0,11.778563015312216,H,shallow,H-shallow,True,5.0,0.80375,2112.5,23.668639053254438,4.546052631578948,0.11842105263157894,304,40452000.0
478340,13571,11.940298507462687,81.0,5.963029218842841,L,shallow,L-shallow,True,50.0,0.9238754325259516,42425.0,11.785503830288745,1.6938549955791335,0.5789124668435013,13572,9533343000.0
478390,3473,24.1254523522316,27.0,0.0,M,shallow,M-shallow,True,5.0,0.49934952298352125,2072.5,24.1254523522316,1.0285056147422977,0.9804203858335733,3473,46627000.0
478560,1098,29.455081001472752,103.0,14.760147601475815,M,shallow,M-shallow,True,5.0,0.8749424758398527,3387.5,14.760147601476014,2.0136612021857925,0.43169398907103823,1098,159046000.0
479880,205,47.961630695443645,41.0,0.0,H,shallow,H-shallow,True,5.0,0.7397435897435898,2082.5,24.009603841536613,1.6536585365853658,0.43414634146341463,205,4671000.0
479960,821,64.034151547492,29.0,26.455026455026733,H,shallow,H-shallow,True,10.0,0.6548727498448169,9430.0,10.604453870625663,6.7222898903775885,0.024360535931790498,821,44826000.0
480370,2726,36.798559202686604,89.0,9.345794392523477,H,shallow,H-shallow,True,5.0,0.7678836863619473,2685.0,18.6219739292365,1.6929567131327954,0.4783565663976522,2726,154262000.0
481070,3718,27.137042062415194,13.0,15.760441292356209,M,shallow,M-shallow,True,10.0,0.5551803322977171,19065.0,5.245213742460005,7.001075847229694,0.22081764389456698,3718,587410000.0
482630,4272,21.141649048625794,69.0,7.982969664714901,M,shallow,M-shallow,True,10.0,0.6134674374705049,18935.0,5.281225244256667,4.751404494382022,0.18000936329588016,4272,1691763000.0
482680,3300,24.600246002460025,59.0,0.0,M,shallow,M-shallow,True,5.0,0.8524552894816612,2032.5,24.600246002460025,1.0024242424242424,0.9975757575757576,3300,68557000.0
482690,3381,23.121387283236995,81.0,0.0,M,shallow,M-shallow,True,5.0,0.8047118091569121,2162.5,23.121387283236995,1.0331262939958592,0.9781129843241645,3381,58677000.0
483650,9422,6.823609689525759,31.0,3.4036759700484254,L,shallow,L-shallow,True,100.0,0.8403391737662755,147050.0,6.800408024481469,1.5125238802801952,0.7082360433029081,9422,5012132000.0
484120,2209,43.29004329004329,32.0,21.528525296017342,H,shallow,H-shallow,True,50.0,0.86366226071103,23275.0,21.482277121374864,2.4694431869624265,0.2612041647804436,2209,720750000.0
484590,16953,7.487832272557095,179.0,3.7425149700598404,L,deep,L-deep,True,10.0,0.9542685664681055,13420.0,7.451564828614009,1.578860445912469,0.6455703668750737,16954,7486012000.0
484810,3375,18.650917003419334,30.0,9.208103130755596,M,shallow,M-shallow,True,10.0,0.7250602772754672,16075.0,6.2208398133748055,3.8367407407407406,0.2408888888888889,3375,860003000.0
484870,10728,15.360983102918587,16.0,7.750436252999537,L,shallow,L-shallow,True,100.0,0.8253998207293485,130250.0,7.677543186180422,2.6276099925428786,0.40193885160328113,10728,5694387000.0
486990,53749,10.735373054213634,165.0,5.307855626326408,L,deep,L-deep,True,50.0,0.977882346304636,46750.0,10.695187165775401,1.2941077973543693,0.7694096634355988,53749,49968857000.0
487360,305,48.19277108433735,42.0,0.0,H,shallow,H-shallow,True,5.0,0.965702479338843,2075.0,24.096385542168676,2.1508196721311474,0.1377049180327869,305,10787000.0
487570,1709,34.96503496503497,25.0,8.764241893076674,H,shallow,H-shallow,True,100.0,0.9106984314886061,57100.0,17.513134851138354,1.9444119368051491,0.371562317144529,1709,441706000.0
487720,387,47.846889952153106,27.0,0.0,H,shallow,H-shallow,True,5.0,0.5173705722070845,2090.0,23.923444976076553,1.8914728682170543,0.32558139534883723,387,25310000.0
488280,6817,17.905102954341988,33.0,9.014423076922906,L,shallow,L-shallow,True,10.0,0.7137807225347942,16205.0,6.17093489663684,3.481226166031094,0.29612789674391315,6818,1212649000.0
488900,7712,17.196904557179707,56.0,11.344299489506326,L,shallow,L-shallow,True,10.0,0.6702169367485624,17785.0,5.62271577171774,4.0483661825726145,0.2296421161825726,7712,3545986000.0
489210,3485,23.668639053254438,69.0,0.0,M,shallow,M-shallow,True,5.0,0.8094041636755205,2112.5,23.668639053254438,1.1007173601147777,0.9546628407460546,3485,80783000.0
489460,5009,22.3463687150838,108.0,5.561735261401246,M,shallow,M-shallow,True,10.0,0.9195120719264572,9115.0,10.970927043335163,2.7252944699540826,0.24116590137752048,5009,1091164000.0
489500,5186,29.36857562408223,90.0,7.385524372229835,M,shallow,M-shallow,True,50.0,0.8550950755728913,34100.0,14.662756598240469,2.2078673351330504,0.3405322020825299,5186,1946396000.0
489790,40802,12.779552715654953,170.0,0.0,L,deep,L-deep,True,100.0,0.9894387540513125,78500.0,12.738853503184712,1.1827806778913315,0.8519716687498469,40803,47933754000.0
490470,9956,20.855057351407716,315.0,10.030090270812808,M,deep,M-deep,True,50.0,0.9518639849662248,24100.0,20.74688796680498,1.4801124949779028,0.6459421454399357,9956,5525966000.0
491000,35147,11.926058437686343,141.0,0.0,L,shallow,L-shallow,True,100.0,0.9346773151935248,84250.0,11.869436201780415,1.2489473085239557,0.8162057585068851,35148,41716713000.0
492220,3521,24.42002442002442,65.0,0.0,M,shallow,M-shallow,True,5.0,0.7642796248934356,2047.5,24.42002442002442,1.0908832717977848,0.955978415222948,3521,92708000.0
493330,1284,47.765267826680315,50.0,10.200612036722623,H,shallow,H-shallow,True,10.0,0.6635985748218527,14685.0,6.809669731018045,9.674454828660435,0.06542056074766354,1284,287500000.0
494120,9311,28.328611898016998,58.0,7.2306579898773204,M,shallow,M-shallow,True,100.0,0.8702749606811649,70150.0,14.255167498218105,1.9730426377403072,0.36462248952851467,9311,5297200000.0
499790,9788,29.985007496251875,44.0,9.881422924902239,M,shallow,M-shallow,True,100.0,0.8785552931512476,51150.0,19.550342130987293,1.6400040862192256,0.48462560016344874,9789,5793269000.0
